country_code,indicator_code,date,frequency,source_count,min_value,max_value,absolute_diff,relative_diff,status
DE,CPI_YOY_A,2015,A,2,0.514426137125456,0.697,0.1825738628745439,0.30141971892362507,warning
DE,CPI_YOY_A,2016,A,2,0.341,0.491747008445174,0.15074700844517397,0.36204755325782423,warning
DE,CPI_YOY_A,2020,A,2,0.144877925813981,0.365,0.22012207418601898,0.8634304920520377,warning
DE,CPI_YOY_A,2022,A,2,6.87257438551096,8.673,1.8004256144890398,0.23163191913540382,warning
ES,CPI_YOY_A,2015,A,2,-0.631,-0.500365709903242,0.13063429009675798,0.23093203011770655,warning
ES,CPI_YOY_A,2016,A,2,-0.335,-0.202598000426452,0.132401999573548,0.49256879478167526,warning
FR,CPI_YOY_A,2015,A,2,0.0375143805125181,0.084,0.04648561948748191,0.7651048261352585,warning
FR,CPI_YOY_A,2016,A,2,0.183334861123764,0.311,0.127665138876236,0.516512788865494,warning
FR,CPI_YOY_A,2019,A,2,1.10825492288293,1.298,0.18974507711707012,0.15770987131300027,warning
FR,CPI_YOY_A,2021,A,2,1.64233141038393,2.068,0.4256685896160701,0.2294504412327004,warning
GB,CPI_YOY_A,2015,A,2,0.04,0.36804684232536,0.32804684232536,1.607888155467155,warning
GB,CPI_YOY_A,2016,A,2,0.66,1.0084173681141,0.34841736811409996,0.4176621207293406,warning
GB,CPI_YOY_A,2020,A,2,0.851,0.989486703772491,0.13848670377249106,0.15048921949681185,warning
GB,CPI_YOY_A,2024,A,2,2.53,3.2715729463592,0.7415729463592,0.25564547863681597,warning
IN,CPI_YOY_A,2018,A,2,3.387,3.9388264669163,0.5518264669163,0.15065234466264482,warning
IN,CPI_YOY_A,2019,A,2,3.72950573539129,4.806,1.07649426460871,0.25223912864241327,warning
IT,CPI_YOY_A,2015,A,2,0.0387903996579733,0.156,0.11720960034202671,1.2034432964646264,warning
IT,CPI_YOY_A,2016,A,2,-0.09401665691575,-0.062,0.032016656915749994,0.4104261371661001,warning
IT,CPI_YOY_A,2020,A,2,-0.171,-0.13770757391651,0.03329242608349001,0.21568907857436592,warning
SA,CPI_YOY_A,2016,A,2,2.05347076823965,2.918,0.8645292317603501,0.3477961641787835,warning
SA,CPI_YOY_A,2019,A,2,-2.037,-1.19298644533328,0.84401355466672,0.522611205310883,warning
DE,CPI_YOY_M,2015-01,M,2,-0.5,-0.2832861,0.21671390000000001,0.5533454506597271,warning
DE,CPI_YOY_M,2015-02,M,2,-0.2,-0.04656311,0.15343689000000002,1.244605407516153,warning
DE,CPI_YOY_M,2015-03,M,2,0.1747867,0.3,0.1252133,0.5274507478832073,warning
DE,CPI_YOY_M,2015-05,M,2,1.162551,1.6,0.4374490000000002,0.31669931161451875,warning
DE,CPI_YOY_M,2015-06,M,2,0.8781202,1.1,0.22187980000000007,0.22433399143287658,warning
DE,CPI_YOY_M,2015-07,M,2,0.7956734,1.3,0.5043266000000001,0.48130266863147675,warning
DE,CPI_YOY_M,2015-08,M,2,0.7956734,1.1,0.3043266000000001,0.32107492778028124,warning
DE,CPI_YOY_M,2015-09,M,2,0.5952844,0.8,0.2047156,0.2934392443576378,warning
DE,CPI_YOY_M,2015-10,M,2,0.8781202,1.2,0.32187979999999994,0.30977977116049393,warning
DE,CPI_YOY_M,2016-01,M,2,0.4,0.5076142,0.1076142,0.23713643968990347,warning
DE,CPI_YOY_M,2016-02,M,2,-0.1,0.1008065,0.2008065,2.0,warning
DE,CPI_YOY_M,2016-03,M,2,0.1,0.3009027,0.20090270000000002,1.0022516685470064,warning
DE,CPI_YOY_M,2016-04,M,2,-0.3,-0.0998004,0.20019959999999998,1.0014977473759406,warning
DE,CPI_YOY_M,2016-05,M,2,-0.1,0.1992032,0.2992032,2.0,warning
DE,CPI_YOY_M,2016-06,M,2,0.1,0.2988048,0.19880479999999998,0.997003045098755,warning
DE,CPI_YOY_M,2016-07,M,2,0.3,0.4970179,0.19701790000000002,0.49438764173301514,warning
DE,CPI_YOY_M,2016-08,M,2,0.3,0.3976143,0.09761429999999999,0.2798517748274369,warning
DE,CPI_YOY_M,2017-04,M,2,1.698302,2.0,0.301698,0.16315487485878655,warning
DE,CPI_YOY_M,2017-06,M,2,1.390268,1.7,0.3097319999999999,0.20045640054519537,warning
DE,CPI_YOY_M,2017-07,M,2,1.384768,1.7,0.31523199999999996,0.20437971348250497,warning
DE,CPI_YOY_M,2017-08,M,2,1.584158,1.9,0.31584199999999996,0.18130176645261206,warning
DE,CPI_YOY_M,2017-10,M,2,1.284585,1.5,0.2154149999999999,0.15471964404031474,warning
DE,CPI_YOY_M,2018-05,M,2,2.062868,2.5,0.4371320000000001,0.19160405253888566,warning
DE,CPI_YOY_M,2018-07,M,2,1.853659,2.2,0.34634100000000023,0.17087821151211793,warning
DE,CPI_YOY_M,2019-01,M,2,1.372549,1.7,0.32745099999999994,0.2131461532427961,warning
DE,CPI_YOY_M,2019-07,M,2,1.1,1.724138,0.6241379999999999,0.4420024800487794,warning
DE,CPI_YOY_M,2019-08,M,2,1.0,1.435407,0.4354070000000001,0.35756405397537255,warning
DE,CPI_YOY_M,2019-09,M,2,0.9,1.241643,0.34164300000000003,0.31904757235449605,warning
DE,CPI_YOY_M,2019-10,M,2,0.9,1.143947,0.24394700000000002,0.23870188414865945,warning
DE,CPI_YOY_M,2020-04,M,2,0.6012024,0.8,0.19879760000000002,0.283752868250868,warning
DE,CPI_YOY_M,2020-05,M,2,0.4103083,0.5,0.08969169999999999,0.1970578539160853,warning
DE,CPI_YOY_M,2020-06,M,2,0.225048,0.8,0.574952,1.121805027666997,warning
DE,CPI_YOY_M,2020-07,M,2,-1.040877,0.0,1.040877,2.0,warning
DE,CPI_YOY_M,2020-08,M,2,-0.8541611,-0.1,0.7541611,1.580783580466653,warning
DE,CPI_YOY_M,2020-09,M,2,-0.8541611,-0.4,0.4541611,0.7242468292151621,warning
DE,CPI_YOY_M,2020-10,M,2,-0.7489059,-0.5,0.2489059,0.3985983251420303,warning
DE,CPI_YOY_M,2020-11,M,2,-0.7,-0.195072,0.5049279999999999,1.1282399628186335,warning
DE,CPI_YOY_M,2020-12,M,2,-0.7,-0.5671077,0.13289229999999996,0.20975691332315313,warning
DE,CPI_YOY_M,2021-01,M,2,1.202405,1.6,0.39759500000000014,0.2837527052656558,warning
DE,CPI_YOY_M,2021-07,M,2,3.1,3.711133,0.6111329999999997,0.17945120143741128,warning
DE,CPI_YOY_M,2021-11,M,2,4.814443,6.0,1.1855570000000002,0.21925438046138856,warning
DE,CPI_YOY_M,2022-01,M,2,4.158416,5.1,0.9415839999999998,0.20340066810564567,warning
DE,CPI_YOY_M,2022-02,M,2,4.330709,5.5,1.1692910000000003,0.237885385479318,warning
DE,CPI_YOY_M,2022-03,M,2,5.876592,7.6,1.723408,0.25576317810912436,warning
DE,CPI_YOY_M,2022-04,M,2,6.25,7.8,1.5499999999999998,0.22064056939501775,warning
DE,CPI_YOY_M,2022-05,M,2,7.017544,8.7,1.6824559999999993,0.21408637379987602,warning
DE,CPI_YOY_M,2022-06,M,2,6.705539,8.2,1.4944609999999994,0.2005242480664402,warning
DE,CPI_YOY_M,2022-07,M,2,6.673114,8.5,1.826886,0.2408056777270638,warning
DE,CPI_YOY_M,2022-08,M,2,6.956522,8.8,1.843478000000001,0.23399554800228134,warning
DE,CPI_YOY_M,2022-09,M,2,8.574182,10.9,2.325818,0.23886168877337186,warning
DE,CPI_YOY_M,2022-10,M,2,8.820709,11.6,2.779290999999999,0.2722031835427456,warning
DE,CPI_YOY_M,2022-11,M,2,8.803827,11.3,2.4961730000000006,0.24832814170157755,warning
DE,CPI_YOY_M,2022-12,M,2,8.118434,9.6,1.481565999999999,0.16723441812069836,warning
DE,CPI_YOY_M,2023-10,M,2,3.0,3.788546,0.7885460000000002,0.23231661095026834,warning
DE,CPI_YOY_M,2023-11,M,2,2.3,3.166227,0.8662270000000003,0.31693780737609334,warning
DE,CPI_YOY_M,2024-05,M,2,2.403434,2.8,0.396566,0.1524247256715469,warning
DE,CPI_YOY_M,2024-10,M,2,2.037351,2.4,0.3626489999999998,0.1634529249545505,warning
DE,CPI_YOY_M,2025-01,M,2,2.295918,2.8,0.5040819999999999,0.1978375633202889,warning
ES,CPI_YOY_M,2015-03,M,2,-0.8,-0.66388,0.13612000000000002,0.18597152772085146,warning
ES,CPI_YOY_M,2015-05,M,2,-0.3,-0.1832724,0.11672759999999999,0.48307165896500603,warning
ES,CPI_YOY_M,2015-06,M,2,0.0,0.05613158,0.05613158,2.0,warning
ES,CPI_YOY_M,2015-07,M,2,0.0,0.06842504,0.06842504,2.0,warning
ES,CPI_YOY_M,2015-08,M,2,-0.5,-0.4216437,0.07835629999999999,0.1700359911319309,warning
ES,CPI_YOY_M,2015-09,M,2,-1.1,-0.879306,0.22069400000000006,0.22300139543860326,warning
ES,CPI_YOY_M,2015-10,M,2,-0.9,-0.7065488,0.19345120000000005,0.2408282898098085,warning
ES,CPI_YOY_M,2015-11,M,2,-0.4,-0.2738999,0.12610010000000005,0.37423985372308277,warning
ES,CPI_YOY_M,2015-12,M,2,-0.1,0.01815347,0.11815347000000001,2.0,warning
ES,CPI_YOY_M,2016-01,M,2,-0.4,-0.2876027,0.11239730000000003,0.3269251269664882,warning
ES,CPI_YOY_M,2016-02,M,2,-1.0,-0.8437036,0.1562964,0.16954612444212833,warning
ES,CPI_YOY_M,2016-03,M,2,-1.0,-0.840508,0.15949199999999997,0.17331302010097208,warning
ES,CPI_YOY_M,2016-07,M,2,-0.7,-0.5940362,0.10596379999999994,0.1637725436119947,warning
ES,CPI_YOY_M,2016-08,M,2,-0.3,-0.1339965,0.1660035,0.7649992569064497,warning
ES,CPI_YOY_M,2016-09,M,2,0.0,0.1784965,0.1784965,2.0,warning
ES,CPI_YOY_M,2016-10,M,2,0.5,0.6784551,0.17845509999999998,0.3028627904448799,warning
ES,CPI_YOY_M,2016-11,M,2,0.5,0.675985,0.17598499999999995,0.2992980352640552,warning
ES,CPI_YOY_M,2017-08,M,2,1.619776,2.0,0.3802239999999999,0.21008150780600784,warning
ES,CPI_YOY_M,2018-01,M,2,0.5749981,0.7,0.1250019,0.1960817039648922,warning
ES,CPI_YOY_M,2019-06,M,2,0.4285626,0.6,0.17143739999999996,0.3333533612830176,warning
ES,CPI_YOY_M,2019-08,M,2,0.3276757,0.4,0.07232430000000001,0.19878168255446763,warning
ES,CPI_YOY_M,2019-09,M,2,0.0835241,0.2,0.11647590000000001,0.8216296251359232,warning
ES,CPI_YOY_M,2019-10,M,2,0.1287356,0.2,0.0712644,0.43356667181771613,warning
ES,CPI_YOY_M,2019-11,M,2,0.408109,0.5,0.091891,0.20237878933035572,warning
ES,CPI_YOY_M,2020-02,M,2,0.730897,0.9,0.169103,0.2073742241232892,warning
ES,CPI_YOY_M,2020-03,M,2,-0.01758578,0.1,0.11758578,2.0,warning
ES,CPI_YOY_M,2020-09,M,2,-0.6,-0.3698781,0.2301219,0.47453777954157333,warning
ES,CPI_YOY_M,2021-02,M,2,-0.1,-0.01649076,0.08350924000000001,1.4337487368096837,warning
ES,CPI_YOY_M,2023-06,M,2,1.6,1.892679,0.2926789999999999,0.16759570518790873,warning
FR,CPI_YOY_M,2015-03,M,2,-0.0698324,0.0,0.0698324,2.0,warning
FR,CPI_YOY_M,2015-04,M,2,0.07984032,0.1,0.02015968,0.22419533061329072,warning
FR,CPI_YOY_M,2015-07,M,2,0.1702383,0.2,0.029761700000000002,0.1607705091558599,warning
FR,CPI_YOY_M,2015-08,M,2,0.04985045,0.1,0.05014955000000001,0.6693279866693762,warning
FR,CPI_YOY_M,2015-09,M,2,0.03002402,0.1,0.06997598000000001,1.0763546612387465,warning
FR,CPI_YOY_M,2015-10,M,2,0.06003001,0.2,0.13996999000000002,1.0765679699816186,warning
FR,CPI_YOY_M,2015-11,M,2,0.0400882,0.1,0.05991180000000001,0.8553439904288871,warning
FR,CPI_YOY_M,2015-12,M,2,0.1802524,0.3,0.11974759999999998,0.4986861075551105,warning
FR,CPI_YOY_M,2016-01,M,2,0.2225369,0.3,0.07746309999999998,0.2964885350680497,warning
FR,CPI_YOY_M,2016-02,M,2,-0.1909164,-0.1,0.09091640000000001,0.6250345460070316,warning
FR,CPI_YOY_M,2016-03,M,2,-0.1497454,-0.1,0.049745399999999995,0.3983688988866261,warning
FR,CPI_YOY_M,2016-04,M,2,-0.1894695,-0.1,0.08946950000000001,0.6181618443393863,warning
FR,CPI_YOY_M,2016-05,M,2,-0.01989654,0.1,0.11989654000000001,2.0,warning
FR,CPI_YOY_M,2016-06,M,2,0.1891677,0.3,0.1108323,0.45314643628350765,warning
FR,CPI_YOY_M,2016-07,M,2,0.219934,0.4,0.18006600000000003,0.5809199043769177,warning
FR,CPI_YOY_M,2016-08,M,2,0.2291978,0.4,0.17080220000000002,0.5429205251512322,warning
FR,CPI_YOY_M,2016-09,M,2,0.3901951,0.5,0.10980489999999998,0.24669850463117576,warning
FR,CPI_YOY_M,2016-10,M,2,0.359964,0.5,0.140036,0.32567874934299573,warning
FR,CPI_YOY_M,2016-11,M,2,0.5309557,0.7,0.16904429999999993,0.2746553754940164,warning
FR,CPI_YOY_M,2016-12,M,2,0.6097561,0.8,0.19024390000000002,0.2698961898444703,warning
FR,CPI_YOY_M,2017-01,M,2,1.34235,1.6,0.25765000000000016,0.1751321222832091,warning
FR,CPI_YOY_M,2017-03,M,2,1.14977,1.4,0.25022999999999995,0.19627652690242647,warning
FR,CPI_YOY_M,2017-04,M,2,1.168948,1.4,0.2310519999999998,0.17988063596460482,warning
FR,CPI_YOY_M,2017-06,M,2,0.6856802,0.8,0.11431980000000008,0.1538955691810392,warning
FR,CPI_YOY_M,2018-11,M,2,1.891067,2.2,0.3089330000000001,0.15102808142716806,warning
FR,CPI_YOY_M,2018-12,M,2,1.590574,1.9,0.309426,0.17729233071695372,warning
FR,CPI_YOY_M,2019-02,M,2,1.317342,1.6,0.2826580000000001,0.19377776071506192,warning
FR,CPI_YOY_M,2019-03,M,2,1.109489,1.3,0.1905110000000001,0.15813394458327065,warning
FR,CPI_YOY_M,2019-04,M,2,1.263117,1.5,0.23688299999999995,0.17146070904706529,warning
FR,CPI_YOY_M,2019-05,M,2,0.9384675,1.1,0.16153250000000008,0.1584842534894474,warning
FR,CPI_YOY_M,2019-06,M,2,1.170552,1.4,0.22944799999999987,0.17852041118016665,warning
FR,CPI_YOY_M,2019-07,M,2,1.065066,1.3,0.23493399999999998,0.1986701428205386,warning
FR,CPI_YOY_M,2019-08,M,2,1.040663,1.3,0.25933700000000015,0.22159277093712348,warning
FR,CPI_YOY_M,2019-09,M,2,0.9076864,1.1,0.19231360000000008,0.19157733000532365,warning
FR,CPI_YOY_M,2019-10,M,2,0.7620334,0.9,0.13796660000000005,0.16602145299847773,warning
FR,CPI_YOY_M,2020-03,M,2,0.6737896,0.8,0.12621040000000006,0.17127329436983416,warning
FR,CPI_YOY_M,2020-04,M,2,0.326233,0.4,0.07376700000000003,0.20314967785820812,warning
FR,CPI_YOY_M,2020-09,M,2,0.0,0.04784689,0.04784689,2.0,warning
FR,CPI_YOY_M,2020-10,M,2,0.04786521,0.1,0.05213479000000001,0.7051664147367729,warning
FR,CPI_YOY_M,2020-12,M,2,-0.01905125,0.0,0.01905125,2.0,warning
FR,CPI_YOY_M,2021-01,M,2,0.5548115,0.8,0.24518850000000003,0.3619521977780673,warning
FR,CPI_YOY_M,2021-02,M,2,0.5644313,0.8,0.23556870000000008,0.3452994665249911,warning
FR,CPI_YOY_M,2021-03,M,2,1.109093,1.4,0.2909069999999998,0.23188219806918262,warning
FR,CPI_YOY_M,2021-04,M,2,1.243305,1.6,0.356695,0.2509016795595267,warning
FR,CPI_YOY_M,2021-05,M,2,1.422978,1.8,0.37702199999999997,0.23395877973724918,warning
FR,CPI_YOY_M,2021-06,M,2,1.479149,1.9,0.42085099999999986,0.2490869742648222,warning
FR,CPI_YOY_M,2021-07,M,2,1.150299,1.5,0.34970100000000004,0.2638955076389495,warning
FR,CPI_YOY_M,2021-08,M,2,1.865068,2.4,0.534932,0.25084336287252634,warning
FR,CPI_YOY_M,2021-09,M,2,2.161645,2.7,0.5383550000000001,0.22147030480423813,warning
FR,CPI_YOY_M,2021-10,M,2,2.621759,3.2,0.5782410000000002,0.198648209243976,warning
FR,CPI_YOY_M,2021-11,M,2,2.778574,3.4,0.621426,0.20115515327646805,warning
FR,CPI_YOY_M,2021-12,M,2,2.75343,3.4,0.6465700000000001,0.21014946135732432,warning
FR,CPI_YOY_M,2023-01,M,2,5.993341,7.0,1.006659,0.1549499855348982,warning
FR,CPI_YOY_M,2023-02,M,2,6.278686,7.3,1.0213139999999994,0.15042898848975508,warning
FR,CPI_YOY_M,2023-03,M,2,5.701873,6.7,0.9981270000000002,0.1609639124670927,warning
FR,CPI_YOY_M,2023-04,M,2,5.884473,6.9,1.0155270000000005,0.15886880906236817,warning
FR,CPI_YOY_M,2023-05,M,2,5.119943,6.0,0.8800569999999999,0.15828444444364506,warning
FR,CPI_YOY_M,2023-06,M,2,4.53132,5.3,0.7686799999999998,0.15637371177013867,warning
FR,CPI_YOY_M,2023-07,M,2,4.288119,5.1,0.8118809999999996,0.17295924774707258,warning
FR,CPI_YOY_M,2023-08,M,2,4.859764,5.7,0.840236,0.15913916257976976,warning
FR,CPI_YOY_M,2023-09,M,2,4.896221,5.7,0.8037790000000005,0.15171050131929117,warning
FR,CPI_YOY_M,2024-07,M,2,2.302268,2.7,0.397732,0.15902066822489316,warning
FR,CPI_YOY_M,2024-08,M,2,1.825217,2.2,0.3747830000000001,0.18621753808552435,warning
FR,CPI_YOY_M,2024-09,M,2,1.099273,1.4,0.30072699999999997,0.24065158147989435,warning
FR,CPI_YOY_M,2024-10,M,2,1.232796,1.6,0.3672040000000001,0.25925198990679177,warning
FR,CPI_YOY_M,2024-11,M,2,1.260255,1.7,0.43974500000000005,0.29709940528772016,warning
FR,CPI_YOY_M,2024-12,M,2,1.317679,1.8,0.482321,0.30941030170200334,warning
FR,CPI_YOY_M,2025-03,M,2,0.7616975,0.9,0.1383025,0.16645929839817414,warning
FR,CPI_YOY_M,2025-10,M,2,0.8,0.9425306,0.14253059999999995,0.16359035531427676,warning
IT,CPI_YOY_M,2015-02,M,2,-0.09319665,0.1,0.19319665000000003,2.0,warning
IT,CPI_YOY_M,2015-03,M,2,-0.09310987,0.0,0.09310987,2.0,warning
IT,CPI_YOY_M,2015-05,M,2,0.09302326,0.2,0.10697674000000001,0.7301586911564633,warning
IT,CPI_YOY_M,2015-07,M,2,0.1860465,0.4,0.21395350000000002,0.7301587843285473,warning
IT,CPI_YOY_M,2015-08,M,2,0.185701,0.3,0.11429899999999998,0.47065581499729253,warning
IT,CPI_YOY_M,2016-01,M,2,0.2527614,0.4,0.1472386,0.45112532695713925,warning
IT,CPI_YOY_M,2016-02,M,2,-0.3218757,-0.2,0.12187569999999998,0.46706792441188566,warning
IT,CPI_YOY_M,2016-04,M,2,-0.5000473,-0.4,0.10004729999999995,0.22231564941086973,warning
IT,CPI_YOY_M,2016-06,M,2,-0.3780622,-0.2,0.1780622,0.6160658835675469,warning
IT,CPI_YOY_M,2016-07,M,2,-0.2,-0.08593418,0.11406582000000001,0.7978466932494744,warning
IT,CPI_YOY_M,2016-08,M,2,-0.1,-0.07187323,0.02812677000000001,0.3272966941972291,warning
IT,CPI_YOY_M,2016-10,M,2,-0.1857484,-0.1,0.0857484,0.6001671400434788,warning
IT,CPI_YOY_M,2017-08,M,2,1.196411,1.4,0.20358900000000002,0.15682339968518083,warning
IT,CPI_YOY_M,2017-09,M,2,1.098901,1.3,0.20109900000000014,0.1676592739758749,warning
IT,CPI_YOY_M,2017-11,M,2,0.9009009,1.1,0.19909910000000008,0.1990094561904591,warning
IT,CPI_YOY_M,2018-01,M,2,0.8946322,1.2,0.30536779999999997,0.29157176138130597,warning
IT,CPI_YOY_M,2018-04,M,2,0.4930966,0.6,0.10690339999999998,0.1955973515972879,warning
IT,CPI_YOY_M,2018-07,M,2,1.482213,1.9,0.4177869999999999,0.24704949096937412,warning
IT,CPI_YOY_M,2019-06,M,2,0.6835938,0.8,0.11640620000000002,0.15692462451649503,warning
IT,CPI_YOY_M,2019-07,M,2,0.3,0.3894839,0.0894839,0.2595677723584264,warning
IT,CPI_YOY_M,2019-08,M,2,0.3879728,0.5,0.1120272,0.2523212422722858,warning
IT,CPI_YOY_M,2019-09,M,2,0.2,0.2923976,0.09239759999999997,0.3752967114380735,warning
IT,CPI_YOY_M,2020-01,M,2,0.4,0.4882813,0.08828129999999995,0.19876879092242503,warning
IT,CPI_YOY_M,2020-02,M,2,0.2,0.2926829,0.09268290000000001,0.3762375353396678,warning
IT,CPI_YOY_M,2020-04,M,2,0.0,0.1,0.1,2.0,warning
IT,CPI_YOY_M,2020-05,M,2,-0.3,-0.1941748,0.10582519999999998,0.42829055629708346,warning
IT,CPI_YOY_M,2020-06,M,2,-0.4,-0.1939864,0.20601360000000002,0.6936643667262415,warning
IT,CPI_YOY_M,2020-07,M,2,-0.3879728,0.8,1.1879728,2.0,warning
IT,CPI_YOY_M,2020-09,M,2,-1.0,-0.5830904,0.4169096,0.5267034655759393,warning
IT,CPI_YOY_M,2020-10,M,2,-0.6,-0.2918288,0.3081712,0.6910994576537559,warning
IT,CPI_YOY_M,2020-11,M,2,-0.3,-0.1949318,0.1050682,0.4245764770014778,warning
IT,CPI_YOY_M,2020-12,M,2,-0.3,-0.1945525,0.1054475,0.4264360204427235,warning
IT,CPI_YOY_M,2021-01,M,2,0.3887269,0.7,0.31127309999999997,0.571811167704224,warning
IT,CPI_YOY_M,2021-02,M,2,0.5836576,1.0,0.4163424,0.5257985059396678,warning
IT,CPI_YOY_M,2021-03,M,2,0.6,0.7774538,0.1774538,0.2576548120887974,warning
IT,CPI_YOY_M,2021-07,M,2,1.0,1.94742,0.9474199999999999,0.642880892441525,warning
IT,CPI_YOY_M,2021-08,M,2,2.038835,2.5,0.4611649999999998,0.20320853258600488,warning
IT,CPI_YOY_M,2023-12,M,2,0.5,0.5882353,0.08823530000000002,0.16216217209642073,warning
IT,CPI_YOY_M,2024-07,M,2,1.253133,1.6,0.34686700000000004,0.24314814626587686,warning
IN,CURRENT_ACCOUNT_GDP_A,2016,A,2,-0.634,-0.527880606037518,0.10611939396248204,0.18266832824483065,warning
IN,CURRENT_ACCOUNT_GDP_A,2017,A,2,-1.865,-1.43948820320988,0.4255117967901201,0.25753567307445113,warning
IN,CURRENT_ACCOUNT_GDP_A,2019,A,2,-1.04961203910072,-0.884,0.16561203910071998,0.17129810505083787,warning
IN,CURRENT_ACCOUNT_GDP_A,2020,A,2,0.919,1.22362111042791,0.30462111042790996,0.2843443564943436,warning
IN,CURRENT_ACCOUNT_GDP_A,2021,A,2,-1.254,-1.05524166809383,0.1987583319061701,0.17214164688985167,warning
IN,CURRENT_ACCOUNT_GDP_A,2023,A,2,-0.878262847208682,-0.744,0.13426284720868198,0.16552539243526287,warning
IN,CURRENT_ACCOUNT_GDP_A,2024,A,2,-0.818831370412112,-0.61,0.20883137041211197,0.2923107299245251,warning
TR,CURRENT_ACCOUNT_GDP_A,2024,A,2,-0.959,-0.766008235540632,0.19299176445936794,0.22375749922015034,warning
VN,CURRENT_ACCOUNT_GDP_A,2021,A,2,-2.202,-1.26284279203588,0.9391572079641199,0.5421066780419713,warning
BR,GDP_DEFLATOR_INDEX_A,2015,A,2,145.816789372478,502.745,356.928210627522,1.1006760388177392,warning
BR,GDP_DEFLATOR_INDEX_A,2016,A,2,157.63320509311,543.485,385.85179490689,1.1006754413277517,warning
BR,GDP_DEFLATOR_INDEX_A,2017,A,2,163.420526158356,563.439,400.018473841644,1.1006761539078864,warning
BR,GDP_DEFLATOR_INDEX_A,2018,A,2,170.763883600006,588.757,417.99311639999394,1.1006757692264477,warning
BR,GDP_DEFLATOR_INDEX_A,2019,A,2,177.977392089118,613.628,435.65060791088206,1.1006762012096982,warning
BR,GDP_DEFLATOR_INDEX_A,2020,A,2,189.496978121312,653.344,463.84702187868805,1.1006750595173969,warning
BR,GDP_DEFLATOR_INDEX_A,2021,A,2,214.221162127622,738.588,524.366837872378,1.1006754735680069,warning
BR,GDP_DEFLATOR_INDEX_A,2022,A,2,232.580519743001,801.887,569.306480256999,1.1006754091195345,warning
BR,GDP_DEFLATOR_INDEX_A,2023,A,2,244.580514159429,843.262,598.681485840571,1.1006767579830607,warning
BR,GDP_DEFLATOR_INDEX_A,2024,A,2,254.558602989396,877.663,623.104397010604,1.1006756899275305,warning
IN,GDP_DEFLATOR_INDEX_A,2015,A,2,74.187,121.130060189769,46.943060189769,0.4806857132107086,warning
IN,GDP_DEFLATOR_INDEX_A,2016,A,2,76.387,125.052221196612,48.665221196611995,0.48317523178977123,warning
IN,GDP_DEFLATOR_INDEX_A,2017,A,2,79.209,130.015866407506,50.80686640750599,0.485667571736428,warning
IN,GDP_DEFLATOR_INDEX_A,2018,A,2,82.067,135.065995050452,52.998995050451995,0.4881708101353956,warning
IN,GDP_DEFLATOR_INDEX_A,2019,A,2,83.818,138.315030740154,54.49703074015399,0.49067021287710555,warning
IN,GDP_DEFLATOR_INDEX_A,2020,A,2,87.619,144.974702950823,57.355702950823,0.4931836264109837,warning
IN,GDP_DEFLATOR_INDEX_A,2021,A,2,94.685,157.087205592193,62.402205592192985,0.495703689336294,warning
IN,GDP_DEFLATOR_INDEX_A,2022,A,2,100.0,166.350860948164,66.35086094816401,0.49822148659077853,warning
IN,GDP_DEFLATOR_INDEX_A,2023,A,2,103.511,170.662591331842,67.15159133184201,0.4898472606762923,warning
IN,GDP_DEFLATOR_INDEX_A,2024,A,2,106.065,175.922879998853,69.85787999885301,0.4954672519906682,warning
FR,GDP_REAL_GROWTH_YOY_A,2016,A,2,0.735,0.860031075424033,0.12503107542403302,0.15677572349591246,warning
IN,GDP_REAL_GROWTH_YOY_A,2023,A,2,7.21,9.19075493028345,1.9807549302834504,0.24154436045209748,warning
JP,GDP_REAL_GROWTH_YOY_A,2018,A,2,0.643391023533141,0.834,0.19060897646685893,0.25803456692328164,warning
JP,GDP_REAL_GROWTH_YOY_A,2019,A,2,-0.402169200894946,-0.308,0.09416920089494601,0.26520215401139674,warning
JP,GDP_REAL_GROWTH_YOY_A,2021,A,2,2.69657404187188,3.564,0.8674259581281198,0.2771074832201054,warning
JP,GDP_REAL_GROWTH_YOY_A,2022,A,2,0.941998775483285,1.332,0.39000122451671504,0.3430091772444595,warning
JP,GDP_REAL_GROWTH_YOY_A,2023,A,2,0.721,1.47503481053384,0.75403481053384,0.6867239143176784,warning
JP,GDP_REAL_GROWTH_YOY_A,2024,A,2,-0.242,0.104309021773304,0.346309021773304,2.0,warning
SA,GDP_REAL_GROWTH_YOY_A,2024,A,2,1.99650173436159,2.649,0.65249826563841,0.28091616490509386,warning
BR,GDP_REAL_LCU_A,2015,A,2,1192610000000.0,4111863267274.73,2919253267274.73,1.1006760219849498,warning
BR,GDP_REAL_LCU_A,2016,A,2,1153541000000.0,3977162043337.27,2823621043337.27,1.1006760747940865,warning
BR,GDP_REAL_LCU_A,2017,A,2,1168801000000.0,4029774689232.36,2860973689232.36,1.1006759775213821,warning
BR,GDP_REAL_LCU_A,2018,A,2,1189649000000.0,4101652440922.3,2912003440922.3,1.100675693280753,warning
BR,GDP_REAL_LCU_A,2019,A,2,1204172000000.0,4151724504286.11,2947552504286.11,1.1006756765846022,warning
BR,GDP_REAL_LCU_A,2020,A,2,1164715000000.0,4015682506400.87,2850967506400.87,1.1006751906116203,warning
BR,GDP_REAL_LCU_A,2021,A,2,1220185000000.0,4206933577325.81,2986748577325.81,1.1006756291650872,warning
BR,GDP_REAL_LCU_A,2022,A,2,1256994000000.0,4333843905032.94,3076849905032.94,1.1006757689265585,warning
BR,GDP_REAL_LCU_A,2023,A,2,1297740000000.0,4474332186893.53,3176592186893.5303,1.1006765279569863,warning
BR,GDP_REAL_LCU_A,2024,A,2,1342116000000.0,4627323705936.19,3285207705936.1904,1.1006753959401856,warning
IN,GDP_REAL_LCU_A,2015,A,2,113694931359600.0,183696701000000.0,70001769640400.0,0.4707716157645973,warning
IN,GDP_REAL_LCU_A,2016,A,2,123081932232700.0,198863305000000.0,75781372767300.0,0.47077182081451757,warning
IN,GDP_REAL_LCU_A,2017,A,2,131445821447400.0,212376818000000.0,80930996552600.0,0.4707717716475811,warning
IN,GDP_REAL_LCU_A,2018,A,2,139929139362800.0,226083341000000.0,86154201637200.0,0.47077193407067414,warning
IN,GDP_REAL_LCU_A,2019,A,2,145346407754900.0,234835979000000.0,89489571245100.0,0.4707717893453759,warning
IN,GDP_REAL_LCU_A,2020,A,2,136948692443500.0,221267799000000.0,84319106556500.0,0.47077177388858044,warning
IN,GDP_REAL_LCU_A,2021,A,2,150218462664300.0,242707753000000.0,92489290335700.0,0.47077179708833194,warning
IN,GDP_REAL_LCU_A,2022,A,2,161649133752300.0,261176300000000.0,99527166247700.0,0.47077189924201723,warning
IN,GDP_REAL_LCU_A,2023,A,2,176505909482400.0,280007700000000.0,103501790517600.0,0.45344449044991864,warning
IN,GDP_REAL_LCU_A,2024,A,2,187969554439000.0,299886200000000.0,111916645561000.0,0.45881039443593863,warning
ES,GOV_DEBT_GDP_A,2020,A,2,119.179,138.955245532848,19.77624553284801,0.15322450139868365,warning
GB,GOV_DEBT_GDP_A,2015,A,2,87.34,147.063146778865,59.72314677886499,0.5095763226694867,warning
GB,GOV_DEBT_GDP_A,2016,A,2,87.251,155.581504971929,68.330504971929,0.5627788996355977,warning
GB,GOV_DEBT_GDP_A,2017,A,2,86.117,160.141177233502,74.02417723350199,0.6011916279499808,warning
GB,GOV_DEBT_GDP_A,2018,A,2,85.584,156.766820519267,71.18282051926698,0.5874361833539402,warning
GB,GOV_DEBT_GDP_A,2019,A,2,84.937,158.972569875821,74.035569875821,0.6070739242704902,warning
GB,GOV_DEBT_GDP_A,2020,A,2,104.787,194.682828796265,89.895828796265,0.600366515435669,warning
GB,GOV_DEBT_GDP_A,2021,A,2,103.447,183.804848939919,80.357848939919,0.5594940414585563,warning
GB,GOV_DEBT_GDP_A,2022,A,2,97.511,138.215904304967,40.704904304967016,0.3453564575073353,warning
GB,GOV_DEBT_GDP_A,2023,A,2,98.869,136.142431919028,37.27343191902801,0.3172052662686672,warning
GB,GOV_DEBT_GDP_A,2024,A,2,99.901,131.073062954793,31.17206295479299,0.2699182978038022,warning
IN,GOV_DEBT_GDP_A,2015,A,2,49.9647183856551,69.755,19.7902816143449,0.33061022663942696,warning
IN,GOV_DEBT_GDP_A,2016,A,2,47.6337555915272,69.815,22.1812444084728,0.37771782760502853,warning
IN,GOV_DEBT_GDP_A,2017,A,2,47.5836093800197,70.776,23.192390619980294,0.39189704564698247,warning
IN,GOV_DEBT_GDP_A,2018,A,2,46.5224986659322,71.683,25.16050133406781,0.4257077990115408,warning
MX,GOV_DEBT_GDP_A,2019,A,2,41.3273940627237,51.869,10.541605937276302,0.2262234723412478,warning
MX,GOV_DEBT_GDP_A,2020,A,2,45.8373464150183,58.456,12.6186535849817,0.2419838660611739,warning
MX,GOV_DEBT_GDP_A,2021,A,2,44.8609558065004,56.695,11.8340441934996,0.23305465641124173,warning
MX,GOV_DEBT_GDP_A,2022,A,2,43.9694401566719,53.803,9.833559843328096,0.20115197754235578,warning
MX,GOV_DEBT_GDP_A,2023,A,2,45.055380246523,52.753,7.6976197534769994,0.1574020494782837,warning
MX,GOV_DEBT_GDP_A,2024,A,2,49.5702123720928,59.135,9.5647876279072,0.17597661453744068,warning
TR,GOV_DEBT_GDP_A,2022,A,2,29.433,35.3300843740665,5.897084374066502,0.1821125238571222,warning
TR,GOV_DEBT_GDP_A,2023,A,2,28.241,33.2548360254558,5.013836025455802,0.1630626185285247,warning
ZA,GOV_DEBT_GDP_A,2015,A,2,45.195,52.6511572360833,7.4561572360833,0.152405724388196,warning
AR,GOV_EXPENSE_GDP_A,2015,A,2,25.0083932347048,41.366,16.3576067652952,0.49288907869796966,warning
AR,GOV_EXPENSE_GDP_A,2016,A,2,26.1799164832469,41.522,15.3420835167531,0.453224496844179,warning
AR,GOV_EXPENSE_GDP_A,2017,A,2,24.2825320419979,41.121,16.838467958002102,0.5149100494202524,warning
AR,GOV_EXPENSE_GDP_A,2018,A,2,22.6709430512171,38.949,16.278056948782897,0.5283372928551052,warning
AR,GOV_EXPENSE_GDP_A,2019,A,2,22.0364845686943,38.129,16.0925154313057,0.5349417709062735,warning
AR,GOV_EXPENSE_GDP_A,2020,A,2,25.8405452538391,42.479,16.6384547461609,0.48707744421720756,warning
AR,GOV_EXPENSE_GDP_A,2021,A,2,22.8967903877811,37.883,14.986209612218904,0.4931313358142697,warning
AR,GOV_EXPENSE_GDP_A,2022,A,2,21.865226929082,37.643,15.777773070918002,0.5302719938109034,warning
AR,GOV_EXPENSE_GDP_A,2023,A,2,21.00878925888,37.637,16.62821074112,0.5670726219650014,warning
BR,GOV_EXPENSE_GDP_A,2015,A,2,33.9491788064342,46.191,12.241821193565805,0.30551020414201896,warning
BR,GOV_EXPENSE_GDP_A,2016,A,2,33.4051681395528,45.503,12.0978318604472,0.3066306605686655,warning
BR,GOV_EXPENSE_GDP_A,2017,A,2,32.3610510088146,44.297,11.935948991185398,0.31140757778495914,warning
BR,GOV_EXPENSE_GDP_A,2018,A,2,32.2312978931774,44.181,11.949702106822599,0.3127690813206011,warning
BR,GOV_EXPENSE_GDP_A,2019,A,2,31.1361557852699,43.043,11.9068442147301,0.3210293805229446,warning
BR,GOV_EXPENSE_GDP_A,2020,A,2,34.9119748287171,46.178,11.266025171282898,0.2778648086913245,warning
BR,GOV_EXPENSE_GDP_A,2021,A,2,29.498104322117,40.371,10.872895677883001,0.31123615461723314,warning
BR,GOV_EXPENSE_GDP_A,2022,A,2,31.6414358454924,43.445,11.803564154507601,0.31439937244580757,warning
BR,GOV_EXPENSE_GDP_A,2023,A,2,32.4311004876146,45.309,12.877899512385397,0.3313064797089394,warning
DE,GOV_EXPENSE_GDP_A,2015,A,2,27.43650045513,44.486,17.04949954487,0.474107530660912,warning
DE,GOV_EXPENSE_GDP_A,2016,A,2,27.3748517311851,44.731,17.356148268814902,0.48140748225316454,warning
DE,GOV_EXPENSE_GDP_A,2017,A,2,27.5226740191593,44.54,17.0173259808407,0.4722923819428711,warning
DE,GOV_EXPENSE_GDP_A,2018,A,2,27.3644959420855,44.651,17.286504057914502,0.48007734534845725,warning
DE,GOV_EXPENSE_GDP_A,2019,A,2,27.8804335534648,45.533,17.6525664465352,0.48090834584597836,warning
DE,GOV_EXPENSE_GDP_A,2020,A,2,32.1505946585061,51.114,18.963405341493896,0.45549745169045014,warning
DE,GOV_EXPENSE_GDP_A,2021,A,2,32.6685205602959,50.669,18.000479439704094,0.43198980048081675,warning
DE,GOV_EXPENSE_GDP_A,2022,A,2,31.174891399437,48.609,17.434108600563,0.4370332981949793,warning
ES,GOV_EXPENSE_GDP_A,2015,A,2,32.6560648764801,43.683,11.026935123519898,0.28889363896091613,warning
ES,GOV_EXPENSE_GDP_A,2016,A,2,32.4323867041507,42.139,9.706613295849301,0.2603307709526346,warning
ES,GOV_EXPENSE_GDP_A,2017,A,2,31.3619207811122,41.047,9.685079218887797,0.2675106634489197,warning
ES,GOV_EXPENSE_GDP_A,2018,A,2,31.7256136391383,41.522,9.7963863608617,0.26748684016177177,warning
ES,GOV_EXPENSE_GDP_A,2019,A,2,32.1149229088067,42.007,9.8920770911933,0.2669136661056047,warning
ES,GOV_EXPENSE_GDP_A,2020,A,2,40.3694073931071,51.431,11.061592606892894,0.24099223349903048,warning
ES,GOV_EXPENSE_GDP_A,2021,A,2,38.3621185067432,49.493,11.130881493256801,0.2533917586691882,warning
ES,GOV_EXPENSE_GDP_A,2022,A,2,35.3378206987178,46.307,10.969179301282203,0.2687048414683938,warning
ES,GOV_EXPENSE_GDP_A,2023,A,2,34.0441499010857,45.416,11.371850098914294,0.2862277534857486,warning
FR,GOV_EXPENSE_GDP_A,2015,A,2,48.4491880082217,57.595,9.145811991778302,0.17249058460552727,warning
FR,GOV_EXPENSE_GDP_A,2016,A,2,48.1500427991658,57.379,9.228957200834195,0.1749083845742444,warning
FR,GOV_EXPENSE_GDP_A,2017,A,2,48.466341621356,57.665,9.198658378643998,0.17334480537261054,warning
FR,GOV_EXPENSE_GDP_A,2018,A,2,47.1000773214216,56.369,9.268922678578399,0.17916314552192142,warning
FR,GOV_EXPENSE_GDP_A,2019,A,2,45.8897902925031,55.345,9.455209707496898,0.18679763508527955,warning
FR,GOV_EXPENSE_GDP_A,2020,A,2,51.9636314257982,61.697,9.733368574201805,0.1712707109243204,warning
FR,GOV_EXPENSE_GDP_A,2021,A,2,49.9944440065304,59.463,9.4685559934696,0.17300890002336783,warning
FR,GOV_EXPENSE_GDP_A,2022,A,2,48.8603228368138,58.429,9.568677163186202,0.17837147090097835,warning
FR,GOV_EXPENSE_GDP_A,2023,A,2,47.2580360132692,56.833,9.5749639867308,0.18397288284286487,warning
IN,GOV_EXPENSE_GDP_A,2015,A,2,15.1256903622794,27.345,12.219309637720599,0.5754231698843894,warning
IN,GOV_EXPENSE_GDP_A,2016,A,2,15.2719500252316,27.593,12.3210499747684,0.5748776082797651,warning
IN,GOV_EXPENSE_GDP_A,2017,A,2,15.6141099220983,26.649,11.0348900779017,0.5221996250745304,warning
IN,GOV_EXPENSE_GDP_A,2018,A,2,15.6631319151388,26.781,11.117868084861199,0.5238824583379321,warning
IN,GOV_EXPENSE_GDP_A,2022,A,2,13.3335178491336,29.963,16.6294821508664,0.7681671865073173,warning
JP,GOV_EXPENSE_GDP_A,2015,A,2,16.9738508264281,36.583,19.609149173571897,0.7322741673935611,warning
JP,GOV_EXPENSE_GDP_A,2016,A,2,16.7112446327333,36.482,19.7707553672667,0.7433558717379106,warning
JP,GOV_EXPENSE_GDP_A,2017,A,2,16.1953485344611,35.897,19.701651465538898,0.7564124874310666,warning
JP,GOV_EXPENSE_GDP_A,2018,A,2,16.0713191758764,35.954,19.8826808241236,0.7643463274836761,warning
JP,GOV_EXPENSE_GDP_A,2019,A,2,16.4238978704123,36.424,20.0001021295877,0.7568930056075158,warning
JP,GOV_EXPENSE_GDP_A,2020,A,2,23.6059009054084,43.563,19.9570990945916,0.5942362857089617,warning
JP,GOV_EXPENSE_GDP_A,2021,A,2,21.6186499931383,41.35,19.731350006861703,0.6267039235877482,warning
JP,GOV_EXPENSE_GDP_A,2022,A,2,20.9311943137094,40.208,19.276805686290597,0.6305874947379904,warning
MX,GOV_EXPENSE_GDP_A,2015,A,2,20.8689511517254,26.557,5.6880488482745974,0.23987073364442837,warning
MX,GOV_EXPENSE_GDP_A,2016,A,2,20.3281994162596,26.523,6.194800583740399,0.26444576279473037,warning
MX,GOV_EXPENSE_GDP_A,2017,A,2,19.8664920928197,25.018,5.151507907180299,0.22954511311065504,warning
MX,GOV_EXPENSE_GDP_A,2018,A,2,19.8697097098835,24.97,5.100290290116497,0.22748988890052066,warning
MX,GOV_EXPENSE_GDP_A,2019,A,2,19.8103353511537,25.263,5.4526646488463015,0.2419463572582824,warning
MX,GOV_EXPENSE_GDP_A,2020,A,2,21.6980704238964,27.783,6.084929576103601,0.24594979550664467,warning
MX,GOV_EXPENSE_GDP_A,2021,A,2,20.8923836626833,26.684,5.7916163373167,0.24346601786210895,warning
MX,GOV_EXPENSE_GDP_A,2022,A,2,22.3057833165138,28.509,6.2032166834862,0.2441500791156686,warning
MX,GOV_EXPENSE_GDP_A,2023,A,2,22.4106159687135,28.582,6.1713840312865,0.2420501052573161,warning
SA,GOV_EXPENSE_GDP_A,2015,A,2,30.4187125812982,38.507,8.088287418701796,0.23469579394370782,warning
SA,GOV_EXPENSE_GDP_A,2016,A,2,26.940531690074,33.291,6.350468309925997,0.2108685644125015,warning
SA,GOV_EXPENSE_GDP_A,2017,A,2,25.9809738148926,30.931,4.950026185107401,0.17395376941968188,warning
SA,GOV_EXPENSE_GDP_A,2018,A,2,26.7955295916704,32.447,5.651470408329601,0.1907909890844434,warning
SA,GOV_EXPENSE_GDP_A,2019,A,2,26.7097064575879,31.77,5.060293542412101,0.17306152335364586,warning
SA,GOV_EXPENSE_GDP_A,2020,A,2,31.9689061537757,37.386,5.417093846224304,0.15621371714391385,warning
SA,GOV_EXPENSE_GDP_A,2023,A,2,24.2191318731543,28.3,4.080868126845701,0.15540501075691537,warning
US,GOV_EXPENSE_GDP_A,2015,A,2,22.4829063870174,35.031,12.548093612982598,0.43634989870258845,warning
US,GOV_EXPENSE_GDP_A,2016,A,2,22.5475774689178,35.333,12.785422531082197,0.44178628100067047,warning
US,GOV_EXPENSE_GDP_A,2017,A,2,22.2938931566746,35.194,12.900106843325403,0.4487938637155515,warning
US,GOV_EXPENSE_GDP_A,2018,A,2,22.3027770799805,35.349,13.046222920019495,0.4525870174624601,warning
US,GOV_EXPENSE_GDP_A,2019,A,2,22.6817722119359,35.819,13.137227788064102,0.4491300641458444,warning
US,GOV_EXPENSE_GDP_A,2020,A,2,32.2719048246125,44.735,12.463095175387501,0.32368773173711873,warning
US,GOV_EXPENSE_GDP_A,2021,A,2,31.7949992963696,43.223,11.4280007036304,0.30467356663252,warning
US,GOV_EXPENSE_GDP_A,2022,A,2,25.0456420310833,36.797,11.751357968916697,0.38004061867247646,warning
US,GOV_EXPENSE_GDP_A,2023,A,2,24.8982825568771,37.51,12.611717443122899,0.40416806636615726,warning
AR,GOV_NET_LENDING_GDP_A,2015,A,2,-6.001,-3.39011034719535,2.61088965280465,0.5560342826946743,warning
AR,GOV_NET_LENDING_GDP_A,2016,A,2,-6.655,-5.33377782706346,1.3212221729365403,0.22040981858117584,warning
AR,GOV_NET_LENDING_GDP_A,2017,A,2,-6.693,-5.51824569508007,1.1747543049199294,0.192405317893692,warning
AR,GOV_NET_LENDING_GDP_A,2023,A,2,-5.33,-3.59487367618527,1.7351263238147299,0.38882932952757915,warning
AR,GOV_NET_LENDING_GDP_A,2024,A,2,0.0769698346455985,0.458,0.3810301653544015,1.4244921514381181,warning
BR,GOV_NET_LENDING_GDP_A,2021,A,2,-4.53656203172015,-2.631,1.9055620317201503,0.5317183229910136,warning
DE,GOV_NET_LENDING_GDP_A,2015,A,2,0.679066934885634,0.915,0.23593306511436607,0.2960140003547505,warning
DE,GOV_NET_LENDING_GDP_A,2016,A,2,0.736915570494584,1.134,0.3970844295054159,0.42448139912635935,warning
DE,GOV_NET_LENDING_GDP_A,2017,A,2,0.636282630936273,1.337,0.700717369063727,0.7102047705464819,warning
DE,GOV_NET_LENDING_GDP_A,2018,A,2,1.11091050456752,1.883,0.77208949543248,0.5157732632652697,warning
DE,GOV_NET_LENDING_GDP_A,2019,A,2,0.766521168807671,1.327,0.560478831192329,0.5354412838457613,warning
DE,GOV_NET_LENDING_GDP_A,2020,A,2,-4.38,-3.65593267492002,0.7240673250799801,0.18020741446472774,warning
DE,GOV_NET_LENDING_GDP_A,2022,A,2,-2.5662569966837,-1.909,0.6572569966837001,0.2937292750654308,warning
DE,GOV_NET_LENDING_GDP_A,2023,A,2,-2.494,-1.98906930280069,0.5049306971993102,0.2252611606445017,warning
DE,GOV_NET_LENDING_GDP_A,2024,A,2,-2.663,-1.68030732483709,0.9826926751629097,0.4525089300236284,warning
ES,GOV_NET_LENDING_GDP_A,2015,A,2,-5.265,-3.668251293335,1.5967487066649997,0.3574843367176554,warning
ES,GOV_NET_LENDING_GDP_A,2022,A,2,-4.587,-3.16608557683432,1.4209144231656796,0.3665416585652745,warning
ES,GOV_NET_LENDING_GDP_A,2023,A,2,-3.34,-2.26104164816683,1.0789583518331698,0.38527060486554426,warning
GB,GOV_NET_LENDING_GDP_A,2015,A,2,-5.58574202703712,-4.535,1.0507420270371197,0.20764130223458085,warning
GB,GOV_NET_LENDING_GDP_A,2017,A,2,-3.41895135565048,-2.483,0.9359513556504799,0.3171667468097336,warning
GB,GOV_NET_LENDING_GDP_A,2018,A,2,-3.85207125387797,-2.232,1.6200712538779696,0.5325615648716608,warning
GB,GOV_NET_LENDING_GDP_A,2019,A,2,-3.54138398312266,-2.38,1.16138398312266,0.39226774903734607,warning
GB,GOV_NET_LENDING_GDP_A,2021,A,2,-9.17408204070175,-7.537,1.63708204070175,0.19592771272553738,warning
GB,GOV_NET_LENDING_GDP_A,2022,A,2,-5.6017379653763,-4.599,1.0027379653762996,0.19660106333087424,warning
IN,GOV_NET_LENDING_GDP_A,2015,A,2,-7.281,-2.77580962011863,4.50519037988137,0.8959482281276846,warning
IN,GOV_NET_LENDING_GDP_A,2016,A,2,-7.214,-2.41851614428797,4.79548385571203,0.9956866479908733,warning
IN,GOV_NET_LENDING_GDP_A,2017,A,2,-6.326,-2.55426517252434,3.7717348274756595,0.8494644594950741,warning
IN,GOV_NET_LENDING_GDP_A,2018,A,2,-6.457,-2.30328908296065,4.15371091703935,0.9483045314380312,warning
IN,GOV_NET_LENDING_GDP_A,2022,A,2,-9.234,-5.10885108605465,4.12514891394535,0.5752202109880612,warning
MX,GOV_NET_LENDING_GDP_A,2015,A,2,-3.859,-3.11885188192299,0.74014811807701,0.21214211210027473,warning
MX,GOV_NET_LENDING_GDP_A,2016,A,2,-2.681,-1.62118179871436,1.05981820128564,0.49268871045958607,warning
MX,GOV_NET_LENDING_GDP_A,2017,A,2,-1.034,-0.845266946151578,0.18873305384842198,0.2008581635886434,warning
MX,GOV_NET_LENDING_GDP_A,2019,A,2,-2.266,-1.61318460276811,0.65281539723189,0.33657351432363064,warning
MX,GOV_NET_LENDING_GDP_A,2020,A,2,-4.29,-3.63899768692085,0.6510023130791502,0.1642079714950606,warning
TR,GOV_NET_LENDING_GDP_A,2015,A,2,-0.512,0.376091561208709,0.888091561208709,2.0,warning
TR,GOV_NET_LENDING_GDP_A,2016,A,2,-1.677,-0.974999415026735,0.702000584973265,0.5294123226389837,warning
TR,GOV_NET_LENDING_GDP_A,2017,A,2,-2.60245067681052,-1.867,0.7354506768105198,0.3291011491082616,warning
TR,GOV_NET_LENDING_GDP_A,2018,A,2,-3.097,-2.20511093526739,0.8918890647326099,0.3364279154553869,warning
TR,GOV_NET_LENDING_GDP_A,2019,A,2,-4.69,-3.92445523823865,0.7655447617613502,0.17773492126656562,warning
TR,GOV_NET_LENDING_GDP_A,2021,A,2,-2.976,-1.26647365629945,1.70952634370055,0.8059101751461224,warning
TR,GOV_NET_LENDING_GDP_A,2022,A,2,-2.95717737537508,-1.096,1.86117737537508,0.918379435690424,warning
TR,GOV_NET_LENDING_GDP_A,2023,A,2,-5.192,-4.29865292389269,0.8933470761073101,0.188258296509466,warning
TR,GOV_NET_LENDING_GDP_A,2024,A,2,-4.51,-2.95931437041885,1.55068562958115,0.4152149856544848,warning
US,GOV_NET_LENDING_GDP_A,2017,A,2,-4.794,-2.96455420661531,1.8294457933846897,0.4715945122416797,warning
US,GOV_NET_LENDING_GDP_A,2022,A,2,-4.53512146933557,-3.722,0.8131214693355697,0.19695034700779318,warning
ZA,GOV_NET_LENDING_GDP_A,2018,A,2,-5.69551397247214,-3.732,1.96351397247214,0.4165496817518384,warning
ZA,GOV_NET_LENDING_GDP_A,2021,A,2,-5.54,-4.55050349618667,0.9894965038133297,0.19612430721366342,warning
ZA,GOV_NET_LENDING_GDP_A,2023,A,2,-5.6,-4.20784933734428,1.3921506626557196,0.28388500164964386,warning
AR,GOV_REVENUE_GDP_A,2015,A,2,22.1490803040164,35.366,13.216919695983599,0.45959840883889486,warning
AR,GOV_REVENUE_GDP_A,2016,A,2,21.2567013071388,34.867,13.610298692861196,0.48501073079191226,warning
AR,GOV_REVENUE_GDP_A,2017,A,2,19.3371239744582,34.428,15.090876025541796,0.5613630141617793,warning
AR,GOV_REVENUE_GDP_A,2018,A,2,17.7024488717292,33.508,15.805551128270803,0.6172783670715404,warning
AR,GOV_REVENUE_GDP_A,2019,A,2,17.7888990504455,33.684,15.895100949554497,0.6176104801859581,warning
AR,GOV_REVENUE_GDP_A,2020,A,2,17.4777322783093,33.805,16.3272677216907,0.6367549854045718,warning
AR,GOV_REVENUE_GDP_A,2021,A,2,18.0764989044589,33.55,15.473501095541096,0.5994402651311562,warning
AR,GOV_REVENUE_GDP_A,2022,A,2,17.893195301026,33.807,15.913804698974001,0.6156187459763112,warning
AR,GOV_REVENUE_GDP_A,2023,A,2,17.7753274051522,32.308,14.5326725948478,0.5803397397015911,warning
AR,GOV_REVENUE_GDP_A,2024,A,2,16.8606958335516,31.477,14.616304166448401,0.6047580015720609,warning
BR,GOV_REVENUE_GDP_A,2015,A,2,25.8123252140431,36.909,11.0966747859569,0.35384057170630034,warning
BR,GOV_REVENUE_GDP_A,2016,A,2,26.173225388189,37.512,11.338774611811,0.3560880735742479,warning
BR,GOV_REVENUE_GDP_A,2017,A,2,24.3609920782892,36.328,11.967007921710803,0.39437161540838517,warning
BR,GOV_REVENUE_GDP_A,2018,A,2,25.2724385286024,37.191,11.918561471397602,0.3816172068702243,warning
BR,GOV_REVENUE_GDP_A,2019,A,2,25.5600401306072,38.184,12.623959869392799,0.3960828288739517,warning
BR,GOV_REVENUE_GDP_A,2020,A,2,22.1948673455795,34.542,12.347132654420502,0.43524195931421994,warning
BR,GOV_REVENUE_GDP_A,2021,A,2,24.6358299212806,37.74,13.104170078719402,0.4201681996137638,warning
BR,GOV_REVENUE_GDP_A,2022,A,2,26.9365134620331,39.481,12.5444865379669,0.37774634683178343,warning
BR,GOV_REVENUE_GDP_A,2023,A,2,25.3707484836752,37.597,12.226251516324801,0.38833376802394437,warning
BR,GOV_REVENUE_GDP_A,2024,A,2,26.4469343560039,39.37,12.923065643996097,0.3926972828632587,warning
CN,GOV_REVENUE_GDP_A,2015,A,2,15.7312275700006,28.512,12.7807724299994,0.5777504550172322,warning
CN,GOV_REVENUE_GDP_A,2016,A,2,15.326073498047,28.366,13.039926501953,0.5969012435418463,warning
CN,GOV_REVENUE_GDP_A,2017,A,2,15.595511924101,28.675,13.079488075899,0.5908893982668625,warning
CN,GOV_REVENUE_GDP_A,2018,A,2,16.2403554427458,28.44,12.199644557254203,0.5460853852376821,warning
CN,GOV_REVENUE_GDP_A,2019,A,2,15.7907279889576,27.605,11.8142720110424,0.5444900942345586,warning
CN,GOV_REVENUE_GDP_A,2020,A,2,13.7961540297522,25.275,11.478845970247798,0.587586737853036,warning
CN,GOV_REVENUE_GDP_A,2021,A,2,14.6241117527941,26.009,11.3848882472059,0.5603749137634298,warning
CN,GOV_REVENUE_GDP_A,2022,A,2,14.6559605630141,25.323,10.6670394369859,0.5336326551148177,warning
CN,GOV_REVENUE_GDP_A,2023,A,2,15.0661250338704,26.026,10.9598749661296,0.533429456719304,warning
CN,GOV_REVENUE_GDP_A,2024,A,2,14.9215564859108,25.831,10.9094435140892,0.5353992217818714,warning
DE,GOV_REVENUE_GDP_A,2015,A,2,28.8827449036776,45.401,16.518255096322402,0.4447340428983845,warning
DE,GOV_REVENUE_GDP_A,2016,A,2,28.8217362865039,45.865,17.043263713496103,0.4563933185704318,warning
DE,GOV_REVENUE_GDP_A,2017,A,2,28.9820017941202,45.877,16.8949982058798,0.4513818726128624,warning
DE,GOV_REVENUE_GDP_A,2018,A,2,29.2858536471726,46.534,17.248146352827398,0.45497704158310776,warning
DE,GOV_REVENUE_GDP_A,2019,A,2,29.5495126198661,46.86,17.3104873801339,0.45309770437230246,warning
DE,GOV_REVENUE_GDP_A,2020,A,2,29.5059871563036,46.734,17.2280128436964,0.45194165125910496,warning
DE,GOV_REVENUE_GDP_A,2021,A,2,29.2255467990463,47.502,18.276453200953704,0.47639873717898856,warning
DE,GOV_REVENUE_GDP_A,2022,A,2,28.5689040179075,46.701,18.1320959820925,0.48178873664509225,warning
DE,GOV_REVENUE_GDP_A,2023,A,2,28.4183906847328,45.652,17.233609315267202,0.4653305904276633,warning
DE,GOV_REVENUE_GDP_A,2024,A,2,29.3708896111546,46.765,17.3941103888454,0.45692275949441347,warning
ES,GOV_REVENUE_GDP_A,2015,A,2,27.5393887658309,38.418,10.8786112341691,0.32986785673979696,warning
ES,GOV_REVENUE_GDP_A,2016,A,2,27.1288470631817,37.874,10.745152936818304,0.33060560951658596,warning
ES,GOV_REVENUE_GDP_A,2017,A,2,27.0360266114199,37.951,10.914973388580101,0.3359123799845324,warning
ES,GOV_REVENUE_GDP_A,2018,A,2,27.752508504664,38.947,11.194491495336003,0.33566938486670317,warning
ES,GOV_REVENUE_GDP_A,2019,A,2,27.8396917947532,38.967,11.127308205246798,0.3331195695015901,warning
ES,GOV_REVENUE_GDP_A,2020,A,2,29.2233358778761,41.407,12.183664122123897,0.3449980513526129,warning
ES,GOV_REVENUE_GDP_A,2021,A,2,30.1223659907048,42.834,12.711634009295203,0.34847223643005365,warning
ES,GOV_REVENUE_GDP_A,2022,A,2,29.7429322541561,41.72,11.9770677458439,0.335196650012842,warning
ES,GOV_REVENUE_GDP_A,2023,A,2,29.6492564568045,42.076,12.4267435431955,0.3465095604274159,warning
ES,GOV_REVENUE_GDP_A,2024,A,2,29.6705826271851,42.258,12.587417372814901,0.34999764802977057,warning
FR,GOV_REVENUE_GDP_A,2015,A,2,44.6530065209365,53.708,9.054993479063498,0.1841175441232621,warning
FR,GOV_REVENUE_GDP_A,2016,A,2,44.4509842015877,53.616,9.165015798412298,0.186913381155325,warning
FR,GOV_REVENUE_GDP_A,2017,A,2,45.0848754876607,54.3,9.215124512339294,0.18544319680681018,warning
FR,GOV_REVENUE_GDP_A,2018,A,2,44.7259377621146,54.048,9.322062237885405,0.18875550472304736,warning
FR,GOV_REVENUE_GDP_A,2019,A,2,43.3488714857635,52.953,9.6041285142365,0.19945881354250308,warning
FR,GOV_REVENUE_GDP_A,2020,A,2,42.9822123869451,52.766,9.783787613054898,0.20436491437596552,warning
FR,GOV_REVENUE_GDP_A,2021,A,2,42.5814409563757,52.88,10.298559043624302,0.21576374587369937,warning
FR,GOV_REVENUE_GDP_A,2022,A,2,43.4321332366138,53.691,10.258866763386202,0.21125485600620594,warning
FR,GOV_REVENUE_GDP_A,2023,A,2,41.6513891623385,51.394,9.742610837661495,0.20941630585613072,warning
FR,GOV_REVENUE_GDP_A,2024,A,2,42.1079880169865,51.47,9.362011983013495,0.20009004641805467,warning
IN,GOV_REVENUE_GDP_A,2015,A,2,12.4152095425778,20.064,7.6487904574222,0.47099609658881697,warning
IN,GOV_REVENUE_GDP_A,2016,A,2,12.8510169890546,20.379,7.527983010945402,0.4530833079877744,warning
IN,GOV_REVENUE_GDP_A,2017,A,2,12.7267619005257,20.323,7.5962380994743,0.45968489106443283,warning
IN,GOV_REVENUE_GDP_A,2018,A,2,13.1885329486481,20.324,7.135467051351901,0.42583871904196047,warning
IN,GOV_REVENUE_GDP_A,2022,A,2,9.11011784382656,20.728,11.617882156173442,0.7787275468903047,warning
IT,GOV_REVENUE_GDP_A,2015,A,2,39.8182456242875,47.785,7.9667543757124974,0.1818826304650923,warning
IT,GOV_REVENUE_GDP_A,2016,A,2,39.8892763245145,46.575,6.685723675485505,0.15464707413713605,warning
IT,GOV_REVENUE_GDP_A,2017,A,2,39.4241765372518,46.274,6.849823462748198,0.15985925814350727,warning
IT,GOV_REVENUE_GDP_A,2018,A,2,39.2904064273807,46.129,6.8385935726192955,0.16011803075295603,warning
IT,GOV_REVENUE_GDP_A,2019,A,2,40.0859879467878,46.974,6.888012053212194,0.15823599831927926,warning
IT,GOV_REVENUE_GDP_A,2020,A,2,40.5950400712713,47.405,6.809959928728702,0.15477174608587246,warning
IT,GOV_REVENUE_GDP_A,2021,A,2,40.3368257842547,47.164,6.827174215745302,0.1560482236494233,warning
IT,GOV_REVENUE_GDP_A,2022,A,2,39.6180298954102,46.833,7.214970104589796,0.1669146131241832,warning
IT,GOV_REVENUE_GDP_A,2023,A,2,39.0742712469611,46.493,7.418728753038899,0.17340108302921656,warning
IT,GOV_REVENUE_GDP_A,2024,A,2,40.1843155229491,47.049,6.864684477050901,0.1573867606865168,warning
MX,GOV_REVENUE_GDP_A,2015,A,2,18.3681968714647,22.699,4.330803128535301,0.2109130137170153,warning
MX,GOV_REVENUE_GDP_A,2016,A,2,19.1915888785393,23.841,4.649411121460702,0.21608791116815193,warning
MX,GOV_REVENUE_GDP_A,2017,A,2,19.4469058462512,23.984,4.5370941537488,0.20893389466986792,warning
MX,GOV_REVENUE_GDP_A,2018,A,2,18.3342427407296,22.831,4.4967572592703995,0.21847349656564669,warning
MX,GOV_REVENUE_GDP_A,2019,A,2,18.5191670625259,22.997,4.477832937474101,0.21571514204238604,warning
MX,GOV_REVENUE_GDP_A,2020,A,2,18.6445328298003,23.493,4.848467170199697,0.23012582107183968,warning
MX,GOV_REVENUE_GDP_A,2021,A,2,18.3430886486889,22.937,4.5939113513111,0.22257274641085378,warning
MX,GOV_REVENUE_GDP_A,2022,A,2,19.2711611449441,24.187,4.9158388550559025,0.22623317349578234,warning
MX,GOV_REVENUE_GDP_A,2023,A,2,19.0449981034342,24.284,5.239001896565799,0.24182428054576055,warning
MX,GOV_REVENUE_GDP_A,2024,A,2,19.1627563559157,24.982,5.819243644084299,0.26364370876426774,warning
TR,GOV_REVENUE_GDP_A,2023,A,2,27.501,33.0413461477558,5.540346147755802,0.18302383373892991,warning
US,GOV_REVENUE_GDP_A,2015,A,2,19.0882156482104,31.501,12.4127843517896,0.4907284761284376,warning
US,GOV_REVENUE_GDP_A,2016,A,2,18.6497171879137,30.977,12.327282812086299,0.4968002523885879,warning
US,GOV_REVENUE_GDP_A,2017,A,2,19.3424398172831,30.4,11.057560182716898,0.44459259430515224,warning
US,GOV_REVENUE_GDP_A,2018,A,2,17.5844563482997,30.014,12.4295436517003,0.5222666701939928,warning
US,GOV_REVENUE_GDP_A,2019,A,2,17.4199703478,30.014,12.5940296522,0.5310130929313664,warning
US,GOV_REVENUE_GDP_A,2020,A,2,17.9534803892826,30.609,12.655519610717402,0.5212056513287319,warning
US,GOV_REVENUE_GDP_A,2021,A,2,19.1269229738402,31.762,12.635077026159802,0.4965747470291305,warning
US,GOV_REVENUE_GDP_A,2022,A,2,20.2206535905822,33.075,12.854346409417804,0.48237878864062855,warning
US,GOV_REVENUE_GDP_A,2023,A,2,17.8213874478951,29.622,11.800612552104901,0.4974607921942747,warning
US,GOV_REVENUE_GDP_A,2024,A,2,18.1179765859408,29.879,11.761023414059203,0.4900735109012772,warning
ID,GROSS_SAVINGS_GDP_A,2022,A,2,30.747,37.0041185901717,6.2571185901717,0.1847089382544715,warning
ID,GROSS_SAVINGS_GDP_A,2023,A,2,30.194,35.8682985244403,5.6742985244402995,0.17178628813046962,warning
MX,GROSS_SAVINGS_GDP_A,2024,A,2,19.2837457728117,22.991,3.707254227188301,0.1753885994778736,warning
ID,UNEMPLOYMENT_RATE_A,2015,A,2,4.514,6.18,1.6659999999999995,0.31157658500093505,warning
ID,UNEMPLOYMENT_RATE_A,2016,A,2,4.301,5.61,1.3090000000000002,0.2641509433962264,warning
ID,UNEMPLOYMENT_RATE_A,2017,A,2,3.783,5.5,1.717,0.3699235161047076,warning
ID,UNEMPLOYMENT_RATE_A,2018,A,2,4.387,5.34,0.9530000000000003,0.19594941914259284,warning
ID,UNEMPLOYMENT_RATE_A,2019,A,2,3.59,5.28,1.6900000000000004,0.38105975197294256,warning
ID,UNEMPLOYMENT_RATE_A,2020,A,2,4.255,7.07,2.8150000000000004,0.49713024282560714,warning
ID,UNEMPLOYMENT_RATE_A,2021,A,2,3.827,6.49,2.6630000000000003,0.5162353397305419,warning
ID,UNEMPLOYMENT_RATE_A,2022,A,2,3.462,5.86,2.398,0.5144818708431667,warning
ID,UNEMPLOYMENT_RATE_A,2023,A,2,3.308,5.32,2.0120000000000005,0.4663885025498378,warning
ID,UNEMPLOYMENT_RATE_A,2024,A,2,3.301,4.91,1.609,0.391913287053952,warning
ID,UNEMPLOYMENT_RATE_A,2025,A,2,3.237,4.85,1.6129999999999995,0.398911833807345,warning
IN,UNEMPLOYMENT_RATE_A,2018,A,2,7.652,8.901,1.2489999999999997,0.15090920074910888,warning
IN,UNEMPLOYMENT_RATE_A,2023,A,2,4.172,4.939,0.7670000000000003,0.16836790692569428,warning
IN,UNEMPLOYMENT_RATE_A,2024,A,2,4.173,4.939,0.766,0.1681299385425812,warning
IN,UNEMPLOYMENT_RATE_A,2025,A,2,4.219,4.939,0.7199999999999998,0.15723957195894292,warning
VN,UNEMPLOYMENT_RATE_A,2015,A,2,1.848,2.33,0.482,0.23073240785064625,warning
VN,UNEMPLOYMENT_RATE_A,2016,A,2,1.848,2.3,0.45199999999999974,0.21793635486981666,warning
VN,UNEMPLOYMENT_RATE_A,2017,A,2,1.874,2.24,0.3660000000000001,0.17792902284880896,warning
VN,UNEMPLOYMENT_RATE_A,2018,A,2,1.161,2.19,1.029,0.6141450313339302,warning
VN,UNEMPLOYMENT_RATE_A,2019,A,2,1.681,2.17,0.4889999999999999,0.2539600103869124,warning
VN,UNEMPLOYMENT_RATE_A,2020,A,2,2.103,2.48,0.3769999999999998,0.16452105607680548,warning
VN,UNEMPLOYMENT_RATE_A,2021,A,2,2.383,3.2,0.8170000000000002,0.29267418950385105,warning
VN,UNEMPLOYMENT_RATE_A,2022,A,2,1.57,2.32,0.7499999999999998,0.38560411311053977,warning
VN,UNEMPLOYMENT_RATE_A,2023,A,2,1.645,2.3,0.6549999999999998,0.33206590621039284,warning
VN,UNEMPLOYMENT_RATE_A,2024,A,2,1.602,2.2,0.5980000000000001,0.3145712782745923,warning
VN,UNEMPLOYMENT_RATE_A,2025,A,2,1.523,2.2,0.6770000000000003,0.3636852001074404,warning
AR,CPI_YOY_A,2018,A,2,34.277,34.2772237131003,0.00022371310029711822,6.5266029773266324e-06,ok
AR,CPI_YOY_A,2019,A,2,53.548,53.5483043492339,0.0003043492339003251,5.683655206399327e-06,ok
AR,CPI_YOY_A,2020,A,2,42.015,42.0150947376509,9.473765089751396e-05,2.2548505078637114e-06,ok
AR,CPI_YOY_A,2021,A,2,48.409,48.4093786255199,0.0003786255199003108,7.821356343195582e-06,ok
AR,CPI_YOY_A,2022,A,2,72.430757531824,72.431,0.00024246817599760107,3.3475802051391565e-06,ok
AR,CPI_YOY_A,2023,A,2,133.488935594175,133.489,6.440582501454628e-05,4.824805081454192e-07,ok
AR,CPI_YOY_A,2024,A,2,219.883929014578,219.885,0.0010709854219896897,4.870673443844812e-06,ok
BR,CPI_YOY_A,2015,A,2,9.02990102416136,9.03,9.897583863960335e-05,1.0960839542496824e-05,ok
BR,CPI_YOY_A,2016,A,2,8.73914352329393,8.74,0.0008564767060708078,9.799984821103015e-05,ok
BR,CPI_YOY_A,2017,A,2,3.446,3.44637335032669,0.0003733503266896143,0.00010833723239090581,ok
BR,CPI_YOY_A,2018,A,2,3.66485028376728,3.665,0.0001497162327201984,4.08511025257257e-05,ok
BR,CPI_YOY_A,2019,A,2,3.73297621216893,3.733,2.3787831070265497e-05,6.3723297246764005e-06,ok
BR,CPI_YOY_A,2020,A,2,3.21176803803376,3.212,0.00023196196624031273,7.221990734002704e-05,ok
BR,CPI_YOY_A,2021,A,2,8.30165975585673,8.302,0.00034024414326871977,4.098423459306349e-05,ok
BR,CPI_YOY_A,2022,A,2,9.28,9.28010608956872,0.00010608956872104613,1.1432000249251952e-05,ok
BR,CPI_YOY_A,2023,A,2,4.59356282283203,4.594,0.00043717716796987105,9.516716813809232e-05,ok
BR,CPI_YOY_A,2024,A,2,4.367,4.36746407652336,0.00046407652336011296,0.00010626330803911958,ok
CN,CPI_YOY_A,2015,A,2,1.43702380935654,1.442,0.004976190643459999,0.0034568596670078765,ok
CN,CPI_YOY_A,2016,A,2,1.996,2.00000182191943,0.004001821919429993,0.0020029129603888756,ok
CN,CPI_YOY_A,2017,A,2,1.579,1.59313600071435,0.014136000714350061,0.008912606969667568,ok
CN,CPI_YOY_A,2018,A,2,2.07479039965576,2.092,0.017209600344239906,0.008260362866181932,ok
CN,CPI_YOY_A,2019,A,2,2.89923416358226,2.905,0.005765836417739756,0.0019867690569469357,ok
CN,CPI_YOY_A,2020,A,2,2.41942189457782,2.49,0.07057810542218013,0.028752104397517627,ok
CN,CPI_YOY_A,2021,A,2,0.919,0.981015135544881,0.06201513554488092,0.0652785700331765,ok
CN,CPI_YOY_A,2022,A,2,1.9735755573905,1.976,0.0024244426094999216,0.0012276977990524937,ok
CN,CPI_YOY_A,2023,A,2,0.228,0.23483682889305,0.006836828893049984,0.029543149837066247,ok
CN,CPI_YOY_A,2024,A,2,0.212,0.218128938439177,0.006128938439177001,0.028498145051189912,ok
DE,CPI_YOY_A,2017,A,2,1.50949485109628,1.731,0.22150514890372008,0.13671069332437513,ok
DE,CPI_YOY_A,2018,A,2,1.73216879766941,1.884,0.1518312023305899,0.08397351496890511,ok
DE,CPI_YOY_A,2019,A,2,1.395,1.44565976888253,0.050659768882529876,0.03566760753080868,ok
DE,CPI_YOY_A,2021,A,2,3.06666666666673,3.219,0.15233333333326993,0.04847006416713212,ok
DE,CPI_YOY_A,2023,A,2,5.94643667725823,5.999,0.05256332274176945,0.008800569483046144,ok
DE,CPI_YOY_A,2024,A,2,2.2564981433876,2.481,0.22450185661239974,0.09477654653047198,ok
ES,CPI_YOY_A,2017,A,2,1.95607633363963,2.035,0.07892366636037007,0.03955006607873935,ok
ES,CPI_YOY_A,2018,A,2,1.6749813686379,1.736,0.06101863136209995,0.03577775705439657,ok
ES,CPI_YOY_A,2019,A,2,0.699518994458738,0.778,0.07848100554126203,0.10623349795920844,ok
ES,CPI_YOY_A,2020,A,2,-0.339,-0.322753017299739,0.016246982700261037,0.049102859452175386,ok
ES,CPI_YOY_A,2021,A,2,3.009,3.09313511976419,0.08413511976418997,0.027575633155576953,ok
ES,CPI_YOY_A,2022,A,2,8.322,8.39057634118626,0.06857634118626166,0.00820655532531666,ok
ES,CPI_YOY_A,2023,A,2,3.402,3.53236133492432,0.13036133492432,0.03759865649566493,ok
ES,CPI_YOY_A,2024,A,2,2.77417826534772,2.868,0.09382173465228005,0.03325727413772097,ok
FR,CPI_YOY_A,2017,A,2,1.03228275064681,1.159,0.12671724935319006,0.11565577223275857,ok
FR,CPI_YOY_A,2018,A,2,1.85081508315492,2.103,0.25218491684508026,0.12756535727707885,ok
FR,CPI_YOY_A,2020,A,2,0.476498852725065,0.526,0.04950114727493504,0.09875551905197187,ok
FR,CPI_YOY_A,2022,A,2,5.22236748369725,5.903,0.68063251630275,0.12235686008576825,ok
FR,CPI_YOY_A,2023,A,2,4.8783572650844,5.661,0.7826427349155995,0.14851811457391223,ok
FR,CPI_YOY_A,2024,A,2,1.99904942291462,2.317,0.3179505770853801,0.14733407611012417,ok
GB,CPI_YOY_A,2017,A,2,2.55775577557747,2.683,0.1252442244225298,0.04779624534544518,ok
GB,CPI_YOY_A,2018,A,2,2.29283990345938,2.478,0.18516009654062016,0.0776215929636871,ok
GB,CPI_YOY_A,2019,A,2,1.73810460086513,1.791,0.05289539913486996,0.029976668371860162,ok
GB,CPI_YOY_A,2021,A,2,2.51837109614213,2.588,0.06962890385787013,0.02727138413832667,ok
GB,CPI_YOY_A,2022,A,2,7.92204883147902,9.067,1.1449511685209801,0.13478696540085272,ok
GB,CPI_YOY_A,2023,A,2,6.79396706793963,7.303,0.5090329320603697,0.0722187871486272,ok
ID,CPI_YOY_A,2015,A,2,6.36,6.36312061196646,0.003120611966459741,0.0004905419136755987,ok
ID,CPI_YOY_A,2016,A,2,3.52580452815451,3.53,0.004195471845489962,0.001189225644998789,ok
ID,CPI_YOY_A,2017,A,2,3.807,3.80879857691949,0.0017985769194899248,0.0004723278593372227,ok
ID,CPI_YOY_A,2018,A,2,3.19834755924996,3.291,0.09265244075003976,0.02855524069379589,ok
ID,CPI_YOY_A,2019,A,2,2.822,3.03058460941661,0.20858460941660972,0.07127948533405366,ok
ID,CPI_YOY_A,2020,A,2,1.91983527270793,2.031,0.11116472729207016,0.05627403807999167,ok
ID,CPI_YOY_A,2021,A,2,1.56007882983334,1.561,0.0009211701666600458,0.0005902895869562095,ok
ID,CPI_YOY_A,2022,A,2,4.139,4.20946463714784,0.07046463714783968,0.016880861382414177,ok
ID,CPI_YOY_A,2023,A,2,3.66938654859761,3.713,0.04361345140239026,0.011815542606794344,ok
ID,CPI_YOY_A,2024,A,2,2.18151273615189,2.3,0.11848726384811004,0.05287824483562695,ok
IN,CPI_YOY_A,2015,A,2,4.885,4.90697344127256,0.021973441272559846,0.004488051648494706,ok
IN,CPI_YOY_A,2016,A,2,4.518,4.94821634062141,0.4302163406214099,0.09089510003595974,ok
IN,CPI_YOY_A,2017,A,2,3.32817337461298,3.606,0.2778266253870201,0.0801325869365147,ok
IN,CPI_YOY_A,2020,A,2,6.154,6.62343677628535,0.46943677628534974,0.07347902157600411,ok
IN,CPI_YOY_A,2021,A,2,5.13140747176369,5.512,0.38059252823630985,0.07151704550370708,ok
IN,CPI_YOY_A,2022,A,2,6.634,6.69903414079852,0.06503414079851932,0.009755340024146133,ok
IN,CPI_YOY_A,2023,A,2,5.37,5.64914318907925,0.2791431890792495,0.05066513508162779,ok
IN,CPI_YOY_A,2024,A,2,4.639,4.95303550973656,0.31403550973656014,0.06547838765146208,ok
IT,CPI_YOY_A,2017,A,2,1.22653316645812,1.326,0.09946683354188002,0.07793578148087267,ok
IT,CPI_YOY_A,2018,A,2,1.13748763600391,1.237,0.0995123639960902,0.08381796770570872,ok
IT,CPI_YOY_A,2019,A,2,0.611246943765304,0.657,0.045753056234696055,0.07215165226238922,ok
IT,CPI_YOY_A,2021,A,2,1.87378325762481,1.95,0.07621674237519005,0.03986457246142817,ok
IT,CPI_YOY_A,2022,A,2,8.20128991161718,8.747,0.5457100883828208,0.06439706793176397,ok
IT,CPI_YOY_A,2023,A,2,5.62219442195901,5.912,0.2898055780409896,0.05025155072629128,ok
IT,CPI_YOY_A,2024,A,2,0.982373023061417,1.079,0.09662697693858291,0.0937501130145565,ok
JP,CPI_YOY_A,2015,A,2,0.795279630579839,0.799,0.0037203694201610737,0.004667147906553854,ok
JP,CPI_YOY_A,2016,A,2,-0.127258844489754,-0.124,0.003258844489753998,0.02594013752130337,ok
JP,CPI_YOY_A,2017,A,2,0.484199796126385,0.486,0.0018002038736150139,0.003710996190274414,ok
JP,CPI_YOY_A,2018,A,2,0.989,0.989094598021848,9.459802184796917e-05,9.564559950021595e-05,ok
JP,CPI_YOY_A,2019,A,2,0.468,0.46877615938395,0.0007761593839499814,0.0016570861164110012,ok
JP,CPI_YOY_A,2020,A,2,-0.027,-0.024995834027731,0.002004165972269,0.0770894826381712,ok
JP,CPI_YOY_A,2021,A,2,-0.235,-0.233352779398264,0.0016472206017359992,0.00703410195986169,ok
JP,CPI_YOY_A,2022,A,2,2.496,2.49770278172255,0.0017027817225501174,0.0006819715938171043,ok
JP,CPI_YOY_A,2023,A,2,3.268,3.26813365933163,0.00013365933163012045,4.089859191887705e-05,ok
JP,CPI_YOY_A,2024,A,2,2.73853681635241,2.739,0.00046318364758990427,0.0001691211444557105,ok
MX,CPI_YOY_A,2015,A,2,2.719,2.72064064964023,0.0016406496402301407,0.0006032198617159208,ok
MX,CPI_YOY_A,2016,A,2,2.82,2.8217078474766,0.0017078474766001328,0.0006054363404741038,ok
MX,CPI_YOY_A,2017,A,2,6.04145724018986,6.042,0.0005427598101395148,8.983518530347143e-05,ok
MX,CPI_YOY_A,2018,A,2,4.897,4.89935015356551,0.002350153565509494,0.0004798018708333175,ok
MX,CPI_YOY_A,2019,A,2,3.635,3.63596142127046,0.0009614212704600611,0.00026445506027511593,ok
MX,CPI_YOY_A,2020,A,2,3.39683415570006,3.397,0.00016584429993971028,4.8822004228809774e-05,ok
MX,CPI_YOY_A,2021,A,2,5.68920847683753,5.691,0.001791523162469666,0.00031484891794662724,ok
MX,CPI_YOY_A,2022,A,2,7.896,7.8962761916855,0.0002761916854998603,3.497807183049051e-05,ok
MX,CPI_YOY_A,2023,A,2,5.526,5.52796087314389,0.0019608731438900406,0.00035478199468827015,ok
MX,CPI_YOY_A,2024,A,2,4.72225588452932,4.723,0.0007441154706802067,0.00015756385634803534,ok
SA,CPI_YOY_A,2015,A,2,1.183,1.22269318552328,0.03969318552328005,0.03299937478489892,ok
SA,CPI_YOY_A,2017,A,2,-0.859,-0.834845735027162,0.024154264972838013,0.028520029272265084,ok
SA,CPI_YOY_A,2018,A,2,2.46594308994843,2.471,0.005056910051570274,0.0020485996939547855,ok
SA,CPI_YOY_A,2020,A,2,3.189,3.37234961012303,0.18334961012303008,0.055887773405688755,ok
SA,CPI_YOY_A,2021,A,2,3.06328988941548,3.128,0.06471011058452003,0.0209035957741689,ok
SA,CPI_YOY_A,2022,A,2,2.47407371925372,2.546,0.07192628074627994,0.028655467934830425,ok
SA,CPI_YOY_A,2023,A,2,2.32708518362706,2.474,0.14691481637294013,0.06120067057920887,ok
SA,CPI_YOY_A,2024,A,2,1.501,1.68792112375809,0.1869211237580901,0.11723157551028213,ok
TR,CPI_YOY_A,2015,A,2,7.661,7.67085364845885,0.009853648458850728,0.001285382535573735,ok
TR,CPI_YOY_A,2016,A,2,7.7751341532833,7.778,0.0028658467166993162,0.0003685233713610488,ok
TR,CPI_YOY_A,2017,A,2,11.1443110840764,11.165,0.020688915923599893,0.0018547337338773238,ok
TR,CPI_YOY_A,2018,A,2,16.314,16.3324638988929,0.018463898892900232,0.0011311423466923395,ok
TR,CPI_YOY_A,2019,A,2,15.1768215720022,15.18,0.003178427997799105,0.00020940453138417744,ok
TR,CPI_YOY_A,2020,A,2,12.272,12.2789574462574,0.006957446257398914,0.0005667759615997804,ok
TR,CPI_YOY_A,2021,A,2,19.5964926913324,19.608,0.011507308667599858,0.0005870403047018115,ok
TR,CPI_YOY_A,2022,A,2,72.3,72.3088359891207,0.008835989120697718,0.00012220538337453284,ok
TR,CPI_YOY_A,2023,A,2,53.858,53.8594087593315,0.0014087593315039726,2.6156576689502523e-05,ok
TR,CPI_YOY_A,2024,A,2,58.505,58.5064507300342,0.001450730034200376,2.4796377194698027e-05,ok
US,CPI_YOY_A,2015,A,2,0.118627135552451,0.121,0.002372864447549,0.019804638920199534,ok
US,CPI_YOY_A,2016,A,2,1.26158320570536,1.267,0.005416794294639926,0.004284450108201116,ok
US,CPI_YOY_A,2017,A,2,2.13011000365961,2.131,0.0008899963403896649,0.00041772981200921864,ok
US,CPI_YOY_A,2018,A,2,2.439,2.44258329692817,0.0035832969281699434,0.0014680879994098644,ok
US,CPI_YOY_A,2019,A,2,1.81221007526021,1.813,0.0007899247397900044,0.0004357952909712717,ok
US,CPI_YOY_A,2020,A,2,1.23358439630629,1.253,0.01941560369370987,0.015616283704306103,ok
US,CPI_YOY_A,2021,A,2,4.681,4.69785886363742,0.016858863637420285,0.0035950777983840736,ok
US,CPI_YOY_A,2022,A,2,7.991,8.00279982052121,0.01179982052120998,0.001475549357078979,ok
US,CPI_YOY_A,2023,A,2,4.11633838374488,4.127,0.010661616255119633,0.002586722941313043,ok
US,CPI_YOY_A,2024,A,2,2.94952520485207,2.952,0.002474795147930031,0.0008386967985480511,ok
VN,CPI_YOY_A,2015,A,2,0.631,0.631200905175754,0.0002009051757539959,0.00031834104211170896,ok
VN,CPI_YOY_A,2016,A,2,2.668,2.66824816969082,0.000248169690819644,9.301279960299255e-05,ok
VN,CPI_YOY_A,2017,A,2,3.52025688811617,3.521,0.0007431118838296946,0.00021107364654849515,ok
VN,CPI_YOY_A,2018,A,2,3.53962805942641,3.54,0.00037194057359002386,0.00010507347856919998,ok
VN,CPI_YOY_A,2019,A,2,2.7958236745225,2.796,0.00017632547749979466,6.306546406431584e-05,ok
VN,CPI_YOY_A,2020,A,2,3.22093436652514,3.221,6.563347485988302e-05,2.0376946154850854e-05,ok
VN,CPI_YOY_A,2021,A,2,1.83471554810444,1.835,0.0002844518955600339,0.00015502667268418941,ok
VN,CPI_YOY_A,2022,A,2,3.15650749963129,3.157,0.0004925003687099583,0.00015601482020532022,ok
VN,CPI_YOY_A,2023,A,2,3.25289282667662,3.253,0.00010717332337994989,3.294653823392195e-05,ok
VN,CPI_YOY_A,2024,A,2,3.621,3.62109273885843,9.273885842997487e-05,2.5611066241218358e-05,ok
ZA,CPI_YOY_A,2015,A,2,4.51869094892506,4.589,0.07030905107494068,0.015439489870533854,ok
ZA,CPI_YOY_A,2016,A,2,6.32,6.60290842394872,0.2829084239487196,0.043784017446789926,ok
ZA,CPI_YOY_A,2017,A,2,5.18618655524149,5.294,0.10781344475850929,0.02057471862551687,ok
ZA,CPI_YOY_A,2018,A,2,4.50987264867388,4.596,0.08612735132612048,0.018916880270374418,ok
ZA,CPI_YOY_A,2019,A,2,4.10285075461156,4.115,0.0121492453884402,0.0029567938749976647,ok
ZA,CPI_YOY_A,2020,A,2,3.23238831615113,3.288,0.05561168384886983,0.017057782804474574,ok
ZA,CPI_YOY_A,2021,A,2,4.553,4.61874544887136,0.06574544887136025,0.014336518438690563,ok
ZA,CPI_YOY_A,2022,A,2,6.864,7.03987272546482,0.1758727254648198,0.025298379658310662,ok
ZA,CPI_YOY_A,2023,A,2,5.903,6.0752438457966,0.17224384579660068,0.028759448883159015,ok
ZA,CPI_YOY_A,2024,A,2,4.36115246518962,4.426,0.0648475348103803,0.014759624364610575,ok
DE,CPI_YOY_M,2015-04,M,2,0.8662329,1.0,0.13376710000000003,0.14335520502291008,ok
DE,CPI_YOY_M,2015-11,M,2,0.1747867,0.2,0.025213300000000022,0.1345474639308173,ok
DE,CPI_YOY_M,2015-12,M,2,0.1747867,0.2,0.025213300000000022,0.1345474639308173,ok
DE,CPI_YOY_M,2016-09,M,2,0.5976096,0.6,0.0023904000000000147,0.0039919519683209205,ok
DE,CPI_YOY_M,2016-10,M,2,0.7,0.7968128,0.09681280000000003,0.1293585944748736,ok
DE,CPI_YOY_M,2016-11,M,2,0.8,0.8024072,0.0024071999999999427,0.003004479760200706,ok
DE,CPI_YOY_M,2016-12,M,2,1.504514,1.6,0.09548600000000018,0.06151429821221627,ok
DE,CPI_YOY_M,2017-01,M,2,1.616162,1.7,0.08383799999999986,0.050563271637513396,ok
DE,CPI_YOY_M,2017-02,M,2,1.913394,2.1,0.18660600000000005,0.09299161756857166,ok
DE,CPI_YOY_M,2017-03,M,2,1.4,1.5,0.10000000000000009,0.06896551724137938,ok
DE,CPI_YOY_M,2017-05,M,2,1.192843,1.3,0.10715699999999995,0.08597171983955663,ok
DE,CPI_YOY_M,2017-09,M,2,1.683168,1.9,0.2168319999999999,0.12102809580795539,ok
DE,CPI_YOY_M,2017-11,M,2,1.59204,1.7,0.10796000000000006,0.06558851046767357,ok
DE,CPI_YOY_M,2017-12,M,2,1.383399,1.5,0.11660099999999995,0.08087746440919204,ok
DE,CPI_YOY_M,2018-01,M,2,1.39165,1.5,0.10834999999999995,0.07493991319834692,ok
DE,CPI_YOY_M,2018-02,M,2,1.086957,1.2,0.113043,0.09885887666449347,ok
DE,CPI_YOY_M,2018-03,M,2,1.47929,1.7,0.22070999999999996,0.1388423201406603,ok
DE,CPI_YOY_M,2018-04,M,2,1.277014,1.3,0.02298599999999995,0.017839251164332014,ok
DE,CPI_YOY_M,2018-06,M,2,1.860921,2.1,0.23907900000000004,0.12071889340888144,ok
DE,CPI_YOY_M,2018-08,M,2,1.851852,2.1,0.24814800000000004,0.12558567476717247,ok
DE,CPI_YOY_M,2018-09,M,2,1.94742,2.2,0.25258000000000025,0.12180102328676634,ok
DE,CPI_YOY_M,2018-10,M,2,2.341463,2.6,0.258537,0.10463986070522029,ok
DE,CPI_YOY_M,2018-11,M,2,2.056807,2.2,0.14319300000000013,0.0672771868679976,ok
DE,CPI_YOY_M,2018-12,M,2,1.559454,1.7,0.14054600000000006,0.08623898358436724,ok
DE,CPI_YOY_M,2019-02,M,2,1.466276,1.7,0.23372400000000004,0.14763337119063535,ok
DE,CPI_YOY_M,2019-03,M,2,1.263363,1.4,0.1366369999999999,0.10260486460163327,ok
DE,CPI_YOY_M,2019-04,M,2,2.036857,2.1,0.06314300000000017,0.030527040214346386,ok
DE,CPI_YOY_M,2019-05,M,2,1.3,1.443696,0.14369600000000005,0.1047462984237321,ok
DE,CPI_YOY_M,2019-06,M,2,1.5,1.634615,0.13461499999999993,0.08588933569194299,ok
DE,CPI_YOY_M,2019-11,M,2,1.055662,1.2,0.14433799999999986,0.1279783939260402,ok
DE,CPI_YOY_M,2019-12,M,2,1.5,1.535509,0.03550900000000001,0.023395746808854798,ok
DE,CPI_YOY_M,2020-01,M,2,1.6,1.740812,0.14081199999999994,0.084298068852722,ok
DE,CPI_YOY_M,2020-02,M,2,1.653403,1.7,0.046597,0.02779087392717189,ok
DE,CPI_YOY_M,2020-03,M,2,1.3,1.465503,0.16550299999999996,0.11969106524201924,ok
DE,CPI_YOY_M,2021-02,M,2,1.498502,1.6,0.10149800000000009,0.0655142388160473,ok
DE,CPI_YOY_M,2021-03,M,2,1.794616,2.0,0.205384,0.10825021556858455,ok
DE,CPI_YOY_M,2021-04,M,2,1.992032,2.1,0.10796800000000006,0.0527698708123495,ok
DE,CPI_YOY_M,2021-05,M,2,2.191235,2.4,0.2087650000000001,0.09094067282550343,ok
DE,CPI_YOY_M,2021-06,M,2,2.1,2.38806,0.28805999999999976,0.12836726781727506,ok
DE,CPI_YOY_M,2021-08,M,2,3.4,3.811434,0.4114340000000003,0.11410601553033703,ok
DE,CPI_YOY_M,2021-09,M,2,4.1,4.112337,0.012337000000000486,0.003004504077219551,ok
DE,CPI_YOY_M,2021-10,M,2,4.404405,4.6,0.19559499999999996,0.04344429198819911,ok
DE,CPI_YOY_M,2021-12,M,2,4.90982,5.7,0.7901800000000003,0.14895257412472604,ok
DE,CPI_YOY_M,2023-01,M,2,8.65019,9.2,0.549809999999999,0.06160270562946379,ok
DE,CPI_YOY_M,2023-02,M,2,8.679245,9.3,0.6207550000000008,0.06905239903010398,ok
DE,CPI_YOY_M,2023-03,M,2,7.400555,7.8,0.39944500000000005,0.052556633622917064,ok
DE,CPI_YOY_M,2023-04,M,2,7.169117,7.6,0.4308829999999997,0.05834918905443023,ok
DE,CPI_YOY_M,2023-05,M,2,6.102004,6.3,0.19799599999999984,0.031929678461642144,ok
DE,CPI_YOY_M,2023-06,M,2,6.375227,6.8,0.42477300000000007,0.0644805588548873,ok
DE,CPI_YOY_M,2023-07,M,2,6.165005,6.5,0.33499500000000015,0.05290088712953531,ok
DE,CPI_YOY_M,2023-08,M,2,6.142728,6.4,0.2572720000000004,0.0410232925405064,ok
DE,CPI_YOY_M,2023-09,M,2,4.3,4.525289,0.22528900000000007,0.05105532521371257,ok
DE,CPI_YOY_M,2023-12,M,2,3.710247,3.8,0.08975299999999997,0.023901477541284587,ok
DE,CPI_YOY_M,2024-01,M,2,2.887139,3.1,0.2128610000000002,0.07110608255462256,ok
DE,CPI_YOY_M,2024-02,M,2,2.517361,2.7,0.182639,0.07001202331983544,ok
DE,CPI_YOY_M,2024-03,M,2,2.153316,2.3,0.14668400000000004,0.0658763043089689,ok
DE,CPI_YOY_M,2024-04,M,2,2.229846,2.4,0.1701539999999997,0.07350309275945666,ok
DE,CPI_YOY_M,2024-06,M,2,2.226027,2.5,0.2739729999999998,0.11594220684731585,ok
DE,CPI_YOY_M,2024-07,M,2,2.305722,2.6,0.29427800000000026,0.119973369872977,ok
DE,CPI_YOY_M,2024-08,M,2,1.87234,2.0,0.1276600000000001,0.06593429295981247,ok
DE,CPI_YOY_M,2024-09,M,2,1.612903,1.8,0.18709700000000007,0.10964097133730438,ok
DE,CPI_YOY_M,2024-11,M,2,2.216539,2.4,0.18346099999999987,0.07947988742215754,ok
DE,CPI_YOY_M,2024-12,M,2,2.640545,2.8,0.1594549999999999,0.05861728926054279,ok
DE,CPI_YOY_M,2025-02,M,2,2.286198,2.6,0.3138019999999999,0.12844424233320054,ok
DE,CPI_YOY_M,2025-03,M,2,2.192243,2.3,0.10775699999999988,0.047974697717821535,ok
DE,CPI_YOY_M,2025-04,M,2,2.097316,2.2,0.102684,0.047789829744891925,ok
DE,CPI_YOY_M,2025-05,M,2,2.095557,2.1,0.004443000000000197,0.0021179547793059167,ok
DE,CPI_YOY_M,2025-06,M,2,2.0,2.01005,0.010050000000000114,0.005012406329098198,ok
DE,CPI_YOY_M,2025-07,M,2,1.8,2.003339,0.20333899999999994,0.10692657162561629,ok
DE,CPI_YOY_M,2025-08,M,2,2.1,2.172097,0.07209699999999986,0.03375251076930128,ok
DE,CPI_YOY_M,2025-09,M,2,2.4,2.422724,0.02272400000000019,0.00942371987283543,ok
DE,CPI_YOY_M,2025-10,M,2,2.3,2.329451,0.029451000000000338,0.012723322916691565,ok
DE,CPI_YOY_M,2025-11,M,2,2.335279,2.6,0.2647210000000002,0.10727701513936709,ok
DE,CPI_YOY_M,2025-12,M,2,1.825726,2.0,0.17427400000000004,0.09110636778483354,ok
EA,CPI_YOY_M,2015-01,M,2,-0.6,-0.6,0.0,0.0,ok
EA,CPI_YOY_M,2015-02,M,2,-0.3,-0.3,0.0,0.0,ok
EA,CPI_YOY_M,2015-03,M,2,-0.1,-0.1,0.0,0.0,ok
EA,CPI_YOY_M,2015-04,M,2,0.2,0.2,0.0,0.0,ok
EA,CPI_YOY_M,2015-05,M,2,0.6,0.6,0.0,0.0,ok
EA,CPI_YOY_M,2015-06,M,2,0.5,0.5,0.0,0.0,ok
EA,CPI_YOY_M,2015-07,M,2,0.5,0.5,0.0,0.0,ok
EA,CPI_YOY_M,2015-08,M,2,0.4,0.4,0.0,0.0,ok
EA,CPI_YOY_M,2015-09,M,2,0.2,0.2,0.0,0.0,ok
EA,CPI_YOY_M,2015-10,M,2,0.4,0.4,0.0,0.0,ok
EA,CPI_YOY_M,2015-11,M,2,0.1,0.1,0.0,0.0,ok
EA,CPI_YOY_M,2015-12,M,2,0.3,0.3,0.0,0.0,ok
EA,CPI_YOY_M,2016-01,M,2,0.3,0.3,0.0,0.0,ok
EA,CPI_YOY_M,2016-02,M,2,-0.1,-0.1,0.0,0.0,ok
EA,CPI_YOY_M,2016-03,M,2,0.0,0.0,0.0,,ok
EA,CPI_YOY_M,2016-04,M,2,-0.3,-0.3,0.0,0.0,ok
EA,CPI_YOY_M,2016-05,M,2,-0.1,-0.1,0.0,0.0,ok
EA,CPI_YOY_M,2016-06,M,2,0.0,0.0,0.0,,ok
EA,CPI_YOY_M,2016-07,M,2,0.2,0.2,0.0,0.0,ok
EA,CPI_YOY_M,2016-08,M,2,0.2,0.2,0.0,0.0,ok
EA,CPI_YOY_M,2016-09,M,2,0.4,0.4,0.0,0.0,ok
EA,CPI_YOY_M,2016-10,M,2,0.5,0.5,0.0,0.0,ok
EA,CPI_YOY_M,2016-11,M,2,0.6,0.6,0.0,0.0,ok
EA,CPI_YOY_M,2016-12,M,2,1.1,1.1,0.0,0.0,ok
EA,CPI_YOY_M,2017-01,M,2,1.7,1.7,0.0,0.0,ok
EA,CPI_YOY_M,2017-02,M,2,2.0,2.0,0.0,0.0,ok
EA,CPI_YOY_M,2017-03,M,2,1.5,1.5,0.0,0.0,ok
EA,CPI_YOY_M,2017-04,M,2,1.9,1.9,0.0,0.0,ok
EA,CPI_YOY_M,2017-05,M,2,1.4,1.4,0.0,0.0,ok
EA,CPI_YOY_M,2017-06,M,2,1.3,1.3,0.0,0.0,ok
EA,CPI_YOY_M,2017-07,M,2,1.3,1.3,0.0,0.0,ok
EA,CPI_YOY_M,2017-08,M,2,1.5,1.5,0.0,0.0,ok
EA,CPI_YOY_M,2017-09,M,2,1.6,1.6,0.0,0.0,ok
EA,CPI_YOY_M,2017-10,M,2,1.4,1.4,0.0,0.0,ok
EA,CPI_YOY_M,2017-11,M,2,1.5,1.5,0.0,0.0,ok
EA,CPI_YOY_M,2017-12,M,2,1.3,1.3,0.0,0.0,ok
EA,CPI_YOY_M,2018-01,M,2,1.3,1.3,0.0,0.0,ok
EA,CPI_YOY_M,2018-02,M,2,1.1,1.1,0.0,0.0,ok
EA,CPI_YOY_M,2018-03,M,2,1.4,1.4,0.0,0.0,ok
EA,CPI_YOY_M,2018-04,M,2,1.2,1.2,0.0,0.0,ok
EA,CPI_YOY_M,2018-05,M,2,2.0,2.0,0.0,0.0,ok
EA,CPI_YOY_M,2018-06,M,2,2.0,2.0,0.0,0.0,ok
EA,CPI_YOY_M,2018-07,M,2,2.2,2.2,0.0,0.0,ok
EA,CPI_YOY_M,2018-08,M,2,2.1,2.1,0.0,0.0,ok
EA,CPI_YOY_M,2018-09,M,2,2.1,2.1,0.0,0.0,ok
EA,CPI_YOY_M,2018-10,M,2,2.3,2.3,0.0,0.0,ok
EA,CPI_YOY_M,2018-11,M,2,1.9,1.9,0.0,0.0,ok
EA,CPI_YOY_M,2018-12,M,2,1.5,1.5,0.0,0.0,ok
EA,CPI_YOY_M,2019-01,M,2,1.4,1.4,0.0,0.0,ok
EA,CPI_YOY_M,2019-02,M,2,1.5,1.5,0.0,0.0,ok
EA,CPI_YOY_M,2019-03,M,2,1.4,1.4,0.0,0.0,ok
EA,CPI_YOY_M,2019-04,M,2,1.7,1.7,0.0,0.0,ok
EA,CPI_YOY_M,2019-05,M,2,1.2,1.2,0.0,0.0,ok
EA,CPI_YOY_M,2019-06,M,2,1.3,1.3,0.0,0.0,ok
EA,CPI_YOY_M,2019-07,M,2,1.0,1.0,0.0,0.0,ok
EA,CPI_YOY_M,2019-08,M,2,1.0,1.0,0.0,0.0,ok
EA,CPI_YOY_M,2019-09,M,2,0.8,0.8,0.0,0.0,ok
EA,CPI_YOY_M,2019-10,M,2,0.7,0.7,0.0,0.0,ok
EA,CPI_YOY_M,2019-11,M,2,1.0,1.0,0.0,0.0,ok
EA,CPI_YOY_M,2019-12,M,2,1.3,1.3,0.0,0.0,ok
EA,CPI_YOY_M,2020-01,M,2,1.4,1.4,0.0,0.0,ok
EA,CPI_YOY_M,2020-02,M,2,1.2,1.2,0.0,0.0,ok
EA,CPI_YOY_M,2020-03,M,2,0.7,0.7,0.0,0.0,ok
EA,CPI_YOY_M,2020-04,M,2,0.3,0.3,0.0,0.0,ok
EA,CPI_YOY_M,2020-05,M,2,0.1,0.1,0.0,0.0,ok
EA,CPI_YOY_M,2020-06,M,2,0.3,0.3,0.0,0.0,ok
EA,CPI_YOY_M,2020-07,M,2,0.4,0.4,0.0,0.0,ok
EA,CPI_YOY_M,2020-08,M,2,-0.2,-0.2,0.0,0.0,ok
EA,CPI_YOY_M,2020-09,M,2,-0.3,-0.3,0.0,0.0,ok
EA,CPI_YOY_M,2020-10,M,2,-0.3,-0.3,0.0,0.0,ok
EA,CPI_YOY_M,2020-11,M,2,-0.3,-0.3,0.0,0.0,ok
EA,CPI_YOY_M,2020-12,M,2,-0.3,-0.3,0.0,0.0,ok
EA,CPI_YOY_M,2021-01,M,2,0.9,0.9,0.0,0.0,ok
EA,CPI_YOY_M,2021-02,M,2,0.9,0.9,0.0,0.0,ok
EA,CPI_YOY_M,2021-03,M,2,1.3,1.3,0.0,0.0,ok
EA,CPI_YOY_M,2021-04,M,2,1.6,1.6,0.0,0.0,ok
EA,CPI_YOY_M,2021-05,M,2,2.0,2.0,0.0,0.0,ok
EA,CPI_YOY_M,2021-06,M,2,1.9,1.9,0.0,0.0,ok
EA,CPI_YOY_M,2021-07,M,2,2.2,2.2,0.0,0.0,ok
EA,CPI_YOY_M,2021-08,M,2,3.0,3.0,0.0,0.0,ok
EA,CPI_YOY_M,2021-09,M,2,3.4,3.4,0.0,0.0,ok
EA,CPI_YOY_M,2021-10,M,2,4.1,4.1,0.0,0.0,ok
EA,CPI_YOY_M,2021-11,M,2,4.9,4.9,0.0,0.0,ok
EA,CPI_YOY_M,2021-12,M,2,5.0,5.0,0.0,0.0,ok
EA,CPI_YOY_M,2022-01,M,2,5.1,5.1,0.0,0.0,ok
EA,CPI_YOY_M,2022-02,M,2,5.9,5.9,0.0,0.0,ok
EA,CPI_YOY_M,2022-03,M,2,7.4,7.4,0.0,0.0,ok
EA,CPI_YOY_M,2022-04,M,2,7.5,7.5,0.0,0.0,ok
EA,CPI_YOY_M,2022-05,M,2,8.1,8.1,0.0,0.0,ok
EA,CPI_YOY_M,2022-06,M,2,8.7,8.7,0.0,0.0,ok
EA,CPI_YOY_M,2022-07,M,2,8.9,8.9,0.0,0.0,ok
EA,CPI_YOY_M,2022-08,M,2,9.2,9.2,0.0,0.0,ok
EA,CPI_YOY_M,2022-09,M,2,9.9,9.9,0.0,0.0,ok
EA,CPI_YOY_M,2022-10,M,2,10.6,10.6,0.0,0.0,ok
EA,CPI_YOY_M,2022-11,M,2,10.1,10.1,0.0,0.0,ok
EA,CPI_YOY_M,2022-12,M,2,9.2,9.2,0.0,0.0,ok
EA,CPI_YOY_M,2023-01,M,2,8.7,8.7,0.0,0.0,ok
EA,CPI_YOY_M,2023-02,M,2,8.5,8.5,0.0,0.0,ok
EA,CPI_YOY_M,2023-03,M,2,6.9,6.9,0.0,0.0,ok
EA,CPI_YOY_M,2023-04,M,2,7.0,7.0,0.0,0.0,ok
EA,CPI_YOY_M,2023-05,M,2,6.1,6.1,0.0,0.0,ok
EA,CPI_YOY_M,2023-06,M,2,5.5,5.5,0.0,0.0,ok
EA,CPI_YOY_M,2023-07,M,2,5.3,5.3,0.0,0.0,ok
EA,CPI_YOY_M,2023-08,M,2,5.2,5.2,0.0,0.0,ok
EA,CPI_YOY_M,2023-09,M,2,4.3,4.3,0.0,0.0,ok
EA,CPI_YOY_M,2023-10,M,2,2.9,2.9,0.0,0.0,ok
EA,CPI_YOY_M,2023-11,M,2,2.4,2.4,0.0,0.0,ok
EA,CPI_YOY_M,2023-12,M,2,2.9,2.9,0.0,0.0,ok
EA,CPI_YOY_M,2024-01,M,2,2.8,2.8,0.0,0.0,ok
EA,CPI_YOY_M,2024-02,M,2,2.6,2.6,0.0,0.0,ok
EA,CPI_YOY_M,2024-03,M,2,2.4,2.4,0.0,0.0,ok
EA,CPI_YOY_M,2024-04,M,2,2.4,2.4,0.0,0.0,ok
EA,CPI_YOY_M,2024-05,M,2,2.6,2.6,0.0,0.0,ok
EA,CPI_YOY_M,2024-06,M,2,2.5,2.5,0.0,0.0,ok
EA,CPI_YOY_M,2024-07,M,2,2.6,2.6,0.0,0.0,ok
EA,CPI_YOY_M,2024-08,M,2,2.2,2.2,0.0,0.0,ok
EA,CPI_YOY_M,2024-09,M,2,1.7,1.7,0.0,0.0,ok
EA,CPI_YOY_M,2024-10,M,2,2.0,2.0,0.0,0.0,ok
EA,CPI_YOY_M,2024-11,M,2,2.2,2.2,0.0,0.0,ok
EA,CPI_YOY_M,2024-12,M,2,2.4,2.4,0.0,0.0,ok
EA,CPI_YOY_M,2025-01,M,2,2.5,2.5,0.0,0.0,ok
EA,CPI_YOY_M,2025-02,M,2,2.3,2.3,0.0,0.0,ok
EA,CPI_YOY_M,2025-03,M,2,2.2,2.2,0.0,0.0,ok
EA,CPI_YOY_M,2025-04,M,2,2.2,2.2,0.0,0.0,ok
EA,CPI_YOY_M,2025-05,M,2,1.9,1.9,0.0,0.0,ok
EA,CPI_YOY_M,2025-06,M,2,2.0,2.0,0.0,0.0,ok
EA,CPI_YOY_M,2025-07,M,2,2.0,2.0,0.0,0.0,ok
EA,CPI_YOY_M,2025-08,M,2,2.0,2.0,0.0,0.0,ok
EA,CPI_YOY_M,2025-09,M,2,2.2,2.2,0.0,0.0,ok
EA,CPI_YOY_M,2025-10,M,2,2.1,2.1,0.0,0.0,ok
EA,CPI_YOY_M,2025-11,M,2,2.1,2.1,0.0,0.0,ok
EA,CPI_YOY_M,2025-12,M,2,1.9,2.0,0.10000000000000009,0.05128205128205133,ok
ES,CPI_YOY_M,2015-01,M,2,-1.5,-1.319439,0.18056099999999997,0.1280829271355046,ok
ES,CPI_YOY_M,2015-02,M,2,-1.2,-1.073575,0.126425,0.11121251773088638,ok
ES,CPI_YOY_M,2015-04,M,2,-0.7,-0.6347154,0.06528459999999991,0.09782549897903317,ok
ES,CPI_YOY_M,2016-04,M,2,-1.2,-1.054663,0.14533700000000005,0.1289212622906395,ok
ES,CPI_YOY_M,2016-05,M,2,-1.1,-0.9870306,0.11296940000000011,0.10825849894103143,ok
ES,CPI_YOY_M,2016-06,M,2,-0.9,-0.7949277,0.10507230000000001,0.1239844035825245,ok
ES,CPI_YOY_M,2016-12,M,2,1.4,1.568389,0.16838900000000012,0.11345480663080217,ok
ES,CPI_YOY_M,2017-01,M,2,2.9,2.974662,0.074662,0.025418313428074674,ok
ES,CPI_YOY_M,2017-02,M,2,2.967712,3.0,0.03228799999999987,0.01082089752320483,ok
ES,CPI_YOY_M,2017-03,M,2,2.1,2.290018,0.1900179999999998,0.08656820997089297,ok
ES,CPI_YOY_M,2017-04,M,2,2.553214,2.6,0.046785999999999994,0.01815798839326292,ok
ES,CPI_YOY_M,2017-05,M,2,1.934785,2.0,0.06521500000000002,0.03314793565595072,ok
ES,CPI_YOY_M,2017-06,M,2,1.509768,1.6,0.09023200000000009,0.05803133867220969,ok
ES,CPI_YOY_M,2017-07,M,2,1.54878,1.7,0.1512199999999999,0.09309340737138243,ok
ES,CPI_YOY_M,2017-09,M,2,1.792519,1.8,0.007481000000000071,0.004164765725664956,ok
ES,CPI_YOY_M,2017-10,M,2,1.570625,1.7,0.12937500000000002,0.0791133193197019,ok
ES,CPI_YOY_M,2017-11,M,2,1.665398,1.8,0.1346020000000001,0.07768342914724376,ok
ES,CPI_YOY_M,2017-12,M,2,1.112139,1.2,0.08786099999999997,0.07599975607002862,ok
ES,CPI_YOY_M,2018-02,M,2,1.073524,1.2,0.12647600000000003,0.11125987673761088,ok
ES,CPI_YOY_M,2018-03,M,2,1.213806,1.3,0.0861940000000001,0.06857649317409546,ok
ES,CPI_YOY_M,2018-04,M,2,1.079303,1.1,0.020697000000000187,0.018994146293562837,ok
ES,CPI_YOY_M,2018-05,M,2,2.051589,2.1,0.048411000000000204,0.023321672737836145,ok
ES,CPI_YOY_M,2018-06,M,2,2.27459,2.3,0.025409999999999933,0.011109192299200555,ok
ES,CPI_YOY_M,2018-07,M,2,2.24593,2.3,0.05406999999999984,0.023788311742591654,ok
ES,CPI_YOY_M,2018-08,M,2,2.188655,2.2,0.011345000000000383,0.005170148940848794,ok
ES,CPI_YOY_M,2018-09,M,2,2.259714,2.3,0.040286000000000044,0.017670406521110776,ok
ES,CPI_YOY_M,2018-10,M,2,2.262042,2.3,0.037957999999999714,0.016640793749816293,ok
ES,CPI_YOY_M,2018-11,M,2,1.68596,1.7,0.014040000000000052,0.008293069026214163,ok
ES,CPI_YOY_M,2018-12,M,2,1.184115,1.2,0.015884999999999927,0.013325699473389435,ok
ES,CPI_YOY_M,2019-01,M,2,0.9794751,1.0,0.020524899999999957,0.020737719812691714,ok
ES,CPI_YOY_M,2019-02,M,2,1.090459,1.1,0.009541000000000022,0.00871141619176622,ok
ES,CPI_YOY_M,2019-03,M,2,1.3,1.337624,0.03762399999999988,0.028528706138554915,ok
ES,CPI_YOY_M,2019-04,M,2,1.52109,1.6,0.07891000000000004,0.05056566776350572,ok
ES,CPI_YOY_M,2019-05,M,2,0.8099085,0.9,0.09009149999999999,0.10537581396899307,ok
ES,CPI_YOY_M,2019-07,M,2,0.5268933,0.6,0.07310669999999997,0.12974910756856922,ok
ES,CPI_YOY_M,2019-12,M,2,0.7880488,0.8,0.01195120000000005,0.015051426631221974,ok
ES,CPI_YOY_M,2020-01,M,2,1.096945,1.1,0.00305500000000003,0.0027811347120661003,ok
ES,CPI_YOY_M,2020-04,M,2,-0.7168899,-0.7,0.016889900000000013,0.02384080795550877,ok
ES,CPI_YOY_M,2020-05,M,2,-0.915837,-0.9,0.01583699999999999,0.017443195617227746,ok
ES,CPI_YOY_M,2020-06,M,2,-0.3417964,-0.3,0.04179640000000001,0.13024815969675121,ok
ES,CPI_YOY_M,2020-07,M,2,-0.7,-0.6198964,0.08010359999999994,0.12137861729147824,ok
ES,CPI_YOY_M,2020-08,M,2,-0.6,-0.5192718,0.08072820000000003,0.1442512890970719,ok
ES,CPI_YOY_M,2020-10,M,2,-0.9,-0.8091754,0.09082460000000003,0.10627885236354331,ok
ES,CPI_YOY_M,2020-11,M,2,-0.8149378,-0.8,0.014937800000000001,0.018499536019281983,ok
ES,CPI_YOY_M,2020-12,M,2,-0.6,-0.5321318,0.06786819999999993,0.11989452111494427,ok
ES,CPI_YOY_M,2021-01,M,2,0.4,0.457077,0.05707699999999999,0.13318990009065693,ok
ES,CPI_YOY_M,2021-03,M,2,1.2,1.341928,0.14192800000000005,0.11166956735202575,ok
ES,CPI_YOY_M,2021-04,M,2,2.0,2.229122,0.22912199999999983,0.10835440547707056,ok
ES,CPI_YOY_M,2021-05,M,2,2.4,2.717201,0.3172010000000003,0.12397441491940625,ok
ES,CPI_YOY_M,2021-06,M,2,2.5,2.732454,0.23245400000000016,0.08885085277386104,ok
ES,CPI_YOY_M,2021-07,M,2,2.881537,2.9,0.018463000000000118,0.006386882934416961,ok
ES,CPI_YOY_M,2021-08,M,2,3.3,3.301745,0.0017450000000001076,0.0005286481074322343,ok
ES,CPI_YOY_M,2021-09,M,2,4.0,4.007239,0.0072390000000002175,0.0018081138829502197,ok
ES,CPI_YOY_M,2021-10,M,2,5.366842,5.4,0.03315800000000024,0.006159280502119422,ok
ES,CPI_YOY_M,2021-11,M,2,5.5,5.516243,0.01624300000000023,0.0029489182473553333,ok
ES,CPI_YOY_M,2021-12,M,2,6.549901,6.6,0.05009899999999945,0.007619677136732733,ok
ES,CPI_YOY_M,2022-01,M,2,6.132215,6.2,0.06778499999999976,0.010993158974279925,ok
ES,CPI_YOY_M,2022-02,M,2,7.6,7.623083,0.02308300000000063,0.0030326314321482226,ok
ES,CPI_YOY_M,2022-03,M,2,9.8,9.818375,0.01837499999999892,0.0018732438339056033,ok
ES,CPI_YOY_M,2022-04,M,2,8.3,8.344685,0.04468499999999942,0.005369281545430198,ok
ES,CPI_YOY_M,2022-05,M,2,8.5,8.727353,0.2273530000000008,0.02639442054737031,ok
ES,CPI_YOY_M,2022-06,M,2,10.0,10.2163,0.21630000000000038,0.021398574417672907,ok
ES,CPI_YOY_M,2022-07,M,2,10.7,10.77025,0.07025000000000148,0.00654393870588386,ok
ES,CPI_YOY_M,2022-08,M,2,10.5,10.54911,0.04911000000000065,0.004666230543714262,ok
ES,CPI_YOY_M,2022-09,M,2,8.871986,9.0,0.1280140000000003,0.014325660281963101,ok
ES,CPI_YOY_M,2022-10,M,2,7.264828,7.3,0.0351720000000002,0.00482971717894646,ok
ES,CPI_YOY_M,2022-11,M,2,6.7,6.809555,0.1095549999999994,0.016218890999740467,ok
ES,CPI_YOY_M,2022-12,M,2,5.5,5.70769,0.20769000000000037,0.03706205292972957,ok
ES,CPI_YOY_M,2023-01,M,2,5.890872,5.9,0.009128000000000469,0.0015483163586205446,ok
ES,CPI_YOY_M,2023-02,M,2,6.0,6.034309,0.03430900000000037,0.005701864560732214,ok
ES,CPI_YOY_M,2023-03,M,2,3.1,3.295651,0.1956509999999998,0.06118251292948906,ok
ES,CPI_YOY_M,2023-04,M,2,3.8,4.095925,0.29592500000000044,0.07495638573061432,ok
ES,CPI_YOY_M,2023-05,M,2,2.9,3.19318,0.29318,0.09623218089733111,ok
ES,CPI_YOY_M,2023-07,M,2,2.1,2.325751,0.2257509999999998,0.1020170362047028,ok
ES,CPI_YOY_M,2023-08,M,2,2.4,2.615517,0.21551700000000018,0.08594009351378938,ok
ES,CPI_YOY_M,2023-09,M,2,3.3,3.516046,0.21604599999999996,0.06339335151200563,ok
ES,CPI_YOY_M,2023-10,M,2,3.467861,3.5,0.03213899999999992,0.009224925698144643,ok
ES,CPI_YOY_M,2023-11,M,2,3.231451,3.3,0.06854899999999997,0.020990435356553996,ok
ES,CPI_YOY_M,2023-12,M,2,3.101939,3.3,0.19806100000000004,0.06187531621279117,ok
ES,CPI_YOY_M,2024-01,M,2,3.406646,3.5,0.09335400000000016,0.0270330924735393,ok
ES,CPI_YOY_M,2024-02,M,2,2.803899,2.9,0.09610099999999999,0.03369659946643515,ok
ES,CPI_YOY_M,2024-03,M,2,3.206703,3.3,0.09329699999999974,0.028677196423442023,ok
ES,CPI_YOY_M,2024-04,M,2,3.309386,3.4,0.09061399999999997,0.02701111547315953,ok
ES,CPI_YOY_M,2024-05,M,2,3.631433,3.8,0.1685669999999999,0.045365947590457964,ok
ES,CPI_YOY_M,2024-06,M,2,3.43379,3.6,0.16620999999999997,0.04726043854024643,ok
ES,CPI_YOY_M,2024-07,M,2,2.768695,2.9,0.13130499999999978,0.046326359065005186,ok
ES,CPI_YOY_M,2024-08,M,2,2.260736,2.4,0.13926399999999983,0.05976051851038112,ok
ES,CPI_YOY_M,2024-09,M,2,1.465399,1.7,0.23460100000000006,0.14822839079686326,ok
ES,CPI_YOY_M,2024-10,M,2,1.8,1.803371,0.003371000000000013,0.0018710257700358984,ok
ES,CPI_YOY_M,2024-11,M,2,2.4,2.409958,0.009958000000000133,0.004140576695264338,ok
ES,CPI_YOY_M,2024-12,M,2,2.8,2.847107,0.04710700000000001,0.016683586834816487,ok
ES,CPI_YOY_M,2025-01,M,2,2.9,2.935523,0.03552299999999997,0.01217474423457845,ok
ES,CPI_YOY_M,2025-02,M,2,2.9,2.973455,0.07345500000000005,0.02501253521138752,ok
ES,CPI_YOY_M,2025-03,M,2,2.2,2.255088,0.055088000000000026,0.024730375696282555,ok
ES,CPI_YOY_M,2025-04,M,2,2.186677,2.2,0.013323000000000196,0.006074301800656941,ok
ES,CPI_YOY_M,2025-05,M,2,1.987459,2.0,0.012540999999999913,0.006290221416696654,ok
ES,CPI_YOY_M,2025-06,M,2,2.284618,2.3,0.015381999999999785,0.006710264628372434,ok
ES,CPI_YOY_M,2025-07,M,2,2.694968,2.7,0.0050320000000003695,0.0018654420193040511,ok
ES,CPI_YOY_M,2025-08,M,2,2.693873,2.7,0.006127000000000216,0.0022718369527796505,ok
ES,CPI_YOY_M,2025-09,M,2,3.0,3.022372,0.022371999999999836,0.007429630716933406,ok
ES,CPI_YOY_M,2025-10,M,2,3.089193,3.2,0.11080700000000032,0.03523727130014942,ok
ES,CPI_YOY_M,2025-11,M,2,3.035945,3.2,0.16405500000000028,0.05261592268693848,ok
ES,CPI_YOY_M,2025-12,M,2,2.924468,3.0,0.07553199999999993,0.0254983232249714,ok
FR,CPI_YOY_M,2015-01,M,2,-0.4,-0.3829101,0.017089900000000047,0.04365737522098653,ok
FR,CPI_YOY_M,2015-02,M,2,-0.3,-0.2705682,0.029431800000000008,0.10316663284073668,ok
FR,CPI_YOY_M,2015-05,M,2,0.2993414,0.3,0.0006586000000000092,0.0021977457255581184,ok
FR,CPI_YOY_M,2015-06,M,2,0.2595328,0.3,0.04046719999999998,0.1446463907031008,ok
FR,CPI_YOY_M,2017-02,M,2,1.208094,1.4,0.1919059999999999,0.1471618737668197,ok
FR,CPI_YOY_M,2017-05,M,2,0.8059701,0.9,0.0940299,0.11023628139789789,ok
FR,CPI_YOY_M,2017-07,M,2,0.7182045,0.8,0.08179550000000002,0.1077529410563597,ok
FR,CPI_YOY_M,2017-08,M,2,0.9047524,1.0,0.09524759999999999,0.10001047905229046,ok
FR,CPI_YOY_M,2017-09,M,2,0.9866454,1.1,0.11335460000000008,0.10864768877356937,ok
FR,CPI_YOY_M,2017-10,M,2,1.056093,1.2,0.143907,0.12757186871285892,ok
FR,CPI_YOY_M,2017-11,M,2,1.175884,1.2,0.024116000000000026,0.02030065440905366,ok
FR,CPI_YOY_M,2017-12,M,2,1.19225,1.2,0.007749999999999924,0.006479255930609196,ok
FR,CPI_YOY_M,2018-01,M,2,1.334528,1.5,0.16547200000000006,0.11675453549938479,ok
FR,CPI_YOY_M,2018-02,M,2,1.183726,1.3,0.11627399999999999,0.09362868528976223,ok
FR,CPI_YOY_M,2018-03,M,2,1.561728,1.7,0.13827199999999995,0.08478450686262004,ok
FR,CPI_YOY_M,2018-04,M,2,1.639344,1.8,0.16065600000000013,0.09342246660991173,ok
FR,CPI_YOY_M,2018-05,M,2,2.023492,2.3,0.27650799999999975,0.12790956939436907,ok
FR,CPI_YOY_M,2018-06,M,2,2.023293,2.3,0.27670700000000004,0.12800751649263653,ok
FR,CPI_YOY_M,2018-07,M,2,2.287808,2.6,0.312192,0.12774315194050176,ok
FR,CPI_YOY_M,2018-08,M,2,2.25638,2.6,0.34362000000000004,0.14151281407138652,ok
FR,CPI_YOY_M,2018-09,M,2,2.20073,2.5,0.2992699999999999,0.12732915951352233,ok
FR,CPI_YOY_M,2018-10,M,2,2.20842,2.5,0.2915800000000002,0.12385471134690625,ok
FR,CPI_YOY_M,2019-01,M,2,1.238329,1.4,0.1616709999999999,0.12255560242865837,ok
FR,CPI_YOY_M,2019-11,M,2,1.034316,1.2,0.16568399999999994,0.1483084756140134,ok
FR,CPI_YOY_M,2019-12,M,2,1.45936,1.6,0.1406400000000001,0.09194079807541454,ok
FR,CPI_YOY_M,2020-01,M,2,1.485293,1.7,0.21470699999999998,0.13481146004464895,ok
FR,CPI_YOY_M,2020-02,M,2,1.426354,1.6,0.1736460000000002,0.11475590760367108,ok
FR,CPI_YOY_M,2020-05,M,2,0.3642289,0.4,0.0357711,0.09361357572318975,ok
FR,CPI_YOY_M,2020-06,M,2,0.2,0.2008032,0.0008031999999999762,0.004007952032318984,ok
FR,CPI_YOY_M,2020-07,M,2,0.7760108,0.9,0.12398920000000002,0.14795751912815838,ok
FR,CPI_YOY_M,2020-08,M,2,0.2,0.2193401,0.0193401,0.09224064190379122,ok
FR,CPI_YOY_M,2020-11,M,2,0.2,0.2009185,0.0009184999999999888,0.004581978631567208,ok
FR,CPI_YOY_M,2022-01,M,2,2.853881,3.3,0.44611899999999993,0.14498785400627667,ok
FR,CPI_YOY_M,2022-02,M,2,3.633942,4.2,0.5660580000000004,0.1445142177463148,ok
FR,CPI_YOY_M,2022-03,M,2,4.482269,5.1,0.617731,0.12893209322343174,ok
FR,CPI_YOY_M,2022-04,M,2,4.82713,5.4,0.57287,0.11202947454466697,ok
FR,CPI_YOY_M,2022-05,M,2,5.19774,5.8,0.6022600000000002,0.10952432045129276,ok
FR,CPI_YOY_M,2022-06,M,2,5.839759,6.5,0.6602410000000001,0.10701035571278175,ok
FR,CPI_YOY_M,2022-07,M,2,6.080827,6.8,0.7191729999999996,0.11166565625017705,ok
FR,CPI_YOY_M,2022-08,M,2,5.913125,6.6,0.6868749999999997,0.10978472603766042,ok
FR,CPI_YOY_M,2022-09,M,2,5.551915,6.2,0.648085,0.11029436479075963,ok
FR,CPI_YOY_M,2022-10,M,2,6.200466,7.1,0.8995340000000001,0.13526353136799868,ok
FR,CPI_YOY_M,2022-11,M,2,6.15013,7.1,0.9498699999999998,0.14337519707353813,ok
FR,CPI_YOY_M,2022-12,M,2,5.850718,6.7,0.8492820000000005,0.13533600229086504,ok
FR,CPI_YOY_M,2023-10,M,2,3.977173,4.5,0.5228269999999999,0.12334937602429487,ok
FR,CPI_YOY_M,2023-11,M,2,3.474532,3.9,0.42546799999999996,0.11538847482118186,ok
FR,CPI_YOY_M,2023-12,M,2,3.705326,4.1,0.39467399999999975,0.1011294083040221,ok
FR,CPI_YOY_M,2024-01,M,2,3.132635,3.4,0.26736499999999985,0.08185517788763641,ok
FR,CPI_YOY_M,2024-02,M,2,2.962515,3.2,0.2374850000000004,0.07707405174673015,ok
FR,CPI_YOY_M,2024-03,M,2,2.294717,2.4,0.10528300000000002,0.04485169180591717,ok
FR,CPI_YOY_M,2024-04,M,2,2.187234,2.4,0.2127659999999998,0.09276439789206296,ok
FR,CPI_YOY_M,2024-05,M,2,2.273501,2.6,0.3264990000000001,0.13398950774812607,ok
FR,CPI_YOY_M,2024-06,M,2,2.167446,2.5,0.332554,0.14249934546644996,ok
FR,CPI_YOY_M,2025-01,M,2,1.649886,1.8,0.15011400000000008,0.0870254843203515,ok
FR,CPI_YOY_M,2025-02,M,2,0.796913,0.9,0.10308700000000004,0.1214994522406276,ok
FR,CPI_YOY_M,2025-04,M,2,0.824519,0.9,0.07548100000000002,0.08753861221592807,ok
FR,CPI_YOY_M,2025-05,M,2,0.6,0.6577304,0.05773040000000007,0.09180091377293587,ok
FR,CPI_YOY_M,2025-06,M,2,0.9,0.9650582,0.06505819999999995,0.06976532957523787,ok
FR,CPI_YOY_M,2025-07,M,2,0.9,0.9965122,0.09651219999999994,0.10177862288468266,ok
FR,CPI_YOY_M,2025-08,M,2,0.8,0.8838592,0.08385919999999991,0.09960357730622597,ok
FR,CPI_YOY_M,2025-09,M,2,1.1,1.162596,0.06259599999999987,0.055331132911045425,ok
FR,CPI_YOY_M,2025-11,M,2,0.8,0.9021049,0.10210489999999994,0.11997486171386962,ok
FR,CPI_YOY_M,2025-12,M,2,0.7,0.7919967,0.09199670000000004,0.12332024594960571,ok
IT,CPI_YOY_M,2015-01,M,2,-0.5586592,-0.5,0.05865920000000002,0.11081791005075102,ok
IT,CPI_YOY_M,2015-04,M,2,-0.1,-0.09293681,0.007063190000000011,0.0732176508982398,ok
IT,CPI_YOY_M,2015-06,M,2,0.1858736,0.2,0.014126400000000011,0.073217758354031,ok
IT,CPI_YOY_M,2015-09,M,2,0.1863933,0.2,0.0136067,0.07042927504177737,ok
IT,CPI_YOY_M,2015-10,M,2,0.2793296,0.3,0.020670399999999978,0.0713597233768134,ok
IT,CPI_YOY_M,2015-11,M,2,0.09328358,0.1,0.006716420000000001,0.06949809187102185,ok
IT,CPI_YOY_M,2015-12,M,2,0.09328358,0.1,0.006716420000000001,0.06949809187102185,ok
IT,CPI_YOY_M,2016-03,M,2,-0.2143997,-0.2,0.014399699999999988,0.06949667193291881,ok
IT,CPI_YOY_M,2016-05,M,2,-0.3,-0.2927983,0.0072016999999999776,0.02429730314678695,ok
IT,CPI_YOY_M,2016-09,M,2,0.09995245,0.1,4.755000000000731e-05,0.000475613077009132,ok
IT,CPI_YOY_M,2016-11,M,2,0.08615936,0.1,0.013840640000000001,0.14869668653781365,ok
IT,CPI_YOY_M,2016-12,M,2,0.4869047,0.5,0.013095299999999976,0.026538124704442032,ok
IT,CPI_YOY_M,2017-01,M,2,1.0,1.004016,0.0040160000000000196,0.004007952032319123,ok
IT,CPI_YOY_M,2017-02,M,2,1.6,1.609658,0.009657999999999944,0.006018086662192635,ok
IT,CPI_YOY_M,2017-03,M,2,1.4,1.405622,0.005622000000000016,0.004007667461974576,ok
IT,CPI_YOY_M,2017-04,M,2,1.909548,2.0,0.09045199999999998,0.046272356804418296,ok
IT,CPI_YOY_M,2017-05,M,2,1.402806,1.6,0.1971940000000001,0.13133982015488185,ok
IT,CPI_YOY_M,2017-06,M,2,1.2,1.201201,0.0012010000000000076,0.0010003327501529507,ok
IT,CPI_YOY_M,2017-07,M,2,1.098901,1.2,0.10109900000000005,0.08795420072460715,ok
IT,CPI_YOY_M,2017-10,M,2,1.0,1.1,0.10000000000000009,0.09523809523809532,ok
IT,CPI_YOY_M,2017-12,M,2,0.8973081,1.0,0.10269189999999995,0.10825010445061606,ok
IT,CPI_YOY_M,2018-02,M,2,0.4950495,0.5,0.004950500000000024,0.009950258755971487,ok
IT,CPI_YOY_M,2018-03,M,2,0.7920792,0.9,0.10792080000000004,0.12755998655382092,ok
IT,CPI_YOY_M,2018-05,M,2,0.9881423,1.0,0.011857699999999971,0.01192842182372959,ok
IT,CPI_YOY_M,2018-06,M,2,1.285856,1.4,0.1141439999999998,0.08499636614919027,ok
IT,CPI_YOY_M,2018-08,M,2,1.576355,1.6,0.023645000000000138,0.014888134355259496,ok
IT,CPI_YOY_M,2018-09,M,2,1.383399,1.5,0.11660099999999995,0.08087746440919204,ok
IT,CPI_YOY_M,2018-10,M,2,1.584158,1.7,0.115842,0.07054593597506577,ok
IT,CPI_YOY_M,2018-11,M,2,1.587302,1.6,0.012698000000000098,0.007967867494200486,ok
IT,CPI_YOY_M,2018-12,M,2,1.086957,1.2,0.113043,0.09885887666449347,ok
IT,CPI_YOY_M,2019-01,M,2,0.8866995,0.9,0.013300500000000048,0.014888345801854254,ok
IT,CPI_YOY_M,2019-02,M,2,0.9852217,1.1,0.11477830000000011,0.1100873830346194,ok
IT,CPI_YOY_M,2019-03,M,2,0.9823183,1.1,0.11768170000000011,0.1130295017817402,ok
IT,CPI_YOY_M,2019-04,M,2,1.07949,1.1,0.020510000000000028,0.01882091681999002,ok
IT,CPI_YOY_M,2019-05,M,2,0.7827789,0.9,0.11722109999999997,0.13931848087707774,ok
IT,CPI_YOY_M,2019-10,M,2,0.1949318,0.2,0.005068200000000023,0.025666203633133735,ok
IT,CPI_YOY_M,2019-11,M,2,0.1953125,0.2,0.004687500000000011,0.0237154150197629,ok
IT,CPI_YOY_M,2019-12,M,2,0.4887586,0.5,0.011241400000000012,0.022738411579934704,ok
IT,CPI_YOY_M,2020-03,M,2,0.09727626,0.1,0.0027237400000000023,0.027613459419800458,ok
IT,CPI_YOY_M,2020-08,M,2,-0.5,-0.4830918,0.016908199999999984,0.03439800840572566,ok
IT,CPI_YOY_M,2021-04,M,2,1.0,1.067961,0.06796099999999994,0.06572754515196363,ok
IT,CPI_YOY_M,2021-05,M,2,1.2,1.264591,0.06459100000000007,0.052415187753262156,ok
IT,CPI_YOY_M,2021-06,M,2,1.263363,1.3,0.03663700000000003,0.028585104801778,ok
IT,CPI_YOY_M,2021-09,M,2,2.541544,2.9,0.3584559999999999,0.13174790096340297,ok
IT,CPI_YOY_M,2021-10,M,2,3.02439,3.2,0.17561000000000027,0.05642641286937363,ok
IT,CPI_YOY_M,2021-11,M,2,3.710938,3.9,0.18906199999999984,0.04968165553312873,ok
IT,CPI_YOY_M,2021-12,M,2,3.898635,4.2,0.3013650000000001,0.07442365287483635,ok
IT,CPI_YOY_M,2022-01,M,2,4.840271,5.1,0.2597289999999992,0.05225793139844965,ok
IT,CPI_YOY_M,2022-02,M,2,5.705996,6.2,0.49400400000000033,0.08298406953941533,ok
IT,CPI_YOY_M,2022-03,M,2,6.460945,6.8,0.3390550000000001,0.05113587304675498,ok
IT,CPI_YOY_M,2022-04,M,2,5.955812,6.3,0.34418799999999994,0.0561673106604442,ok
IT,CPI_YOY_M,2022-05,M,2,6.820365,7.3,0.47963500000000003,0.06793521272290058,ok
IT,CPI_YOY_M,2022-06,M,2,7.965451,8.5,0.5345490000000002,0.06492977325674226,ok
IT,CPI_YOY_M,2022-07,M,2,7.927412,8.4,0.472588,0.057888904867470725,ok
IT,CPI_YOY_M,2022-08,M,2,8.372978,9.1,0.7270219999999998,0.08321672470485568,ok
IT,CPI_YOY_M,2022-09,M,2,8.865586,9.4,0.534414,0.058515943589217446,ok
IT,CPI_YOY_M,2022-10,M,2,11.83712,12.6,0.7628799999999991,0.06243616269020237,ok
IT,CPI_YOY_M,2022-11,M,2,11.77024,12.6,0.8297600000000003,0.06809616975458595,ok
IT,CPI_YOY_M,2022-12,M,2,11.63227,12.3,0.6677300000000006,0.055801643554915646,ok
IT,CPI_YOY_M,2023-01,M,2,9.9723,10.7,0.7276999999999987,0.07040339004368151,ok
IT,CPI_YOY_M,2023-02,M,2,9.149131,9.8,0.6508690000000001,0.06869644840177633,ok
IT,CPI_YOY_M,2023-03,M,2,7.608696,8.1,0.4913039999999995,0.06255185026179125,ok
IT,CPI_YOY_M,2023-04,M,2,8.159565,8.6,0.440434999999999,0.052559240051874734,ok
IT,CPI_YOY_M,2023-05,M,2,7.643885,8.0,0.35611499999999996,0.045527693408638575,ok
IT,CPI_YOY_M,2023-06,M,2,6.4,6.7,0.2999999999999998,0.04580152671755722,ok
IT,CPI_YOY_M,2023-07,M,2,5.929204,6.3,0.37079599999999946,0.06064106870733361,ok
IT,CPI_YOY_M,2023-08,M,2,5.443371,5.5,0.05662900000000004,0.010349461788328303,ok
IT,CPI_YOY_M,2023-09,M,2,5.341506,5.6,0.2584939999999998,0.047250168304070715,ok
IT,CPI_YOY_M,2023-10,M,2,1.69348,1.8,0.10651999999999995,0.06098217250420781,ok
IT,CPI_YOY_M,2023-11,M,2,0.6,0.673968,0.07396800000000003,0.11612222598997782,ok
IT,CPI_YOY_M,2024-01,M,2,0.8396305,0.9,0.060369500000000076,0.06940496846887896,ok
IT,CPI_YOY_M,2024-02,M,2,0.7544007,0.8,0.04559930000000001,0.0586712293683347,ok
IT,CPI_YOY_M,2024-03,M,2,1.178451,1.2,0.02154900000000004,0.018120196716266208,ok
IT,CPI_YOY_M,2024-04,M,2,0.838223,0.9,0.06177699999999997,0.07108063809994457,ok
IT,CPI_YOY_M,2024-05,M,2,0.7518797,0.8,0.048120300000000005,0.06201550287693047,ok
IT,CPI_YOY_M,2024-06,M,2,0.8354219,0.9,0.06457809999999997,0.07442351626425825,ok
IT,CPI_YOY_M,2024-08,M,2,1.082431,1.2,0.11756900000000003,0.10302085802374752,ok
IT,CPI_YOY_M,2024-09,M,2,0.7,0.7481297,0.04812970000000005,0.066471532211514,ok
IT,CPI_YOY_M,2024-10,M,2,0.9159034,1.0,0.08409659999999997,0.0877879333582267,ok
IT,CPI_YOY_M,2024-11,M,2,1.338912,1.5,0.1610879999999999,0.11348572974435268,ok
IT,CPI_YOY_M,2024-12,M,2,1.253133,1.4,0.14686699999999986,0.11071212788804773,ok
IT,CPI_YOY_M,2025-01,M,2,1.498751,1.7,0.201249,0.12582973791958177,ok
IT,CPI_YOY_M,2025-02,M,2,1.580699,1.7,0.11930099999999988,0.07272901293291452,ok
IT,CPI_YOY_M,2025-03,M,2,1.913478,2.1,0.18652200000000008,0.09294781234629917,ok
IT,CPI_YOY_M,2025-04,M,2,1.911887,2.0,0.08811300000000011,0.04504884726987263,ok
IT,CPI_YOY_M,2025-05,M,2,1.575456,1.7,0.12454399999999999,0.07604681607690654,ok
IT,CPI_YOY_M,2025-06,M,2,1.657001,1.8,0.1429990000000001,0.08273008888339928,ok
IT,CPI_YOY_M,2025-07,M,2,1.650165,1.7,0.04983499999999985,0.029750773469366346,ok
IT,CPI_YOY_M,2025-08,M,2,1.565074,1.6,0.03492600000000001,0.022069626176196833,ok
IT,CPI_YOY_M,2025-09,M,2,1.567657,1.8,0.23234299999999997,0.13798495511864775,ok
IT,CPI_YOY_M,2025-10,M,2,1.237624,1.3,0.06237599999999999,0.04916094740591986,ok
IT,CPI_YOY_M,2025-11,M,2,1.073493,1.1,0.02650700000000006,0.024391152858555382,ok
IT,CPI_YOY_M,2025-12,M,2,1.155115,1.2,0.044885000000000064,0.038117034624636226,ok
AR,CURRENT_ACCOUNT_GDP_A,2015,A,2,-2.96292666513533,-2.743,0.21992666513533,0.07708709839512594,ok
AR,CURRENT_ACCOUNT_GDP_A,2016,A,2,-2.713,-2.70922168361454,0.003778316385460112,0.001393641428154013,ok
AR,CURRENT_ACCOUNT_GDP_A,2017,A,2,-4.8399592180739,-4.838,0.001959218073899649,0.00040488248188538475,ok
AR,CURRENT_ACCOUNT_GDP_A,2018,A,2,-5.164,-5.16055257152295,0.0034474284770498187,0.0006678116951156745,ok
AR,CURRENT_ACCOUNT_GDP_A,2019,A,2,-0.781,-0.779998447561847,0.0010015524381530305,0.0012832202872685417,ok
AR,CURRENT_ACCOUNT_GDP_A,2020,A,2,0.696935361136029,0.698,0.0010646388639709015,0.0015264346917177073,ok
AR,CURRENT_ACCOUNT_GDP_A,2021,A,2,1.36154422203441,1.363,0.0014557779655899328,0.0010686396306703416,ok
AR,CURRENT_ACCOUNT_GDP_A,2022,A,2,-0.626,-0.62525456692328,0.0007454330767200368,0.0011914970724989852,ok
AR,CURRENT_ACCOUNT_GDP_A,2023,A,2,-3.198,-3.1951463789585,0.0028536210414999985,0.0008927125619685494,ok
AR,CURRENT_ACCOUNT_GDP_A,2024,A,2,0.893118418089374,0.894,0.0008815819106260392,0.0009865959655527999,ok
BR,CURRENT_ACCOUNT_GDP_A,2015,A,2,-3.523,-3.5183920728161,0.004607927183900351,0.001308811421448793,ok
BR,CURRENT_ACCOUNT_GDP_A,2016,A,2,-1.70011360207642,-1.699,0.0011136020764199728,0.0006552308670941186,ok
BR,CURRENT_ACCOUNT_GDP_A,2017,A,2,-1.22429942889483,-1.224,0.00029942889482992285,0.0002446015314107932,ok
BR,CURRENT_ACCOUNT_GDP_A,2018,A,2,-2.808,-2.80752036371843,0.00047963628156999505,0.00017082523096840637,ok
BR,CURRENT_ACCOUNT_GDP_A,2019,A,2,-3.41429111497121,-3.414,0.000291114971209705,8.526729933099298e-05,ok
BR,CURRENT_ACCOUNT_GDP_A,2020,A,2,-1.64103535066212,-1.641,3.535066212001503e-05,2.1541914295885545e-05,ok
BR,CURRENT_ACCOUNT_GDP_A,2021,A,2,-2.35822088025659,-2.358,0.00022088025658995036,9.366832563530535e-05,ok
BR,CURRENT_ACCOUNT_GDP_A,2022,A,2,-2.15,-2.14967710619443,0.0003228938055697128,0.00015019444371975203,ok
BR,CURRENT_ACCOUNT_GDP_A,2023,A,2,-1.236,-1.23558182662996,0.0004181733700399093,0.0003383852118787385,ok
BR,CURRENT_ACCOUNT_GDP_A,2024,A,2,-3.02715961462093,-3.027,0.00015961462092972667,5.27289107291634e-05,ok
CN,CURRENT_ACCOUNT_GDP_A,2015,A,2,2.592,2.59752794949746,0.00552794949746005,0.0021304247905612923,ok
CN,CURRENT_ACCOUNT_GDP_A,2016,A,2,1.67018709565351,1.671,0.000812904346489951,0.0004865961248009389,ok
CN,CURRENT_ACCOUNT_GDP_A,2017,A,2,1.50488723669315,1.507,0.002112763306849841,0.0014029498057633214,ok
CN,CURRENT_ACCOUNT_GDP_A,2018,A,2,0.170563391928727,0.171,0.00043660807127302026,0.0025565273187363475,ok
CN,CURRENT_ACCOUNT_GDP_A,2019,A,2,0.705,0.706790487310518,0.0017904873105180075,0.002536477369144075,ok
CN,CURRENT_ACCOUNT_GDP_A,2020,A,2,1.647,1.65930095801393,0.012300958013929941,0.007440918518995945,ok
CN,CURRENT_ACCOUNT_GDP_A,2021,A,2,1.93875176197337,1.941,0.0022482380266299895,0.0011589597296742826,ok
CN,CURRENT_ACCOUNT_GDP_A,2022,A,2,2.418,2.42059259149418,0.0025925914941797856,0.0010716304153142934,ok
CN,CURRENT_ACCOUNT_GDP_A,2023,A,2,1.434,1.4415829879426,0.00758298794260015,0.0052740525830037455,ok
CN,CURRENT_ACCOUNT_GDP_A,2024,A,2,2.238,2.2616499482671,0.023649948267100207,0.010511905832234015,ok
DE,CURRENT_ACCOUNT_GDP_A,2015,A,2,8.09671429040111,8.101,0.004285709598891074,0.0005291746134120687,ok
DE,CURRENT_ACCOUNT_GDP_A,2016,A,2,8.9023603683727,8.909,0.006639631627301412,0.0007455501982983043,ok
DE,CURRENT_ACCOUNT_GDP_A,2017,A,2,8.062,8.07873526112888,0.016735261128880907,0.0020736677552953614,ok
DE,CURRENT_ACCOUNT_GDP_A,2018,A,2,8.421,8.43761219902204,0.01661219902204003,0.0019707670863920454,ok
DE,CURRENT_ACCOUNT_GDP_A,2019,A,2,7.873,7.87471222403171,0.001712224031710008,0.0002174568606984166,ok
DE,CURRENT_ACCOUNT_GDP_A,2020,A,2,6.318,6.34782686016016,0.029826860160160784,0.004709816499068048,ok
DE,CURRENT_ACCOUNT_GDP_A,2021,A,2,6.909,6.9200696637534,0.011069663753399794,0.0016009267467086193,ok
DE,CURRENT_ACCOUNT_GDP_A,2022,A,2,3.811,3.85045627175846,0.039456271758460115,0.010299940470561243,ok
DE,CURRENT_ACCOUNT_GDP_A,2023,A,2,5.51222510245724,5.517,0.004774897542760392,0.0008658627416529156,ok
DE,CURRENT_ACCOUNT_GDP_A,2024,A,2,5.809,5.81156126321154,0.0025612632115397105,0.00044081574951946196,ok
ES,CURRENT_ACCOUNT_GDP_A,2015,A,2,2.03697429462383,2.046,0.009025705376169757,0.004421142395167251,ok
ES,CURRENT_ACCOUNT_GDP_A,2016,A,2,3.147,3.15808866042231,0.01108866042231016,0.0035173685952791817,ok
ES,CURRENT_ACCOUNT_GDP_A,2017,A,2,2.793,2.82857699785742,0.035576997857419634,0.01265730163296857,ok
ES,CURRENT_ACCOUNT_GDP_A,2018,A,2,1.86142647160726,1.877,0.015573528392740066,0.00833159539769926,ok
ES,CURRENT_ACCOUNT_GDP_A,2019,A,2,2.11978917805627,2.129,0.009210821943729908,0.004335739693228865,ok
ES,CURRENT_ACCOUNT_GDP_A,2020,A,2,0.789,0.819280213926566,0.03028021392656599,0.03765539570077504,ok
ES,CURRENT_ACCOUNT_GDP_A,2021,A,2,0.765004613238441,0.773,0.007995386761558976,0.010397090740480671,ok
ES,CURRENT_ACCOUNT_GDP_A,2022,A,2,0.379418337465124,0.419,0.039581662534875994,0.09915018400139132,ok
ES,CURRENT_ACCOUNT_GDP_A,2023,A,2,2.732,2.73246084042226,0.0004608404222596896,0.00016866821291890843,ok
ES,CURRENT_ACCOUNT_GDP_A,2024,A,2,3.179,3.18327391138732,0.0042739113873202506,0.0013435169396497444,ok
FR,CURRENT_ACCOUNT_GDP_A,2015,A,2,-0.334528437032909,-0.325,0.00952843703290901,0.028894696567673732,ok
FR,CURRENT_ACCOUNT_GDP_A,2016,A,2,-0.538632351885891,-0.528,0.010632351885890956,0.019936301138985917,ok
FR,CURRENT_ACCOUNT_GDP_A,2017,A,2,-0.547,-0.474615185215668,0.07238481478433206,0.14170661484255692,ok
FR,CURRENT_ACCOUNT_GDP_A,2018,A,2,-0.735670615255372,-0.698,0.037670615255372075,0.052551283195076175,ok
FR,CURRENT_ACCOUNT_GDP_A,2019,A,2,0.587362764575747,0.597,0.009637235424252988,0.01627412767861739,ok
FR,CURRENT_ACCOUNT_GDP_A,2020,A,2,-2.053,-2.00313613657686,0.049863863423139865,0.02458687861755154,ok
FR,CURRENT_ACCOUNT_GDP_A,2021,A,2,0.244238511780543,0.277,0.03276148821945701,0.12570632245704277,ok
FR,CURRENT_ACCOUNT_GDP_A,2022,A,2,-1.43234855251881,-1.419,0.013348552518809953,0.009362974938309928,ok
FR,CURRENT_ACCOUNT_GDP_A,2023,A,2,-1.04301703799496,-1.039,0.004017037994960004,0.0038587945455321768,ok
FR,CURRENT_ACCOUNT_GDP_A,2024,A,2,0.0851279883251641,0.091,0.005872011674835892,0.06667891606182541,ok
GB,CURRENT_ACCOUNT_GDP_A,2015,A,2,-4.91700489264854,-4.782,0.13500489264854032,0.027838916289416177,ok
GB,CURRENT_ACCOUNT_GDP_A,2016,A,2,-5.46283821927875,-5.245,0.21783821927875024,0.04068761869908476,ok
GB,CURRENT_ACCOUNT_GDP_A,2017,A,2,-3.47326460218152,-3.379,0.09426460218152011,0.02751341568202418,ok
GB,CURRENT_ACCOUNT_GDP_A,2018,A,2,-3.88728858372976,-3.723,0.16428858372976007,0.043175388665548646,ok
GB,CURRENT_ACCOUNT_GDP_A,2019,A,2,-2.66245642145608,-2.479,0.18345642145607988,0.07136360066789181,ok
GB,CURRENT_ACCOUNT_GDP_A,2020,A,2,-2.92883387550298,-2.72,0.20883387550297972,0.07393875624794678,ok
GB,CURRENT_ACCOUNT_GDP_A,2021,A,2,-0.756,-0.752836357784011,0.003163642215988971,0.004193486191750219,ok
GB,CURRENT_ACCOUNT_GDP_A,2022,A,2,-2.06737101121871,-1.916,0.1513710112187101,0.07600146247607412,ok
GB,CURRENT_ACCOUNT_GDP_A,2023,A,2,-3.57676183842871,-3.57,0.006761838428710032,0.0018922803310307856,ok
GB,CURRENT_ACCOUNT_GDP_A,2024,A,2,-2.98180220382834,-2.978,0.003802203828339845,0.0012759496702415595,ok
ID,CURRENT_ACCOUNT_GDP_A,2015,A,2,-2.03504192745968,-2.035,4.192745967968037e-05,2.0602962046560254e-05,ok
ID,CURRENT_ACCOUNT_GDP_A,2016,A,2,-1.81915089251384,-1.819,0.00015089251384003965,8.295011300962176e-05,ok
ID,CURRENT_ACCOUNT_GDP_A,2017,A,2,-1.595,-1.59465689989364,0.0003431001063600725,0.000215132923150144,ok
ID,CURRENT_ACCOUNT_GDP_A,2018,A,2,-2.93907291477017,-2.939,7.291477017012937e-05,2.4809073050765414e-05,ok
ID,CURRENT_ACCOUNT_GDP_A,2019,A,2,-2.706,-2.7056619813955,0.0003380186044998901,0.00012492229029157712,ok
ID,CURRENT_ACCOUNT_GDP_A,2020,A,2,-0.419,-0.418606247736126,0.0003937522638740032,0.0009401846391146986,ok
ID,CURRENT_ACCOUNT_GDP_A,2021,A,2,0.295885914526078,0.296,0.00011408547392199875,0.0003854981884924455,ok
ID,CURRENT_ACCOUNT_GDP_A,2022,A,2,1.00182875104005,1.002,0.00017124895994991007,0.00017092175153293561,ok
ID,CURRENT_ACCOUNT_GDP_A,2023,A,2,-0.149,-0.148899338519633,0.00010066148036699807,0.0006758086867008199,ok
ID,CURRENT_ACCOUNT_GDP_A,2024,A,2,-0.615,-0.614730822956647,0.0002691770433529417,0.00043778205494720895,ok
IN,CURRENT_ACCOUNT_GDP_A,2015,A,2,-1.06754907167964,-1.061,0.006549071679640139,0.0061535548010384945,ok
IN,CURRENT_ACCOUNT_GDP_A,2018,A,2,-2.42697545810527,-2.155,0.27197545810527,0.11871537095387973,ok
IN,CURRENT_ACCOUNT_GDP_A,2022,A,2,-2.36247481487452,-2.061,0.3014748148745201,0.1363067848202825,ok
IT,CURRENT_ACCOUNT_GDP_A,2015,A,2,1.23326652485504,1.243,0.009733475144960035,0.007861411562335625,ok
IT,CURRENT_ACCOUNT_GDP_A,2016,A,2,2.461,2.46140246001819,0.00040246001818999844,0.00016352178492471794,ok
IT,CURRENT_ACCOUNT_GDP_A,2017,A,2,2.439,2.47968309636806,0.04068309636805978,0.016542271811778256,ok
IT,CURRENT_ACCOUNT_GDP_A,2018,A,2,2.501,2.57144669559437,0.07044669559437011,0.02777621917862872,ok
IT,CURRENT_ACCOUNT_GDP_A,2019,A,2,3.157,3.23388196417885,0.07688196417884985,0.024059891767607772,ok
IT,CURRENT_ACCOUNT_GDP_A,2020,A,2,3.761,3.9369545603398,0.17595456033979984,0.04571462690786081,ok
IT,CURRENT_ACCOUNT_GDP_A,2021,A,2,2.007,2.03966459401318,0.032664594013180004,0.01614395918134925,ok
IT,CURRENT_ACCOUNT_GDP_A,2022,A,2,-1.82962143546248,-1.828,0.0016214354624799476,0.0008866064961011629,ok
IT,CURRENT_ACCOUNT_GDP_A,2023,A,2,0.221,0.224243443277791,0.003243443277790997,0.014569302824151356,ok
IT,CURRENT_ACCOUNT_GDP_A,2024,A,2,1.079,1.08253400174467,0.003534001744670112,0.0032699015993434876,ok
JP,CURRENT_ACCOUNT_GDP_A,2015,A,2,3.009,3.07027965906978,0.061279659069779946,0.020160171107889664,ok
JP,CURRENT_ACCOUNT_GDP_A,2016,A,2,3.87,3.93809128404803,0.06809128404802989,0.0174412110645122,ok
JP,CURRENT_ACCOUNT_GDP_A,2017,A,2,4.04,4.12036966283799,0.08036966283798996,0.0196975544389834,ok
JP,CURRENT_ACCOUNT_GDP_A,2018,A,2,3.45,3.51661817468288,0.06661817468287978,0.01912496795790369,ok
JP,CURRENT_ACCOUNT_GDP_A,2019,A,2,3.362,3.45076611445327,0.0887661144532701,0.026058758795477494,ok
JP,CURRENT_ACCOUNT_GDP_A,2020,A,2,2.889,2.96847858242383,0.07947858242382999,0.02713747265327317,ok
JP,CURRENT_ACCOUNT_GDP_A,2021,A,2,3.754,3.89996604353178,0.14596604353178,0.038141283277610856,ok
JP,CURRENT_ACCOUNT_GDP_A,2022,A,2,2.021,2.11637961936876,0.09537961936876016,0.04610629342410317,ok
JP,CURRENT_ACCOUNT_GDP_A,2023,A,2,3.563,3.72552370226115,0.16252370226114987,0.04459715270205664,ok
JP,CURRENT_ACCOUNT_GDP_A,2024,A,2,4.515,4.71136516065292,0.19636516065292042,0.0425660934146301,ok
MX,CURRENT_ACCOUNT_GDP_A,2015,A,2,-2.59917628210589,-2.599,0.00017628210588993554,6.78245970598442e-05,ok
MX,CURRENT_ACCOUNT_GDP_A,2016,A,2,-2.27311198277187,-2.273,0.00011198277187007832,4.9265294077423854e-05,ok
MX,CURRENT_ACCOUNT_GDP_A,2017,A,2,-1.79746290774801,-1.797,0.0004629077480100552,0.00025756713027264174,ok
MX,CURRENT_ACCOUNT_GDP_A,2018,A,2,-2.06414074457574,-2.064,0.00014074457573975963,6.818787655178376e-05,ok
MX,CURRENT_ACCOUNT_GDP_A,2019,A,2,-0.297,-0.296844402044544,0.00015559795545599941,0.0005240361108744715,ok
MX,CURRENT_ACCOUNT_GDP_A,2020,A,2,2.397,2.39710320533218,0.0001032053321803339,4.305511490263501e-05,ok
MX,CURRENT_ACCOUNT_GDP_A,2021,A,2,-0.341,-0.340708629776388,0.0002913702236120308,0.0008548233391371477,ok
MX,CURRENT_ACCOUNT_GDP_A,2022,A,2,-1.27426718186171,-1.274,0.00026718186170993086,0.0002096968980424835,ok
MX,CURRENT_ACCOUNT_GDP_A,2023,A,2,-0.699,-0.697558185892173,0.0014418141078269553,0.0020648106500566195,ok
MX,CURRENT_ACCOUNT_GDP_A,2024,A,2,-0.912,-0.899378006983485,0.01262199301651501,0.013936343455482938,ok
SA,CURRENT_ACCOUNT_GDP_A,2015,A,2,-7.93818281494483,-7.938,0.00018281494483041172,2.3030088146669784e-05,ok
SA,CURRENT_ACCOUNT_GDP_A,2016,A,2,-3.913,-3.91268584311643,0.00031415688356961624,8.028865197698999e-05,ok
SA,CURRENT_ACCOUNT_GDP_A,2017,A,2,1.225,1.2254608961689,0.0004608961688998825,0.00037617100490806187,ok
SA,CURRENT_ACCOUNT_GDP_A,2018,A,2,7.89890750977747,7.899,9.249022252966199e-05,1.1709173822219043e-05,ok
SA,CURRENT_ACCOUNT_GDP_A,2019,A,2,3.64484004485363,3.645,0.00015995514637001662,4.388440497619404e-05,ok
SA,CURRENT_ACCOUNT_GDP_A,2020,A,2,-4.521,-4.51692116727614,0.004078832723860337,0.00090260418261418,ok
SA,CURRENT_ACCOUNT_GDP_A,2021,A,2,4.56976271965319,4.57,0.00023728034681003152,5.1922649217098086e-05,ok
SA,CURRENT_ACCOUNT_GDP_A,2022,A,2,11.729,11.7294510759776,0.00045107597760107865,3.8457439166816826e-05,ok
SA,CURRENT_ACCOUNT_GDP_A,2023,A,2,2.129,2.12936776093395,0.00036776093394985665,0.00017272389544354378,ok
SA,CURRENT_ACCOUNT_GDP_A,2024,A,2,-1.31101792310022,-1.296,0.015017923100219877,0.011521150635098685,ok
TR,CURRENT_ACCOUNT_GDP_A,2015,A,2,-2.46735825450658,-2.459,0.00835825450658012,0.003393279203327967,ok
TR,CURRENT_ACCOUNT_GDP_A,2016,A,2,-2.547,-2.54530792537505,0.001692074624950024,0.0006645610005311697,ok
TR,CURRENT_ACCOUNT_GDP_A,2017,A,2,-4.068,-4.06783613710293,0.00016386289706993296,4.02817594426828e-05,ok
TR,CURRENT_ACCOUNT_GDP_A,2018,A,2,-1.85233343060557,-1.809,0.043333430605570156,0.023670846388007323,ok
TR,CURRENT_ACCOUNT_GDP_A,2019,A,2,1.9351600379275,1.937,0.0018399620725000343,0.0009503543523396512,ok
TR,CURRENT_ACCOUNT_GDP_A,2020,A,2,-4.248,-4.22284721473811,0.025152785261890465,0.005938670507036905,ok
TR,CURRENT_ACCOUNT_GDP_A,2021,A,2,-0.854,-0.74064931592423,0.11335068407576998,0.14216377600246732,ok
TR,CURRENT_ACCOUNT_GDP_A,2022,A,2,-5.047,-4.99763806227356,0.04936193772643982,0.00982851495900828,ok
TR,CURRENT_ACCOUNT_GDP_A,2023,A,2,-3.63367003503212,-3.626,0.007670035032119937,0.0021130533468071053,ok
US,CURRENT_ACCOUNT_GDP_A,2015,A,2,-2.2434721228246,-2.233,0.010472122824599861,0.00467873921126625,ok
US,CURRENT_ACCOUNT_GDP_A,2016,A,2,-2.11937229657855,-2.107,0.012372296578549768,0.0058548067753357805,ok
US,CURRENT_ACCOUNT_GDP_A,2017,A,2,-1.88739358215214,-1.874,0.013393582152139816,0.007121606319366595,ok
US,CURRENT_ACCOUNT_GDP_A,2018,A,2,-2.13796218132331,-2.125,0.012962181323310062,0.006081302517812315,ok
US,CURRENT_ACCOUNT_GDP_A,2019,A,2,-2.06708055581828,-2.052,0.01508055581828005,0.007322292251351324,ok
US,CURRENT_ACCOUNT_GDP_A,2020,A,2,-2.81809426941685,-2.777,0.041094269416849905,0.01468939304257083,ok
US,CURRENT_ACCOUNT_GDP_A,2021,A,2,-3.68274086718403,-3.619,0.0637408671840296,0.017459087728105515,ok
US,CURRENT_ACCOUNT_GDP_A,2022,A,2,-3.87872626619871,-3.812,0.06672626619871025,0.017352396610961683,ok
US,CURRENT_ACCOUNT_GDP_A,2023,A,2,-3.40030482379486,-3.337,0.06330482379485991,0.01879232881709003,ok
US,CURRENT_ACCOUNT_GDP_A,2024,A,2,-4.12262463415284,-4.046,0.07662463415283938,0.0187607186239097,ok
VN,CURRENT_ACCOUNT_GDP_A,2015,A,2,-0.861,-0.853052854546214,0.007947145453785942,0.009272929283023661,ok
VN,CURRENT_ACCOUNT_GDP_A,2016,A,2,0.243099852637275,0.248,0.00490014736272501,0.019955808727738496,ok
VN,CURRENT_ACCOUNT_GDP_A,2017,A,2,-0.596,-0.586095207209378,0.009904792790621952,0.016758028846093734,ok
VN,CURRENT_ACCOUNT_GDP_A,2018,A,2,1.895,1.90236367538642,0.00736367538641991,0.0038783092776440917,ok
VN,CURRENT_ACCOUNT_GDP_A,2019,A,2,3.76,3.91824395534242,0.15824395534242042,0.041218788114257915,ok
VN,CURRENT_ACCOUNT_GDP_A,2020,A,2,4.34486906553373,4.349,0.004130934466270553,0.0009503097953585177,ok
VN,CURRENT_ACCOUNT_GDP_A,2022,A,2,0.339101746979362,0.341,0.0018982530206380077,0.005582261857344151,ok
VN,CURRENT_ACCOUNT_GDP_A,2023,A,2,5.94503707253957,6.372,0.42696292746042985,0.06932883695094653,ok
VN,CURRENT_ACCOUNT_GDP_A,2024,A,2,6.33411954374758,6.613,0.27888045625242075,0.04307992296048547,ok
ZA,CURRENT_ACCOUNT_GDP_A,2015,A,2,-4.339,-4.31028688643788,0.028713113562120363,0.006639417547160483,ok
ZA,CURRENT_ACCOUNT_GDP_A,2016,A,2,-2.676,-2.63361451678797,0.042385483212030284,0.015965559487610866,ok
ZA,CURRENT_ACCOUNT_GDP_A,2017,A,2,-2.37436753188649,-2.368,0.006367531886489974,0.002685381022738658,ok
ZA,CURRENT_ACCOUNT_GDP_A,2018,A,2,-3.00051939426576,-2.929,0.07151939426576037,0.024123167329522317,ok
ZA,CURRENT_ACCOUNT_GDP_A,2019,A,2,-2.61999067483039,-2.604,0.01599067483038974,0.006122015074580476,ok
ZA,CURRENT_ACCOUNT_GDP_A,2020,A,2,1.969,2.00352275153333,0.034522751533329954,0.017380769698552248,ok
ZA,CURRENT_ACCOUNT_GDP_A,2021,A,2,3.732,3.77241369345008,0.04041369345007961,0.010770646475780793,ok
ZA,CURRENT_ACCOUNT_GDP_A,2022,A,2,-0.324,-0.29618259812743,0.027817401872570036,0.08970713450058572,ok
ZA,CURRENT_ACCOUNT_GDP_A,2023,A,2,-1.10356312207881,-1.086,0.017563122078809945,0.016042581190475302,ok
ZA,CURRENT_ACCOUNT_GDP_A,2024,A,2,-0.653,-0.642799797075048,0.010200202924952051,0.015743485911907877,ok
AR,GDP_CURRENT_LCU_A,2015,A,2,5954510895700.0,5954511000000.0,104300.0,1.7516132040643855e-08,ok
AR,GDP_CURRENT_LCU_A,2016,A,2,8228159556500.0,8228160000000.0,443500.0,5.390026591028662e-08,ok
AR,GDP_CURRENT_LCU_A,2017,A,2,10660228000000.0,10660228494800.0,494800.0,4.6415516489591146e-08,ok
AR,GDP_CURRENT_LCU_A,2018,A,2,14744810677300.0,14744811000000.0,322700.0,2.1885665644086732e-08,ok
AR,GDP_CURRENT_LCU_A,2019,A,2,21558444000000.0,21558444149200.0,149200.0,6.920722083825444e-09,ok
AR,GDP_CURRENT_LCU_A,2020,A,2,27209814000000.0,27209814143300.0,143300.0,5.266482145841076e-09,ok
AR,GDP_CURRENT_LCU_A,2021,A,2,46219083510300.0,46219084000000.0,489700.0,1.0595190562284455e-08,ok
AR,GDP_CURRENT_LCU_A,2022,A,2,82810045000000.0,82810045469900.0,469900.0,5.674432354997417e-09,ok
AR,GDP_CURRENT_LCU_A,2023,A,2,192408248000000.0,192408248028800.0,28800.0,1.4968173296731324e-10,ok
AR,GDP_CURRENT_LCU_A,2024,A,2,583909615000000.0,583909615483500.0,483500.0,8.280391132107348e-10,ok
BR,GDP_CURRENT_LCU_A,2015,A,2,5995786999726.3,5995787000000.0,273.7001953125,4.564875225199745e-11,ok
BR,GDP_CURRENT_LCU_A,2016,A,2,6269327000000.0,6269328000659.18,1000659.1796875,1.5961188494856802e-07,ok
BR,GDP_CURRENT_LCU_A,2017,A,2,6585479000000.0,6585479000139.78,139.7802734375,2.1225528687589245e-11,ok
BR,GDP_CURRENT_LCU_A,2018,A,2,7004140999893.36,7004141000000.0,106.6396484375,1.522522868090631e-11,ok
BR,GDP_CURRENT_LCU_A,2019,A,2,7389130999453.29,7389131000000.0,546.7099609375,7.398839741205362e-11,ok
BR,GDP_CURRENT_LCU_A,2020,A,2,7609597000000.0,7609597000575.82,575.8203125,7.567027695135679e-11,ok
BR,GDP_CURRENT_LCU_A,2021,A,2,9012141999284.48,9012142000000.0,715.51953125,7.939505738795553e-11,ok
BR,GDP_CURRENT_LCU_A,2022,A,2,10079676000000.0,10079676679176.0,679176.0,6.738073496790084e-08,ok
BR,GDP_CURRENT_LCU_A,2023,A,2,10943344000000.0,10943344667905.0,667905.0,6.103298768803038e-08,ok
BR,GDP_CURRENT_LCU_A,2024,A,2,11779250581628.3,11779251000000.0,418371.69921875,3.551768331013124e-08,ok
CN,GDP_CURRENT_LCU_A,2015,A,2,70251150000000.0,70415750000000.0,164600000000.0,0.0023402804782077374,ok
CN,GDP_CURRENT_LCU_A,2016,A,2,76067210000000.0,76119300000000.0,52090000000.0,0.0006845547611283024,ok
CN,GDP_CURRENT_LCU_A,2017,A,2,84506670000000.0,84738290000000.0,231620000000.0,0.0027370977546391927,ok
CN,GDP_CURRENT_LCU_A,2018,A,2,93358130000000.0,93601010000000.0,242880000000.0,0.002598214775699118,ok
CN,GDP_CURRENT_LCU_A,2019,A,2,100587240000000.0,100672280000000.0,85040000000.0,0.0008450780365569788,ok
CN,GDP_CURRENT_LCU_A,2020,A,2,103486760000000.0,104224490000000.0,737730000000.0,0.0071034188085623675,ok
CN,GDP_CURRENT_LCU_A,2021,A,2,117310970000000.0,117382300000000.0,71330000000.0,0.0006078572257312704,ok
CN,GDP_CURRENT_LCU_A,2022,A,2,123341280000000.0,123402940000000.0,61660000000.0,0.0004997888096426331,ok
CN,GDP_CURRENT_LCU_A,2023,A,2,129427170000000.0,129427170000000.0,0.0,0.0,ok
CN,GDP_CURRENT_LCU_A,2024,A,2,134908354627800.0,134921010000000.02,12655372200.015625,9.38027795267748e-05,ok
DE,GDP_CURRENT_LCU_A,2015,A,2,3087030000000.0,3087030000000.0,0.0,0.0,ok
DE,GDP_CURRENT_LCU_A,2016,A,2,3195210000000.0,3195210000000.0,0.0,0.0,ok
DE,GDP_CURRENT_LCU_A,2017,A,2,3333110000000.0,3333110000000.0,0.0,0.0,ok
DE,GDP_CURRENT_LCU_A,2018,A,2,3434030000000.0,3434030000000.0,0.0,0.0,ok
DE,GDP_CURRENT_LCU_A,2019,A,2,3537280000000.0,3537280000000.0,0.0,0.0,ok
DE,GDP_CURRENT_LCU_A,2020,A,2,3450720000000.0,3450720000000.0,0.0,0.0,ok
DE,GDP_CURRENT_LCU_A,2021,A,2,3682340000000.0,3682340000000.0,0.0,0.0,ok
DE,GDP_CURRENT_LCU_A,2022,A,2,3989390000000.0,3989390000000.0,0.0,0.0,ok
DE,GDP_CURRENT_LCU_A,2023,A,2,4219310000000.0,4219310000000.001,0.0009765625,2.314507585363483e-16,ok
DE,GDP_CURRENT_LCU_A,2024,A,2,4328970000000.0,4328970000000.001,0.0009765625,2.255877264106704e-16,ok
ES,GDP_CURRENT_LCU_A,2015,A,2,1087112000000.0,1087112000000.0,0.0,0.0,ok
ES,GDP_CURRENT_LCU_A,2016,A,2,1122967000000.0,1122967000000.0,0.0,0.0,ok
ES,GDP_CURRENT_LCU_A,2017,A,2,1170024000000.0,1170024000000.0,0.0,0.0,ok
ES,GDP_CURRENT_LCU_A,2018,A,2,1212276000000.0,1212276000000.0,0.0,0.0,ok
ES,GDP_CURRENT_LCU_A,2019,A,2,1253710000000.0,1253710000000.0,0.0,0.0,ok
ES,GDP_CURRENT_LCU_A,2020,A,2,1129214000000.0,1129214000000.0,0.0,0.0,ok
ES,GDP_CURRENT_LCU_A,2021,A,2,1235474000000.0,1235474000000.0,0.0,0.0,ok
ES,GDP_CURRENT_LCU_A,2022,A,2,1375863000000.0,1375863000000.0,0.0,0.0,ok
ES,GDP_CURRENT_LCU_A,2023,A,2,1497761000000.0,1497761000000.0,0.0,0.0,ok
ES,GDP_CURRENT_LCU_A,2024,A,2,1594330000000.0,1594330000000.0,0.0,0.0,ok
FR,GDP_CURRENT_LCU_A,2015,A,2,2201401600000.0,2201402000000.0,400000.0,1.8170240434981019e-07,ok
FR,GDP_CURRENT_LCU_A,2016,A,2,2231819000000.0,2231819200000.0,200000.0,8.961299775595611e-08,ok
FR,GDP_CURRENT_LCU_A,2017,A,2,2291680500000.0,2291681000000.0,500000.0,2.1818047736361184e-07,ok
FR,GDP_CURRENT_LCU_A,2018,A,2,2355362800000.0,2355363000000.0,200000.0,8.491260518708178e-08,ok
FR,GDP_CURRENT_LCU_A,2019,A,2,2432206800000.0,2432207000000.0,200000.0,8.222984648222156e-08,ok
FR,GDP_CURRENT_LCU_A,2020,A,2,2318276000000.0,2318276200000.0,200000.0,8.627100111155871e-08,ok
FR,GDP_CURRENT_LCU_A,2021,A,2,2508102000000.0,2508102300000.0,300000.0,1.196123531093022e-07,ok
FR,GDP_CURRENT_LCU_A,2022,A,2,2653997000000.0,2653997200000.0,200000.0,7.535803260674249e-08,ok
FR,GDP_CURRENT_LCU_A,2023,A,2,2826541500000.0,2830205000000.0,3663500000.0,0.0012952675181749792,ok
FR,GDP_CURRENT_LCU_A,2024,A,2,2919899900000.0,2921333000000.0,1433100000.0,0.0004906840814376704,ok
GB,GDP_CURRENT_LCU_A,2015,A,2,1928016000000.0,1928016000000.0,0.0,0.0,ok
GB,GDP_CURRENT_LCU_A,2016,A,2,2004755000000.0,2004755000000.0,0.0,0.0,ok
GB,GDP_CURRENT_LCU_A,2017,A,2,2097222000000.0,2097222000000.0,0.0,0.0,ok
GB,GDP_CURRENT_LCU_A,2018,A,2,2171559000000.0,2171559000000.0,0.0,0.0,ok
GB,GDP_CURRENT_LCU_A,2019,A,2,2252961000000.0,2252961000000.0,0.0,0.0,ok
GB,GDP_CURRENT_LCU_A,2020,A,2,2124720000000.0,2124720000000.0,0.0,0.0,ok
GB,GDP_CURRENT_LCU_A,2021,A,2,2322652000000.0,2322652000000.0,0.0,0.0,ok
GB,GDP_CURRENT_LCU_A,2022,A,2,2580949000000.0,2580949000000.0,0.0,0.0,ok
GB,GDP_CURRENT_LCU_A,2023,A,2,2752164000000.0,2752164000000.0,0.0,0.0,ok
GB,GDP_CURRENT_LCU_A,2024,A,2,2884006000000.0,2890664000000.0,6658000000.0,0.002305932633379916,ok
ID,GDP_CURRENT_LCU_A,2015,A,2,1.15263328e+16,1.15263328e+16,0.0,0.0,ok
ID,GDP_CURRENT_LCU_A,2016,A,2,1.24017285e+16,1.24017285e+16,0.0,0.0,ok
ID,GDP_CURRENT_LCU_A,2017,A,2,1.35898257e+16,1.35898257e+16,0.0,0.0,ok
ID,GDP_CURRENT_LCU_A,2018,A,2,1.4838756e+16,1.4838756e+16,0.0,0.0,ok
ID,GDP_CURRENT_LCU_A,2019,A,2,1.58326572e+16,1.58326572e+16,0.0,0.0,ok
ID,GDP_CURRENT_LCU_A,2020,A,2,1.54433532e+16,1.54433532e+16,0.0,0.0,ok
ID,GDP_CURRENT_LCU_A,2021,A,2,1.6976751399999998e+16,1.69767514e+16,2.0,1.1780816911767936e-16,ok
ID,GDP_CURRENT_LCU_A,2022,A,2,1.95884599e+16,1.95884599e+16,0.0,0.0,ok
ID,GDP_CURRENT_LCU_A,2023,A,2,2.08923123e+16,2.08923485e+16,36200000000.0,1.7326932566603484e-06,ok
ID,GDP_CURRENT_LCU_A,2024,A,2,2.2138964e+16,2.21389908e+16,26800000000.0,1.2105346835034938e-06,ok
IN,GDP_CURRENT_LCU_A,2015,A,2,136279428000000.02,137718738788600.0,1439310788599.9844,0.010505988455831294,ok
IN,GDP_CURRENT_LCU_A,2016,A,2,151905944000000.0,153916690148700.0,2010746148700.0,0.013149753642644486,ok
IN,GDP_CURRENT_LCU_A,2017,A,2,168221275000000.0,170900423611300.0,2679148611300.0,0.015800514224074053,ok
IN,GDP_CURRENT_LCU_A,2018,A,2,185540048000000.0,188996684445900.0,3456636445900.0,0.018458197268537844,ok
IN,GDP_CURRENT_LCU_A,2019,A,2,196833840000000.0,201035928565900.0,4202088565900.0,0.021122934678079214,ok
IN,GDP_CURRENT_LCU_A,2020,A,2,193872280000000.0,198540960065000.0,4668680065000.0,0.02379471224888677,ok
IN,GDP_CURRENT_LCU_A,2021,A,2,229808523000000.0,235973985282900.0,6165462282900.0,0.026473567269105408,ok
IN,GDP_CURRENT_LCU_A,2022,A,2,261176300000000.0,268904725712200.0,7728425712200.0,0.029159412758894106,ok
IN,GDP_CURRENT_LCU_A,2023,A,2,289839100000000.0,301229558976500.0,11390458976500.0,0.03854191489775088,ok
IN,GDP_CURRENT_LCU_A,2024,A,2,318073100000000.0,330681453690100.0,12608353690100.0,0.03886941099182732,ok
IT,GDP_CURRENT_LCU_A,2015,A,2,1663277700000.0,1663278000000.0,300000.0,1.8036673788447312e-07,ok
IT,GDP_CURRENT_LCU_A,2016,A,2,1704856000000.0,1704856700000.0,700000.0,4.1059177801109165e-07,ok
IT,GDP_CURRENT_LCU_A,2017,A,2,1744493000000.0,1744493000000.0,0.0,0.0,ok
IT,GDP_CURRENT_LCU_A,2018,A,2,1777744000000.0,1777744400000.0,400000.0,2.250042497677675e-07,ok
IT,GDP_CURRENT_LCU_A,2019,A,2,1804066000000.0,1804066800000.0,800000.0,4.4344265820814576e-07,ok
IT,GDP_CURRENT_LCU_A,2020,A,2,1670011900000.0,1670013000000.0,1100000.0,6.586777242289421e-07,ok
IT,GDP_CURRENT_LCU_A,2021,A,2,1842507400000.0,1842508000000.0,600000.0,3.256431438522618e-07,ok
IT,GDP_CURRENT_LCU_A,2022,A,2,1998072600000.0,1998073000000.0,400000.0,2.0019290588410993e-07,ok
IT,GDP_CURRENT_LCU_A,2023,A,2,2142601700000.0,2142744000000.0,142300000.0,6.641237835257959e-05,ok
IT,GDP_CURRENT_LCU_A,2024,A,2,2199619400000.0,2202031000000.0,2411600000.0,0.0010957708045145976,ok
JP,GDP_CURRENT_LCU_A,2015,A,2,538032300000000.0,548866600000000.0,10834300000000.0,0.019936168856183403,ok
JP,GDP_CURRENT_LCU_A,2016,A,2,544364600000000.0,555970600000000.0,11606000000000.0,0.021095389841204754,ok
JP,GDP_CURRENT_LCU_A,2017,A,2,553073000000000.0,565119000000000.0,12046000000000.0,0.021545494870290612,ok
JP,GDP_CURRENT_LCU_A,2018,A,2,556630100000000.0,569153400000000.0,12523300000000.0,0.02224814984408636,ok
JP,GDP_CURRENT_LCU_A,2019,A,2,557910800000000.0,571838000000000.0,13927200000000.0,0.02465539241997867,ok
JP,GDP_CURRENT_LCU_A,2020,A,2,539646000000000.0,554074300000000.06,14428300000000.062,0.026383893578641748,ok
JP,GDP_CURRENT_LCU_A,2021,A,2,553068300000000.0,573568800000000.0,20500500000000.0,0.036392375149016484,ok
JP,GDP_CURRENT_LCU_A,2022,A,2,560506000000000.0,584900600000000.0,24394600000000.0,0.04259552895888674,ok
JP,GDP_CURRENT_LCU_A,2023,A,2,591912500000000.0,616032900000000.0,24120400000000.0,0.03993624215134227,ok
JP,GDP_CURRENT_LCU_A,2024,A,2,609642500000000.0,634226000000000.0,24583500000000.0,0.03952749024515051,ok
MX,GDP_CURRENT_LCU_A,2015,A,2,19228614674000.0,19228615000000.0,326000.0,1.695389931950302e-08,ok
MX,GDP_CURRENT_LCU_A,2016,A,2,20758790506000.0,20758791000000.0,494000.0,2.379714723645974e-08,ok
MX,GDP_CURRENT_LCU_A,2017,A,2,22536210000000.0,22536210256000.0,256000.0,1.1359496496792692e-08,ok
MX,GDP_CURRENT_LCU_A,2018,A,2,24176670000000.0,24176670374000.0,374000.0,1.5469458660237792e-08,ok
MX,GDP_CURRENT_LCU_A,2019,A,2,25121823000000.0,25121823305000.0,305000.0,1.2140838590755222e-08,ok
MX,GDP_CURRENT_LCU_A,2020,A,2,24086758000000.0,24086758133000.0,133000.0,5.521706143799283e-09,ok
MX,GDP_CURRENT_LCU_A,2021,A,2,26690033000000.0,26690033389000.0,389000.0,1.4574728969620053e-08,ok
MX,GDP_CURRENT_LCU_A,2022,A,2,29525508623000.0,29525509000000.0,377000.0,1.2768619921400333e-08,ok
MX,GDP_CURRENT_LCU_A,2023,A,2,31866426000000.0,31935813005750.0,69387005750.0,0.0021750649140619247,ok
MX,GDP_CURRENT_LCU_A,2024,A,2,33506847000000.0,33980509000000.0,473662000000.0,0.014037059030731623,ok
SA,GDP_CURRENT_LCU_A,2015,A,2,2600304000000.0,2600306000000.0,2000000.0,7.691405431285945e-07,ok
SA,GDP_CURRENT_LCU_A,2016,A,2,2584798000000.0,2584798000000.0,0.0,0.0,ok
SA,GDP_CURRENT_LCU_A,2017,A,2,2779747000000.0,2779748000000.0,1000000.0,3.5974490488794397e-07,ok
SA,GDP_CURRENT_LCU_A,2018,A,2,3324614000000.0,3324618000000.0,4000000.0,1.2031464686447998e-06,ok
SA,GDP_CURRENT_LCU_A,2019,A,2,3333329000000.0,3333338000000.0,9000000.0,2.6999998650000066e-06,ok
SA,GDP_CURRENT_LCU_A,2020,A,2,2877386000000.0,2879817000000.0,2431000000.0,0.0008445073067598971,ok
SA,GDP_CURRENT_LCU_A,2021,A,2,3684979000000.0,3684979000000.0,0.0,0.0,ok
SA,GDP_CURRENT_LCU_A,2022,A,2,4646532000000.0,4646533000000.0,1000000.0,2.152142484745345e-07,ok
SA,GDP_CURRENT_LCU_A,2023,A,2,4569692000000.0,4569692000000.0,0.0,0.0,ok
SA,GDP_CURRENT_LCU_A,2024,A,2,4649267000000.0,4703029000000.0,53762000000.0,0.011497069810450825,ok
TR,GDP_CURRENT_LCU_A,2015,A,2,2354059000000.0,2354059127000.0,127000.0,5.394936854777858e-08,ok
TR,GDP_CURRENT_LCU_A,2016,A,2,2629987971500.0,2629988000000.0,28500.0,1.0836551404196847e-08,ok
TR,GDP_CURRENT_LCU_A,2017,A,2,3151529000000.0,3151529152900.0,152900.0,4.851613178585433e-08,ok
TR,GDP_CURRENT_LCU_A,2018,A,2,3806479000000.0,3806479219400.0,219400.0,5.76385666851306e-08,ok
TR,GDP_CURRENT_LCU_A,2019,A,2,4402050000000.0,4402050310900.0,310900.0,7.062618303316861e-08,ok
TR,GDP_CURRENT_LCU_A,2020,A,2,5141710600900.0,5141711000000.0,399100.0,7.762007928665902e-08,ok
TR,GDP_CURRENT_LCU_A,2021,A,2,7433799908300.0,7433800000000.0,91700.0,1.2335548516987933e-08,ok
TR,GDP_CURRENT_LCU_A,2022,A,2,15325857491800.0,15325858000000.0,508200.0,3.3159644858112727e-08,ok
TR,GDP_CURRENT_LCU_A,2023,A,2,27091469000000.0,27091469064700.0,64700.0,2.3882056717833037e-09,ok
TR,GDP_CURRENT_LCU_A,2024,A,2,44587225440200.0,44587226000000.0,559800.0,1.2555165542574702e-08,ok
US,GDP_CURRENT_LCU_A,2015,A,2,18206020741000.0,18295000000000.0,88979259000.0,0.004875439491479946,ok
US,GDP_CURRENT_LCU_A,2016,A,2,18695110842000.0,18804900000000.0,109789158000.0,0.00585542006708095,ok
US,GDP_CURRENT_LCU_A,2017,A,2,19477336549000.0,19612100000000.0,134763451000.0,0.006895133974677236,ok
US,GDP_CURRENT_LCU_A,2018,A,2,20533057312000.0,20656525000000.0,123467688000.0,0.005995092985637266,ok
US,GDP_CURRENT_LCU_A,2019,A,2,21380976119000.0,21539975000000.0,158998881000.0,0.007408916944042989,ok
US,GDP_CURRENT_LCU_A,2020,A,2,21060473613000.0,21375275000000.0,314801387000.0,0.014836612869535287,ok
US,GDP_CURRENT_LCU_A,2021,A,2,23315080560000.0,23725650000000.0,410569440000.0,0.017455912572459844,ok
US,GDP_CURRENT_LCU_A,2022,A,2,25604848907611.0,26054600000000.0,449751092389.0,0.017412152158004846,ok
US,GDP_CURRENT_LCU_A,2023,A,2,27292170793214.4,27811500000000.0,519329206785.60156,0.018849169186367636,ok
US,GDP_CURRENT_LCU_A,2024,A,2,28750956130731.2,29298025000000.0,547068869268.8008,0.018848526145075848,ok
VN,GDP_CURRENT_LCU_A,2015,A,2,5191323730000000.0,5191323730000000.0,0.0,0.0,ok
VN,GDP_CURRENT_LCU_A,2016,A,2,5639401000000000.0,5639401003000000.0,3000000.0,5.31971391855632e-10,ok
VN,GDP_CURRENT_LCU_A,2017,A,2,6293904550000000.0,6293904554000000.0,4000000.0,6.355355355252295e-10,ok
VN,GDP_CURRENT_LCU_A,2018,A,2,7009042130000000.0,7009042132000000.0,2000000.0,2.8534569526330617e-10,ok
VN,GDP_CURRENT_LCU_A,2019,A,2,7707200287000000.0,7707200290000000.0,3000000.0,3.8924640436246785e-10,ok
VN,GDP_CURRENT_LCU_A,2020,A,2,8044385729000000.0,8044385730000000.0,1000000.0,1.2431029958357743e-10,ok
VN,GDP_CURRENT_LCU_A,2021,A,2,8487475600000000.0,8487475601000000.0,1000000.0,1.1782066271166538e-10,ok
VN,GDP_CURRENT_LCU_A,2022,A,2,9621371820000000.0,9621371822000000.0,2000000.0,2.078705653631136e-10,ok
VN,GDP_CURRENT_LCU_A,2023,A,2,1.0320311136e+16,1.032031114e+16,4000000.0,3.87585213906174e-10,ok
VN,GDP_CURRENT_LCU_A,2024,A,2,1.1510328921e+16,1.15118671975578e+16,1538276557800.0,0.00013363421542222218,ok
ZA,GDP_CURRENT_LCU_A,2015,A,2,4420792525200.0,4420793000000.0,474800.0,1.0740155114639573e-07,ok
ZA,GDP_CURRENT_LCU_A,2016,A,2,4759554544700.0,4759555000000.0,455300.0,9.56602081028681e-08,ok
ZA,GDP_CURRENT_LCU_A,2017,A,2,5078189924600.0,5078191000000.0,1075400.0,2.1176834700936616e-07,ok
ZA,GDP_CURRENT_LCU_A,2018,A,2,5363190000000.0,5363190430700.0,430700.0,8.030667992481275e-08,ok
ZA,GDP_CURRENT_LCU_A,2019,A,2,5625206549500.0,5625207000000.0,450500.0,8.008594493311253e-08,ok
ZA,GDP_CURRENT_LCU_A,2020,A,2,5562760000000.0,5562760340700.0,340700.0,6.124657356539671e-08,ok
ZA,GDP_CURRENT_LCU_A,2021,A,2,6206841000000.0,6206842061200.0,1061200.0,1.709726267004301e-07,ok
ZA,GDP_CURRENT_LCU_A,2022,A,2,6666580963800.0,6666581000000.0,36200.0,5.430069791139456e-09,ok
ZA,GDP_CURRENT_LCU_A,2023,A,2,7037674000000.0,7037674438400.0,438400.0,6.229330690016433e-08,ok
ZA,GDP_CURRENT_LCU_A,2024,A,2,7352449483600.0,7352450000000.0,516400.0,7.023509417060998e-08,ok
AR,GDP_DEFLATOR_INDEX_A,2015,A,2,825.310738210731,825.311,0.0002617892690750523,3.172008013887313e-07,ok
AR,GDP_DEFLATOR_INDEX_A,2016,A,2,1164.673,1164.67339673925,0.0003967392499362177,3.406442687026675e-07,ok
AR,GDP_DEFLATOR_INDEX_A,2017,A,2,1467.56277769074,1467.563,0.00022230926015254227,1.5148193092252957e-07,ok
AR,GDP_DEFLATOR_INDEX_A,2018,A,2,2084.433,2084.4332574088,0.00025740879982549814,1.2349103278045345e-07,ok
AR,GDP_DEFLATOR_INDEX_A,2019,A,2,3109.882,3109.88226850322,0.0002685032200133719,8.633871266570908e-08,ok
AR,GDP_DEFLATOR_INDEX_A,2020,A,2,4356.419,4356.4191087013,0.00010870129972317955,2.4951984271261093e-08,ok
AR,GDP_DEFLATOR_INDEX_A,2021,A,2,6700.26354104376,6700.264,0.00045895624043623684,6.849823471956969e-08,ok
AR,GDP_DEFLATOR_INDEX_A,2022,A,2,11323.0317616335,11323.032,0.00023836649961594958,2.1051472973399046e-08,ok
AR,GDP_DEFLATOR_INDEX_A,2023,A,2,26806.412,26806.4124391295,0.0004391295005916618,1.638150965503551e-08,ok
AR,GDP_DEFLATOR_INDEX_A,2024,A,2,82457.9297837236,82457.93,0.00021627639944199473,2.6228696224320343e-09,ok
CN,GDP_DEFLATOR_INDEX_A,2015,A,2,89.7864029665505,100.0,10.213597033449503,0.10763254768308803,ok
CN,GDP_DEFLATOR_INDEX_A,2016,A,2,91.1129442879544,101.171,10.0580557120456,0.10461669849026169,ok
CN,GDP_DEFLATOR_INDEX_A,2017,A,2,94.8905073443862,105.15,10.259492655613812,0.10257415152373366,ok
CN,GDP_DEFLATOR_INDEX_A,2018,A,2,98.1812131352963,108.809,10.627786864703694,0.102688786138473,ok
CN,GDP_DEFLATOR_INDEX_A,2019,A,2,99.4727933827719,110.625,11.152206617228103,0.10616205375284621,ok
CN,GDP_DEFLATOR_INDEX_A,2020,A,2,100.0,111.913,11.912999999999997,0.11243293238262868,ok
CN,GDP_DEFLATOR_INDEX_A,2021,A,2,104.473861320789,116.038,11.564138679210998,0.10488450471503753,ok
CN,GDP_DEFLATOR_INDEX_A,2022,A,2,106.494672139028,118.32,11.825327860971996,0.10520067705953885,ok
CN,GDP_DEFLATOR_INDEX_A,2023,A,2,105.956123748054,117.823,11.866876251945996,0.1060588320589417,ok
CN,GDP_DEFLATOR_INDEX_A,2024,A,2,105.206802030529,116.973,11.766197969470994,0.10591600012186742,ok
DE,GDP_DEFLATOR_INDEX_A,2015,A,2,92.0375107259777,92.038,0.0004892740222999237,5.3160142853361624e-06,ok
DE,GDP_DEFLATOR_INDEX_A,2016,A,2,93.191886466528,93.196,0.0041135334719939465,4.41394937190048e-05,ok
DE,GDP_DEFLATOR_INDEX_A,2017,A,2,94.565,94.5679711473989,0.0029711473988953685,3.141860862091395e-05,ok
DE,GDP_DEFLATOR_INDEX_A,2018,A,2,96.337,96.3372050564326,0.00020505643259127737,2.12853020497703e-06,ok
DE,GDP_DEFLATOR_INDEX_A,2019,A,2,98.272900066236,98.277,0.004099933763995978,4.171901143286592e-05,ok
DE,GDP_DEFLATOR_INDEX_A,2020,A,2,100.0,100.0,0.0,0.0,ok
DE,GDP_DEFLATOR_INDEX_A,2021,A,2,102.694,102.696778400829,0.0027784008290012707,2.7054776759052944e-05,ok
DE,GDP_DEFLATOR_INDEX_A,2022,A,2,109.282886198775,109.283,0.0001138012249981557,1.041344804327415e-06,ok
DE,GDP_DEFLATOR_INDEX_A,2023,A,2,116.595139509914,116.598,0.002860490085993206,2.4533226766489796e-05,ok
DE,GDP_DEFLATOR_INDEX_A,2024,A,2,120.221571808551,120.224,0.002428191448998973,2.0197431216844052e-05,ok
ES,GDP_DEFLATOR_INDEX_A,2015,A,2,94.792,94.7924459860799,0.00044598607989598804,4.704880482956225e-06,ok
ES,GDP_DEFLATOR_INDEX_A,2016,A,2,95.145,95.1452469189149,0.0002469189149110207,2.595182032805244e-06,ok
ES,GDP_DEFLATOR_INDEX_A,2017,A,2,96.342,96.3421211464971,0.00012114649710781578,1.2574621757825961e-06,ok
ES,GDP_DEFLATOR_INDEX_A,2018,A,2,97.486,97.4860438522988,4.385229880199404e-05,4.4983165725250717e-07,ok
ES,GDP_DEFLATOR_INDEX_A,2019,A,2,98.8787989204417,98.879,0.00020107955830894753,2.0335942188539645e-06,ok
ES,GDP_DEFLATOR_INDEX_A,2020,A,2,100.0,100.0,0.0,0.0,ok
ES,GDP_DEFLATOR_INDEX_A,2021,A,2,102.556,102.556112365016,0.00011236501600819793,1.095644861852273e-06,ok
ES,GDP_DEFLATOR_INDEX_A,2022,A,2,107.369931708733,107.37,6.829126699869903e-05,6.360369629932388e-07,ok
ES,GDP_DEFLATOR_INDEX_A,2023,A,2,114.075,114.075403840339,0.0004038403390040912,3.5401238148734646e-06,ok
ES,GDP_DEFLATOR_INDEX_A,2024,A,2,117.374880643264,117.375,0.00011935673599339225,1.0168843167573053e-06,ok
FR,GDP_DEFLATOR_INDEX_A,2015,A,2,93.791,93.8504749093193,0.05947490931930588,0.0006339207187328715,ok
FR,GDP_DEFLATOR_INDEX_A,2016,A,2,94.335924216755,94.393,0.05707578324499707,0.0006048440479578593,ok
FR,GDP_DEFLATOR_INDEX_A,2017,A,2,94.774,94.8890564538999,0.11505645389989638,0.0012132721685613281,ok
FR,GDP_DEFLATOR_INDEX_A,2018,A,2,95.883,95.9466835322152,0.06368353221520806,0.000663959102080396,ok
FR,GDP_DEFLATOR_INDEX_A,2019,A,2,96.981,97.1081402840986,0.12714028409860134,0.001310122595344586,ok
FR,GDP_DEFLATOR_INDEX_A,2020,A,2,100.0,100.044,0.04399999999999693,0.00043990322129128527,ok
FR,GDP_DEFLATOR_INDEX_A,2021,A,2,101.221816140734,101.349,0.1271838592659975,0.0012556977524110662,ok
FR,GDP_DEFLATOR_INDEX_A,2022,A,2,104.276877010323,104.327,0.0501229896769928,0.00048055664540225593,ok
FR,GDP_DEFLATOR_INDEX_A,2023,A,2,109.479,109.480568133252,0.001568133252007442,1.4323496026016317e-05,ok
FR,GDP_DEFLATOR_INDEX_A,2024,A,2,111.766084092775,111.767,0.0009159072249929068,8.194824750082805e-06,ok
GB,GDP_DEFLATOR_INDEX_A,2015,A,2,78.083,88.3774875721393,10.294487572139303,0.12368686073537975,ok
GB,GDP_DEFLATOR_INDEX_A,2016,A,2,79.438,89.911184784863,10.473184784862994,0.12368745439392423,ok
GB,GDP_DEFLATOR_INDEX_A,2017,A,2,80.664,91.2980898191242,10.634089819124199,0.12367946714661947,ok
GB,GDP_DEFLATOR_INDEX_A,2018,A,2,82.247,93.090057795961,10.843057795961002,0.12368244263091288,ok
GB,GDP_DEFLATOR_INDEX_A,2019,A,2,84.271,95.3813117700179,11.110311770017901,0.12368682217950838,ok
GB,GDP_DEFLATOR_INDEX_A,2020,A,2,88.352,100.0,11.647999999999996,0.12368331634386676,ok
GB,GDP_DEFLATOR_INDEX_A,2021,A,2,88.981,100.711756533859,11.730756533859008,0.12368164971829212,ok
GB,GDP_DEFLATOR_INDEX_A,2022,A,2,94.034,106.430816682767,12.396816682766996,0.123680722511869,ok
GB,GDP_DEFLATOR_INDEX_A,2023,A,2,100.0,113.183760675263,13.183760675263002,0.12368447421607752,ok
GB,GDP_DEFLATOR_INDEX_A,2024,A,2,103.902,117.284690264803,13.382690264803003,0.12100809726644354,ok
ID,GDP_DEFLATOR_INDEX_A,2015,A,2,128.319631030817,128.32,0.0003689691830004449,2.8753874179014815e-06,ok
ID,GDP_DEFLATOR_INDEX_A,2016,A,2,131.449,131.449249420225,0.0002494202249749833,1.8974658486698555e-06,ok
ID,GDP_DEFLATOR_INDEX_A,2017,A,2,137.091942591614,137.092,5.740838599876952e-05,4.1875819171713497e-07,ok
ID,GDP_DEFLATOR_INDEX_A,2018,A,2,142.326556547384,142.327,0.00044345261599687547,3.1157356428326054e-06,ok
ID,GDP_DEFLATOR_INDEX_A,2019,A,2,144.601630186014,144.602,0.00036981398599778004,2.5574643427533597e-06,ok
ID,GDP_DEFLATOR_INDEX_A,2020,A,2,144.020835663022,144.021,0.0001643369779742443,1.1410632597585646e-06,ok
ID,GDP_DEFLATOR_INDEX_A,2021,A,2,152.667808069412,152.668,0.00019193058801647567,1.2571770682909493e-06,ok
ID,GDP_DEFLATOR_INDEX_A,2022,A,2,167.276571636995,167.277,0.00042836300499971003,2.5608036578638132e-06,ok
ID,GDP_DEFLATOR_INDEX_A,2023,A,2,169.836,169.836123962077,0.00012396207699794104,7.298925537485724e-07,ok
ID,GDP_DEFLATOR_INDEX_A,2024,A,2,171.347,171.350474502425,0.0034745024249787093,2.0277373972618073e-05,ok
IT,GDP_DEFLATOR_INDEX_A,2015,A,2,94.5356598825873,94.536,0.0003401174127048989,3.597761958784414e-06,ok
IT,GDP_DEFLATOR_INDEX_A,2016,A,2,95.715627369582,95.716,0.00037263041799917573,3.893091472077052e-06,ok
IT,GDP_DEFLATOR_INDEX_A,2017,A,2,96.395,96.395037677377,3.767737700854923e-05,3.908643565037333e-07,ok
IT,GDP_DEFLATOR_INDEX_A,2018,A,2,97.427,97.4270251334841,2.5133484086836688e-05,2.5797243931316357e-07,ok
IT,GDP_DEFLATOR_INDEX_A,2019,A,2,98.447,98.44709281329,9.281328999577454e-05,9.427737386086761e-07,ok
IT,GDP_DEFLATOR_INDEX_A,2020,A,2,100.0,100.0,0.0,0.0,ok
IT,GDP_DEFLATOR_INDEX_A,2021,A,2,101.283,101.283321872926,0.00032187292599417106,3.177951033697384e-06,ok
IT,GDP_DEFLATOR_INDEX_A,2022,A,2,104.783,104.783024424308,2.4424307994763694e-05,2.3309415790903046e-07,ok
IT,GDP_DEFLATOR_INDEX_A,2023,A,2,111.276705726009,111.342,0.0652942739910003,0.0005866018650864147,ok
IT,GDP_DEFLATOR_INDEX_A,2024,A,2,113.452081824246,113.534,0.08191817575401217,0.0007217902974107543,ok
JP,GDP_DEFLATOR_INDEX_A,2015,A,2,97.506,98.1112395366545,0.6052395366544943,0.0061879979299174735,ok
JP,GDP_DEFLATOR_INDEX_A,2016,A,2,98.077,98.5232521694806,0.4462521694806014,0.0045396907130709745,ok
JP,GDP_DEFLATOR_INDEX_A,2017,A,2,98.098,98.4500006203685,0.3520006203685,0.0035818285534065285,ok
JP,GDP_DEFLATOR_INDEX_A,2018,A,2,97.981,98.4497667952571,0.4687667952571104,0.004772844935699034,ok
JP,GDP_DEFLATOR_INDEX_A,2019,A,2,98.748,99.0747290314779,0.3267290314778961,0.003303250673747468,ok
JP,GDP_DEFLATOR_INDEX_A,2020,A,2,99.962,100.0,0.0379999999999967,0.00038007221372057397,ok
JP,GDP_DEFLATOR_INDEX_A,2021,A,2,99.7961641781713,99.918,0.12183582182871078,0.0012201019625229705,ok
JP,GDP_DEFLATOR_INDEX_A,2022,A,2,100.194399742189,100.553,0.35860025781099125,0.003572651583746795,ok
JP,GDP_DEFLATOR_INDEX_A,2023,A,2,104.270506798433,105.147,0.8764932015670013,0.00837077295940341,ok
JP,GDP_DEFLATOR_INDEX_A,2024,A,2,107.281894964171,108.515,1.2331050358289986,0.011428385343855225,ok
MX,GDP_DEFLATOR_INDEX_A,2015,A,2,84.0846815017105,84.085,0.000318498289487934,3.7878205707928926e-06,ok
MX,GDP_DEFLATOR_INDEX_A,2016,A,2,89.195,89.1950018656993,1.865699303493784e-06,2.091708373766792e-08,ok
MX,GDP_DEFLATOR_INDEX_A,2017,A,2,95.0529682857042,95.053,3.171429580106633e-05,3.336486075324466e-07,ok
MX,GDP_DEFLATOR_INDEX_A,2018,A,2,100.0,100.0,0.0,0.0,ok
MX,GDP_DEFLATOR_INDEX_A,2019,A,2,104.319,104.319010227989,1.0227988994415682e-05,9.804530807439216e-08,ok
MX,GDP_DEFLATOR_INDEX_A,2020,A,2,109.138,109.138329569269,0.00032956926899885275,3.019743548457144e-06,ok
MX,GDP_DEFLATOR_INDEX_A,2021,A,2,114.036,114.036428035472,0.00042803547199810055,3.7535047588613243e-06,ok
MX,GDP_DEFLATOR_INDEX_A,2022,A,2,121.63883696605,121.639,0.0001630339500025002,1.3403107495176553e-06,ok
MX,GDP_DEFLATOR_INDEX_A,2023,A,2,127.299730920779,127.327,0.02726907922099997,0.00021418866057298667,ok
MX,GDP_DEFLATOR_INDEX_A,2024,A,2,132.098,133.543876114864,1.445876114863978,0.010885905008732726,ok
SA,GDP_DEFLATOR_INDEX_A,2015,A,2,70.8989287606326,70.899,7.123936740072168e-05,1.0048012410813137e-06,ok
SA,GDP_DEFLATOR_INDEX_A,2016,A,2,69.295,69.2953227497568,0.00032274975680479656,4.657608848888591e-06,ok
SA,GDP_DEFLATOR_INDEX_A,2017,A,2,73.651,73.6510631487942,6.314879419733188e-05,8.5740542728914e-07,ok
SA,GDP_DEFLATOR_INDEX_A,2018,A,2,85.334,85.334028062079,2.8062078996526907e-05,3.288498650294309e-07,ok
SA,GDP_DEFLATOR_INDEX_A,2019,A,2,84.1677416976425,84.168,0.0002583023575084553,3.0688949940578517e-06,ok
SA,GDP_DEFLATOR_INDEX_A,2020,A,2,75.529,75.5923350801172,0.06333508011719857,0.0008382017017467637,ok
SA,GDP_DEFLATOR_INDEX_A,2021,A,2,90.8068002236546,90.807,0.00019977634539714018,2.200012831085729e-06,ok
SA,GDP_DEFLATOR_INDEX_A,2022,A,2,102.233,102.233207598978,0.00020759897799393912,2.0306434049102673e-06,ok
SA,GDP_DEFLATOR_INDEX_A,2023,A,2,99.9999781166919,100.0,2.18833080936065e-05,2.1883310488002628e-07,ok
SA,GDP_DEFLATOR_INDEX_A,2024,A,2,99.7498351722737,100.262,0.5121648277262949,0.005121345217248352,ok
TR,GDP_DEFLATOR_INDEX_A,2015,A,2,153.224,153.224032628886,3.262888600374936e-05,2.1294890180132773e-07,ok
TR,GDP_DEFLATOR_INDEX_A,2016,A,2,165.677,165.677480117358,0.0004801173579949136,2.897907750182628e-06,ok
TR,GDP_DEFLATOR_INDEX_A,2017,A,2,184.123,184.123036004355,3.600435499606647e-05,1.9554510558609606e-07,ok
TR,GDP_DEFLATOR_INDEX_A,2018,A,2,214.933,214.933229774473,0.00022977447301286702,1.0690510540147197e-06,ok
TR,GDP_DEFLATOR_INDEX_A,2019,A,2,245.368,245.368437391499,0.0004373914989912464,1.7825923068447632e-06,ok
TR,GDP_DEFLATOR_INDEX_A,2020,A,2,281.52079580504,281.521,0.00020419496001977677,7.253278940964508e-07,ok
TR,GDP_DEFLATOR_INDEX_A,2021,A,2,364.022997339074,364.023,2.6609260430632276e-06,7.309774527402422e-09,ok
TR,GDP_DEFLATOR_INDEX_A,2022,A,2,711.757895853495,711.758,0.00010414650500933931,1.4632292524825845e-07,ok
TR,GDP_DEFLATOR_INDEX_A,2023,A,2,1197.744,1197.74445703307,0.0004570330700062186,3.8157818599742e-07,ok
TR,GDP_DEFLATOR_INDEX_A,2024,A,2,1907.768,1907.76827656108,0.00027656107999973756,1.4496577149516733e-07,ok
US,GDP_DEFLATOR_INDEX_A,2015,A,2,91.9150325426168,97.316,5.400967457383203,0.05708331646044207,ok
US,GDP_DEFLATOR_INDEX_A,2016,A,2,92.6976668789493,98.241,5.5433331210506935,0.0580640182699614,ok
US,GDP_DEFLATOR_INDEX_A,2017,A,2,94.2597002690733,100.0,5.740299730926694,0.05909923389128759,ok
US,GDP_DEFLATOR_INDEX_A,2018,A,2,96.5059595651947,102.291,5.785040434805296,0.05820049207450896,ok
US,GDP_DEFLATOR_INDEX_A,2019,A,2,97.9600848410751,103.979,6.018915158924898,0.05961119575897603,ok
US,GDP_DEFLATOR_INDEX_A,2020,A,2,98.6249417290025,105.377,6.752058270997495,0.06619601964344998,ok
US,GDP_DEFLATOR_INDEX_A,2021,A,2,102.949485726156,110.186,7.2365142738440085,0.0679052974138876,ok
US,GDP_DEFLATOR_INDEX_A,2022,A,2,110.289249600481,118.023,7.733750399518996,0.06774713501401813,ok
US,GDP_DEFLATOR_INDEX_A,2023,A,2,114.257888423993,122.39,8.132111576007006,0.06872752282020798,ok
US,GDP_DEFLATOR_INDEX_A,2024,A,2,117.094597692942,125.428,8.333402307057995,0.0687226871749817,ok
VN,GDP_DEFLATOR_INDEX_A,2015,A,2,140.426520946263,140.427,0.00047905373699563825,3.4114134327502193e-06,ok
VN,GDP_DEFLATOR_INDEX_A,2016,A,2,142.981631947039,142.982,0.00036805296099373663,2.5741242583035924e-06,ok
VN,GDP_DEFLATOR_INDEX_A,2017,A,2,149.219806374716,149.22,0.0001936252839982444,1.297583498329521e-06,ok
VN,GDP_DEFLATOR_INDEX_A,2018,A,2,154.631,154.631482454076,0.0004824540760068885,3.120029770041897e-06,ok
VN,GDP_DEFLATOR_INDEX_A,2019,A,2,158.37855419817,158.379,0.00044580182998288365,2.814782625224975e-06,ok
VN,GDP_DEFLATOR_INDEX_A,2020,A,2,160.702724872318,160.703,0.00027512768201631843,1.7120272647639738e-06,ok
VN,GDP_DEFLATOR_INDEX_A,2021,A,2,165.332,165.332197431479,0.00019743147899475844,1.1941509273054616e-06,ok
VN,GDP_DEFLATOR_INDEX_A,2022,A,2,172.67763094046,172.678,0.0003690595399916674,2.1372724630935235e-06,ok
VN,GDP_DEFLATOR_INDEX_A,2023,A,2,176.292,176.292448780252,0.00044878025198613614,2.5456610666673964e-06,ok
VN,GDP_DEFLATOR_INDEX_A,2024,A,2,183.62548517177,183.841,0.215514828229999,0.0011729767852393825,ok
ZA,GDP_DEFLATOR_INDEX_A,2015,A,2,100.0,100.000000176439,1.764390020753126e-07,1.76439001919659e-09,ok
ZA,GDP_DEFLATOR_INDEX_A,2016,A,2,106.952,106.95217214959,0.00017214959000000363,1.6095954395841697e-06,ok
ZA,GDP_DEFLATOR_INDEX_A,2017,A,2,112.806,112.806008890395,8.890395008620544e-06,7.881136338748354e-08,ok
ZA,GDP_DEFLATOR_INDEX_A,2018,A,2,117.310685699107,117.311,0.0003143008930095448,2.679214345195893e-06,ok
ZA,GDP_DEFLATOR_INDEX_A,2019,A,2,122.722843148459,122.723,0.00015685154099287502,1.2780949066471063e-06,ok
ZA,GDP_DEFLATOR_INDEX_A,2020,A,2,129.339,129.339315561787,0.00031556178700498094,2.439800849326367e-06,ok
ZA,GDP_DEFLATOR_INDEX_A,2021,A,2,137.627951799849,137.628,4.8200150985167056e-05,3.50220590472213e-07,ok
ZA,GDP_DEFLATOR_INDEX_A,2022,A,2,144.840986918491,144.841,1.3081508996037883e-05,9.031634403777188e-08,ok
ZA,GDP_DEFLATOR_INDEX_A,2023,A,2,151.680816367196,151.681,0.00018363280400990334,1.210652060361018e-06,ok
ZA,GDP_DEFLATOR_INDEX_A,2024,A,2,157.622,157.622034120931,3.412093099086633e-05,2.1647312746782812e-07,ok
AR,GDP_NOMINAL_USD_A,2015,A,2,594749285413.212,642464000000.0,47714714586.787964,0.0771325609728672,ok
AR,GDP_NOMINAL_USD_A,2016,A,2,556774000000.0,557532320662.955,758320662.954956,0.0013610631993970818,ok
AR,GDP_NOMINAL_USD_A,2017,A,2,643628393281.364,643861000000.0,232606718.63598633,0.00036133380181587745,ok
AR,GDP_NOMINAL_USD_A,2018,A,2,524431000000.00006,524819892360.176,388892360.17596436,0.0007412762057341561,ok
AR,GDP_NOMINAL_USD_A,2019,A,2,446762000000.0,447754683615.225,992683615.2249756,0.002219485971380668,ok
AR,GDP_NOMINAL_USD_A,2020,A,2,385218000000.0,385740508436.965,522508436.96502686,0.0013554774511130466,ok
AR,GDP_NOMINAL_USD_A,2021,A,2,486040000000.0,486564085480.036,524085480.03601074,0.0010776954114424565,ok
AR,GDP_NOMINAL_USD_A,2022,A,2,633520000000.0,633993756301.08,473756301.07995605,0.0007475363462129115,ok
AR,GDP_NOMINAL_USD_A,2023,A,2,648895000000.0,649461687959.174,566687959.1739502,0.0008729310896294615,ok
AR,GDP_NOMINAL_USD_A,2024,A,2,637234000000.0,638365455340.04,1131455340.040039,0.0017739978412556218,ok
BR,GDP_NOMINAL_USD_A,2015,A,2,1800046000000.0,1802211999456.42,2165999456.419922,0.0012025787474116351,ok
BR,GDP_NOMINAL_USD_A,2016,A,2,1795693265999.04,1796622000000.0,928734000.9599609,0.0005170670902692477,ok
BR,GDP_NOMINAL_USD_A,2017,A,2,2063514688805.78,2063519000000.0,4311194.219970703,2.0892459548679927e-06,ok
BR,GDP_NOMINAL_USD_A,2018,A,2,1916933708352.71,1916934000000.0,291647.2900390625,1.5214259448945566e-07,ok
BR,GDP_NOMINAL_USD_A,2019,A,2,1873286000000.0,1873288158838.63,2158838.6298828125,1.1524334169603163e-06,ok
BR,GDP_NOMINAL_USD_A,2020,A,2,1476092000000.0,1476107292151.95,15292151.949951172,1.0359837149614817e-05,ok
BR,GDP_NOMINAL_USD_A,2021,A,2,1670647464062.96,1670650000000.0,2535937.0400390625,1.5179355129641208e-06,ok
BR,GDP_NOMINAL_USD_A,2022,A,2,1951849000000.0,1951923832083.87,74832083.87011719,3.83383393905998e-05,ok
BR,GDP_NOMINAL_USD_A,2023,A,2,2191131869706.02,2191137000000.0,5130293.979980469,2.3413871364422372e-06,ok
BR,GDP_NOMINAL_USD_A,2024,A,2,2185821648943.86,2185822000000.0,351056.1398925781,1.60606018277537e-07,ok
CN,GDP_NOMINAL_USD_A,2015,A,2,11280814787468.9,11305640000000.0,24825212531.09961,0.002198238967974096,ok
CN,GDP_NOMINAL_USD_A,2016,A,2,11452000000000.0,11456024084962.0,4024084962.0,0.00035132536504024504,ok
CN,GDP_NOMINAL_USD_A,2017,A,2,12516152000000.0,12537559062282.9,21407062282.90039,0.0017088935231737103,ok
CN,GDP_NOMINAL_USD_A,2018,A,2,14107927000000.0,14147765772963.8,39838772963.80078,0.0028198758589221455,ok
CN,GDP_NOMINAL_USD_A,2019,A,2,14560167101283.4,14593450000000.0,33282898716.59961,0.0022832774815536995,ok
CN,GDP_NOMINAL_USD_A,2020,A,2,14996414166715.1,15110191000000.0,113776833284.90039,0.007558263886270938,ok
CN,GDP_NOMINAL_USD_A,2021,A,2,18183505000000.0,18201698719564.0,18193719564.0,0.0010000614372933907,ok
CN,GDP_NOMINAL_USD_A,2022,A,2,18316765021690.2,18337777000000.0,21011978309.80078,0.0011464870191185046,ok
CN,GDP_NOMINAL_USD_A,2023,A,2,18270356654533.2,18366936000000.0,96579345466.80078,0.005272187897587505,ok
CN,GDP_NOMINAL_USD_A,2024,A,2,18743803170827.2,18945112000000.0,201308829172.80078,0.010682654476010084,ok
DE,GDP_NOMINAL_USD_A,2015,A,2,3425099578746.09,3425446000000.0,346421253.91015625,0.00010113683645429143,ok
DE,GDP_NOMINAL_USD_A,2016,A,2,3535812000000.0,3536787895179.0,975895179.0,0.00027596504636582473,ok
DE,GDP_NOMINAL_USD_A,2017,A,2,3764023000000.0,3765351626105.89,1328626105.8901367,0.0003529180501348722,ok
DE,GDP_NOMINAL_USD_A,2018,A,2,4055433215301.96,4057272000000.0,1838784698.040039,0.00045330987611179915,ok
DE,GDP_NOMINAL_USD_A,2019,A,2,3959894794039.21,3960332000000.0,437205960.79003906,0.00011040238421432118,ok
DE,GDP_NOMINAL_USD_A,2020,A,2,3938244000000.0,3941398957073.94,3154957073.9399414,0.0008007868100438695,ok
DE,GDP_NOMINAL_USD_A,2021,A,2,4355251953410.78,4358147000000.0,2895046589.220215,0.0006645045417292584,ok
DE,GDP_NOMINAL_USD_A,2022,A,2,4201021706478.62,4204327000000.0,3305293521.379883,0.0007864738601105865,ok
DE,GDP_NOMINAL_USD_A,2023,A,2,4562207532490.28,4563523000000.0,1315467509.7197266,0.0002882985652570555,ok
DE,GDP_NOMINAL_USD_A,2024,A,2,4684182000000.0,4685592577804.69,1410577804.6904297,0.00030109108665897564,ok
ES,GDP_NOMINAL_USD_A,2015,A,2,1206164777553.12,1206287000000.0,122222446.87988281,0.00010132633366363036,ok
ES,GDP_NOMINAL_USD_A,2016,A,2,1242673000000.0,1243015667917.12,342667917.1201172,0.0002757126598700354,ok
ES,GDP_NOMINAL_USD_A,2017,A,2,1321288000000.0,1321754088818.83,466088818.8300781,0.00035269118172716823,ok
ES,GDP_NOMINAL_USD_A,2018,A,2,1431642809327.06,1432292000000.0,649190672.9399414,0.0004533557613292755,ok
ES,GDP_NOMINAL_USD_A,2019,A,2,1403496387686.27,1403651000000.0,154612313.72998047,0.00011015617805334852,ok
ES,GDP_NOMINAL_USD_A,2020,A,2,1288751000000.0,1289783836971.21,1032836971.2099609,0.000801103755823713,ok
ES,GDP_NOMINAL_USD_A,2021,A,2,1461244901852.69,1462216000000.0,971098147.3100586,0.0006643483049112392,ok
ES,GDP_NOMINAL_USD_A,2022,A,2,1448850658406.62,1449990000000.0,1139341593.3798828,0.0007860670713830366,ok
ES,GDP_NOMINAL_USD_A,2023,A,2,1619481980719.64,1619949000000.0,467019280.3601074,0.0002883341445702659,ok
ES,GDP_NOMINAL_USD_A,2024,A,2,1725152000000.0,1725671652742.19,519652742.1899414,0.0003011760637359724,ok
FR,GDP_NOMINAL_USD_A,2015,A,2,2442483452642.5,2442731000000.0,247547357.5,0.00010134554374213693,ok
FR,GDP_NOMINAL_USD_A,2016,A,2,2469726000000.0,2470407619777.13,681619777.1298828,0.0002759519598421848,ok
FR,GDP_NOMINAL_USD_A,2017,A,2,2587955000000.0,2588868323334.71,913323334.7099609,0.0003528508808068162,ok
FR,GDP_NOMINAL_USD_A,2018,A,2,2781576320884.39,2782838000000.0,1261679115.6098633,0.00045348137031224375,ok
FR,GDP_NOMINAL_USD_A,2019,A,2,2722793515171.76,2723094000000.0,300484828.2402344,0.00011035293233769896,ok
FR,GDP_NOMINAL_USD_A,2020,A,2,2645806000000.0,2647926055110.05,2120055110.0498047,0.0008009680459755463,ok
FR,GDP_NOMINAL_USD_A,2021,A,2,2966433692008.09,2968405000000.0,1971307991.9101562,0.0006643172946097889,ok
FR,GDP_NOMINAL_USD_A,2022,A,2,2794788137066.94,2796987000000.0,2198862933.0600586,0.000786463289084772,ok
FR,GDP_NOMINAL_USD_A,2023,A,2,3056250648138.29,3061095000000.0,4844351861.709961,0.001583808449072763,ok
FR,GDP_NOMINAL_USD_A,2024,A,2,3160442622465.08,3161042000000.0,599377534.9199219,0.00018963188893630274,ok
GB,GDP_NOMINAL_USD_A,2015,A,2,2945579890258.46,2946231000000.0,651109741.5400391,0.00022102194169761494,ok
GB,GDP_NOMINAL_USD_A,2016,A,2,2706807606538.73,2716852000000.0,10044393461.27002,0.0037039173509932524,ok
GB,GDP_NOMINAL_USD_A,2017,A,2,2699118387873.1,2701370000000.0,2251612126.8999023,0.0008338550016905659,ok
GB,GDP_NOMINAL_USD_A,2018,A,2,2897028009916.05,2900745000000.0,3716990083.9501953,0.0012822130420052497,ok
GB,GDP_NOMINAL_USD_A,2019,A,2,2875710080015.3,2877392000000.0,1681919984.7001953,0.0005847002056656441,ok
GB,GDP_NOMINAL_USD_A,2020,A,2,2724001478304.59,2725948000000.0,1946521695.4101562,0.000714326510056271,ok
GB,GDP_NOMINAL_USD_A,2021,A,2,3194559188925.93,3195327000000.0,767811074.0698242,0.00024032073541481493,ok
GB,GDP_NOMINAL_USD_A,2022,A,2,3181244350465.41,3192851000000.0,11606649534.589844,0.0036418186099906316,ok
GB,GDP_NOMINAL_USD_A,2023,A,2,3420796653789.08,3422072000000.0,1275346210.9199219,0.00037275191895250783,ok
GB,GDP_NOMINAL_USD_A,2024,A,2,3686033044482.13,3695355000000.0,9321955517.870117,0.002525800150782924,ok
ID,GDP_NOMINAL_USD_A,2015,A,2,860854000000.0,860854232686.214,232686.2139892578,2.7029691741233084e-07,ok
ID,GDP_NOMINAL_USD_A,2016,A,2,931877000000.0,931877364037.698,364037.6979980469,3.9064986783921866e-07,ok
ID,GDP_NOMINAL_USD_A,2017,A,2,1015618744159.73,1015619000000.0,255840.27001953125,2.5190578577532853e-07,ok
ID,GDP_NOMINAL_USD_A,2018,A,2,1042271532988.63,1042272000000.0,467011.3699951172,4.4807063283112014e-07,ok
ID,GDP_NOMINAL_USD_A,2019,A,2,1119099871350.2,1119100000000.0,128649.80004882812,1.1495827668975763e-07,ok
ID,GDP_NOMINAL_USD_A,2020,A,2,1059054842698.48,1059055000000.0,157301.52001953125,1.4853008739067896e-07,ok
ID,GDP_NOMINAL_USD_A,2021,A,2,1186509691086.73,1186510000000.0,308913.27001953125,2.603545779074962e-07,ok
ID,GDP_NOMINAL_USD_A,2022,A,2,1319101000000.0,1319101183380.15,183380.14990234375,1.3901902671264654e-07,ok
ID,GDP_NOMINAL_USD_A,2023,A,2,1371167000000.0,1371169301563.62,2301563.6201171875,1.6785422114748554e-06,ok
ID,GDP_NOMINAL_USD_A,2024,A,2,1396300098190.97,1396302000000.0,1901809.0300292969,1.3620336611945375e-06,ok
IN,GDP_NOMINAL_USD_A,2015,A,2,2081604000000.0,2103588360044.94,21984360044.93994,0.010505782364901324,ok
IN,GDP_NOMINAL_USD_A,2016,A,2,2264818000000.0,2294796885663.16,29978885663.160156,0.013149744623136067,ok
IN,GDP_NOMINAL_USD_A,2017,A,2,2609908000000.0,2651474262755.45,41566262755.450195,0.015800510466495332,ok
IN,GDP_NOMINAL_USD_A,2018,A,2,2653495000000.0,2702929641648.74,49434641648.740234,0.018458074165503036,ok
IN,GDP_NOMINAL_USD_A,2019,A,2,2776336000000.0,2835606256558.19,59270256558.18994,0.021122903211958727,ok
IN,GDP_NOMINAL_USD_A,2020,A,2,2611953000000.0,2674851578587.27,62898578587.27002,0.023794554026840033,ok
IN,GDP_NOMINAL_USD_A,2021,A,2,3084517000000.0,3167270623260.47,82753623260.47021,0.026473587475229057,ok
IN,GDP_NOMINAL_USD_A,2022,A,2,3249939000000.0,3346107287730.93,96168287730.93018,0.02915937321719812,ok
IN,GDP_NOMINAL_USD_A,2023,A,2,3500906000000.0,3638489096033.86,137583096033.85986,0.03854194765332185,ok
IN,GDP_NOMINAL_USD_A,2024,A,2,3760814000000.0,3909891533858.08,149077533858.08008,0.03886931474557585,ok
IT,GDP_NOMINAL_USD_A,2015,A,2,1845428048839.1,1845615000000.0,186951160.89990234,0.0001012999081431477,ok
IT,GDP_NOMINAL_USD_A,2016,A,2,1886590000000.0,1887111188176.93,521188176.92993164,0.000276221222052675,ok
IT,GDP_NOMINAL_USD_A,2017,A,2,1970025000000.0,1970720904584.71,695904584.7099609,0.0003531841948501868,ok
IT,GDP_NOMINAL_USD_A,2018,A,2,2099435266458.67,2100387000000.0,951733541.3300781,0.00045322562763237546,ok
IT,GDP_NOMINAL_USD_A,2019,A,2,2019606796583.53,2019829000000.0,222203416.4699707,0.00011001705567787743,ok
IT,GDP_NOMINAL_USD_A,2020,A,2,1905956000000.0,1907481094079.23,1525094079.2299805,0.0007998527530965975,ok
IT,GDP_NOMINAL_USD_A,2021,A,2,2179207773596.09,2180657000000.0,1449226403.909912,0.0006648033731168069,ok
IT,GDP_NOMINAL_USD_A,2022,A,2,2104067630319.46,2105723000000.0,1655369680.540039,0.0007864380088728647,ok
IT,GDP_NOMINAL_USD_A,2023,A,2,2316727999333.18,2317550000000.0,822000666.8198242,0.00035474810399294164,ok
IT,GDP_NOMINAL_USD_A,2024,A,2,2380825077243.59,2382718000000.0,1892922756.4101562,0.0007947541255386276,ok
JP,GDP_NOMINAL_USD_A,2015,A,2,4444930651964.18,4534438000000.0,89507348035.82031,0.01993622302526607,ok
JP,GDP_NOMINAL_USD_A,2016,A,2,5003677627544.24,5110357000000.0,106679372455.75977,0.021095314853922402,ok
JP,GDP_NOMINAL_USD_A,2017,A,2,4930837369151.42,5038232000000.0,107394630848.58008,0.021545567970648327,ok
JP,GDP_NOMINAL_USD_A,2018,A,2,5040880939324.86,5154293000000.0,113412060675.13965,0.022248185533683986,ok
JP,GDP_NOMINAL_USD_A,2019,A,2,5117993853016.51,5245755000000.0,127761146983.49023,0.02465539232867528,ok
JP,GDP_NOMINAL_USD_A,2020,A,2,5054068005376.28,5189197000000.0,135128994623.71973,0.02638396928182487,ok
JP,GDP_NOMINAL_USD_A,2021,A,2,5039148168861.22,5225934000000.0,186785831138.78027,0.03639246682416022,ok
JP,GDP_NOMINAL_USD_A,2022,A,2,4262463317796.53,4447976000000.0,185512682203.4702,0.042595482371238,ok
JP,GDP_NOMINAL_USD_A,2023,A,2,4213167237905.83,4384854000000.001,171686762094.1709,0.03993634287323245,ok
JP,GDP_NOMINAL_USD_A,2024,A,2,4027597523550.58,4190008000000.0,162410476449.41992,0.03952744530848379,ok
MX,GDP_NOMINAL_USD_A,2015,A,2,1213294000000.0,1213294467716.88,467716.8798828125,3.8549336742119796e-07,ok
MX,GDP_NOMINAL_USD_A,2016,A,2,1112233000000.0,1112233497452.7,497452.6999511719,4.4725573571984035e-07,ok
MX,GDP_NOMINAL_USD_A,2017,A,2,1190721000000.0,1190721475906.0,475906.0,3.996787701697019e-07,ok
MX,GDP_NOMINAL_USD_A,2018,A,2,1256300000000.0,1256300182879.73,182879.72998046875,1.4557010003148807e-07,ok
MX,GDP_NOMINAL_USD_A,2019,A,2,1304106000000.0,1304106203902.45,203902.44995117188,1.5635418747453882e-07,ok
MX,GDP_NOMINAL_USD_A,2020,A,2,1121064767308.42,1121065000000.0,232691.580078125,2.075629907518343e-07,ok
MX,GDP_NOMINAL_USD_A,2021,A,2,1316569000000.0,1316569466685.95,466685.9499511719,3.5447125614973036e-07,ok
MX,GDP_NOMINAL_USD_A,2022,A,2,1466934724293.06,1466935000000.0,275706.93994140625,1.8794763629652309e-07,ok
MX,GDP_NOMINAL_USD_A,2023,A,2,1794410000000.0,1798317581486.88,3907581486.879883,0.0021752729079796795,ok
MX,GDP_NOMINAL_USD_A,2024,A,2,1830489000000.0,1856365616165.94,25876616165.93994,0.01403723165675013,ok
SA,GDP_NOMINAL_USD_A,2015,A,2,693414400000.0,693415000000.0,600000.0,8.652830694244008e-07,ok
SA,GDP_NOMINAL_USD_A,2016,A,2,689279000000.0,689279466666.667,466666.6669921875,6.770357272123253e-07,ok
SA,GDP_NOMINAL_USD_A,2017,A,2,741266000000.0,741266133333.333,133333.3330078125,1.7987243582778222e-07,ok
SA,GDP_NOMINAL_USD_A,2018,A,2,886564000000.0,886564800000.0,800000.0,9.023597157747367e-07,ok
SA,GDP_NOMINAL_USD_A,2019,A,2,888888000000.0,888890133333.333,2133333.3330078125,2.3999995196338855e-06,ok
SA,GDP_NOMINAL_USD_A,2020,A,2,767303000000.0,767951200000.0,648200000.0,0.0008444204223639316,ok
SA,GDP_NOMINAL_USD_A,2021,A,2,982661000000.0,982661066666.667,66666.6669921875,6.784299441084396e-08,ok
SA,GDP_NOMINAL_USD_A,2022,A,2,1239075000000.0,1239075200000.0,200000.0,1.6141071675155123e-07,ok
SA,GDP_NOMINAL_USD_A,2023,A,2,1218584533333.33,1218585000000.0,466666.669921875,3.8295790550410537e-07,ok
SA,GDP_NOMINAL_USD_A,2024,A,2,1239804533333.33,1254141000000.0,14336466666.669922,0.011497016654977422,ok
TR,GDP_NOMINAL_USD_A,2015,A,2,865460050683.656,868204000000.0,2743949316.343994,0.003165491394093268,ok
TR,GDP_NOMINAL_USD_A,2016,A,2,870339000000.0,870818016909.84,479016909.8399658,0.0005502282737143518,ok
TR,GDP_NOMINAL_USD_A,2017,A,2,863874522365.276,863906000000.0,31477634.723999023,3.643707556201311e-05,ok
TR,GDP_NOMINAL_USD_A,2018,A,2,788356985773.667,807318000000.0,18961014226.333008,0.023765509136109836,ok
TR,GDP_NOMINAL_USD_A,2019,A,2,775223000000.0,775853144222.613,630144222.6130371,0.0008125251941501046,ok
TR,GDP_NOMINAL_USD_A,2020,A,2,730345000000.0,733628247119.077,3283247119.0770264,0.004485392237239391,ok
TR,GDP_NOMINAL_USD_A,2021,A,2,827673000000.0,839938668172.134,12265668172.134033,0.014710460961907767,ok
TR,GDP_NOMINAL_USD_A,2022,A,2,924752000000.0,926097476913.818,1345476913.8179932,0.001453902038604994,ok
TR,GDP_NOMINAL_USD_A,2023,A,2,1141242864657.45,1153295000000.0,12052135342.550049,0.01050506555432181,ok
TR,GDP_NOMINAL_USD_A,2024,A,2,1358251000000.0,1359123768774.12,872768774.1201172,0.000642361726582047,ok
US,GDP_NOMINAL_USD_A,2015,A,2,18206020741000.0,18295000000000.0,88979259000.0,0.004875439491479946,ok
US,GDP_NOMINAL_USD_A,2016,A,2,18695110842000.0,18804900000000.0,109789158000.0,0.00585542006708095,ok
US,GDP_NOMINAL_USD_A,2017,A,2,19477336549000.0,19612100000000.0,134763451000.0,0.006895133974677236,ok
US,GDP_NOMINAL_USD_A,2018,A,2,20533057312000.0,20656525000000.0,123467688000.0,0.005995092985637266,ok
US,GDP_NOMINAL_USD_A,2019,A,2,21380976119000.0,21539975000000.0,158998881000.0,0.007408916944042989,ok
US,GDP_NOMINAL_USD_A,2020,A,2,21060473613000.0,21375275000000.0,314801387000.0,0.014836612869535287,ok
US,GDP_NOMINAL_USD_A,2021,A,2,23315080560000.0,23725650000000.0,410569440000.0,0.017455912572459844,ok
US,GDP_NOMINAL_USD_A,2022,A,2,25604848907611.0,26054600000000.0,449751092389.0,0.017412152158004846,ok
US,GDP_NOMINAL_USD_A,2023,A,2,27292170793214.4,27811500000000.0,519329206785.60156,0.018849169186367636,ok
US,GDP_NOMINAL_USD_A,2024,A,2,28750956130731.2,29298025000000.0,547068869268.8008,0.018848526145075848,ok
VN,GDP_NOMINAL_USD_A,2015,A,2,236839000000.0,239258328381.741,2419328381.7409973,0.01016316722450141,ok
VN,GDP_NOMINAL_USD_A,2016,A,2,252139000000.0,257096001177.982,4957001177.981995,0.019468422895186972,ok
VN,GDP_NOMINAL_USD_A,2017,A,2,277076000000.0,281353605986.903,4277605986.903015,0.01532012608587711,ok
VN,GDP_NOMINAL_USD_A,2018,A,2,304474000000.0,310106478394.659,5632478394.658997,0.018329506363012216,ok
VN,GDP_NOMINAL_USD_A,2019,A,2,331811000000.0,334365270496.667,2554270496.666992,0.007668452359501363,ok
VN,GDP_NOMINAL_USD_A,2020,A,2,346283000000.0,346615738537.796,332738537.7960205,0.0009604247180423186,ok
VN,GDP_NOMINAL_USD_A,2021,A,2,366474752771.009,370065000000.0,3590247228.991028,0.009748957107837842,ok
VN,GDP_NOMINAL_USD_A,2022,A,2,411031000000.0,413445230668.578,2414230668.578003,0.005856398471597594,ok
VN,GDP_NOMINAL_USD_A,2023,A,2,432981000000.0,433857681378.291,876681378.2910156,0.0020227094086227777,ok
VN,GDP_NOMINAL_USD_A,2024,A,2,459448000000.0,476388230307.175,16940230307.174988,0.03620340773003541,ok
ZA,GDP_NOMINAL_USD_A,2015,A,2,346663000000.0,346709790458.563,46790458.56298828,0.00013496479586989086,ok
ZA,GDP_NOMINAL_USD_A,2016,A,2,323493000000.0,323585509674.481,92509674.48101807,0.00028593029469501605,ok
ZA,GDP_NOMINAL_USD_A,2017,A,2,381317000000.0,381448814653.456,131814653.45599365,0.00034562286595363586,ok
ZA,GDP_NOMINAL_USD_A,2018,A,2,405093000000.0,405260723892.517,167723892.5170288,0.0004139522965634578,ok
ZA,GDP_NOMINAL_USD_A,2019,A,2,389245000000.0,389330032224.269,85032224.26898193,0.0002184303907770018,ok
ZA,GDP_NOMINAL_USD_A,2020,A,2,337876000000.0,337974655408.055,98655408.05499268,0.0002919444029995887,ok
ZA,GDP_NOMINAL_USD_A,2021,A,2,419878000000.0,419986284375.368,108284375.36798096,0.0002578616030767763,ok
ZA,GDP_NOMINAL_USD_A,2022,A,2,407430000000.0,407596043067.885,166043067.88500977,0.00040745463116736194,ok
ZA,GDP_NOMINAL_USD_A,2023,A,2,381334000000.0,381440724491.232,106724491.23199463,0.00027983226975219843,ok
ZA,GDP_NOMINAL_USD_A,2024,A,2,401076000000.0,401144998373.585,68998373.58502197,0.0001720183683172308,ok
AR,GDP_PER_CAPITA_USD_A,2015,A,2,13679.6264980954,14895.316,1215.6895019046005,0.085087800403142,ok
AR,GDP_PER_CAPITA_USD_A,2016,A,2,12699.9623137756,12772.868,72.90568622439969,0.005724192037268242,ok
AR,GDP_PER_CAPITA_USD_A,2017,A,2,14532.5009308511,14618.327,85.82606914889948,0.005888413828415999,ok
AR,GDP_PER_CAPITA_USD_A,2018,A,2,11752.7998922979,11786.433,33.63310770210046,0.002857621389446833,ok
AR,GDP_PER_CAPITA_USD_A,2019,A,2,9941.59,9955.97478680428,14.384786804279429,0.0014458841530013934,ok
AR,GDP_PER_CAPITA_USD_A,2020,A,2,8489.332,8535.59938004389,46.267380043889716,0.005435250105985501,ok
AR,GDP_PER_CAPITA_USD_A,2021,A,2,10610.191,10738.0179223384,127.82692233839953,0.011975423587375859,ok
AR,GDP_PER_CAPITA_USD_A,2022,A,2,13702.23,13962.1894087223,259.9594087223013,0.01879377296024791,ok
AR,GDP_PER_CAPITA_USD_A,2023,A,2,13908.489,14261.8465667948,353.35756679480073,0.025087210335635025,ok
AR,GDP_PER_CAPITA_USD_A,2024,A,2,13538.693,13969.7836603737,431.0906603737003,0.031342386981005874,ok
BR,GDP_PER_CAPITA_USD_A,2015,A,2,8893.346,8936.1955889444,42.84958894440024,0.0048065833583708145,ok
BR,GDP_PER_CAPITA_USD_A,2016,A,2,8812.503,8836.28546025694,23.782460256939885,0.002695081343458252,ok
BR,GDP_PER_CAPITA_USD_A,2017,A,2,10055.567,10080.5078722821,24.940872282100827,0.00247723277155993,ok
BR,GDP_PER_CAPITA_USD_A,2018,A,2,9281.668,9300.66072904004,18.992729040041013,0.0020441710311969253,ok
BR,GDP_PER_CAPITA_USD_A,2019,A,2,9010.512,9029.83304401079,19.321044010788682,0.002141981648760434,ok
BR,GDP_PER_CAPITA_USD_A,2020,A,2,7057.072,7074.19407495707,17.122074957070254,0.0024232895858373777,ok
BR,GDP_PER_CAPITA_USD_A,2021,A,2,7951.553,7972.53696080695,20.983960806950563,0.0026354989024298635,ok
BR,GDP_PER_CAPITA_USD_A,2022,A,2,9256.482,9281.33282136864,24.850821368640027,0.002681095005868151,ok
BR,GDP_PER_CAPITA_USD_A,2023,A,2,10350.437,10377.5897719195,27.152771919500083,0.002619908997443429,ok
BR,GDP_PER_CAPITA_USD_A,2024,A,2,10282.171,10310.5488778166,28.37787781659972,0.0027561077880896775,ok
CN,GDP_PER_CAPITA_USD_A,2015,A,2,8173.185,8175.33285077393,2.147850773929349,0.00026275785897345684,ok
CN,GDP_PER_CAPITA_USD_A,2016,A,2,8225.121,8254.86859320357,29.747593203570432,0.0036101470859955507,ok
CN,GDP_PER_CAPITA_USD_A,2017,A,2,8939.406,8979.67652709856,40.27052709855889,0.004494708592101055,ok
CN,GDP_PER_CAPITA_USD_A,2018,A,2,10038.3,10085.6638148819,47.36381488190091,0.004707205331672762,ok
CN,GDP_PER_CAPITA_USD_A,2019,A,2,10342.9009524335,10349.377,6.476047566500711,0.0006259385826333442,ok
CN,GDP_PER_CAPITA_USD_A,2020,A,2,10627.4637989619,10700.359,72.89520103809991,0.006835690799311027,ok
CN,GDP_PER_CAPITA_USD_A,2021,A,2,12872.366,12887.4357242941,15.069724294100524,0.0011700186558414578,ok
CN,GDP_PER_CAPITA_USD_A,2022,A,2,12970.6056414327,12989.394,18.788358567300747,0.0014474852717111858,ok
CN,GDP_PER_CAPITA_USD_A,2023,A,2,12951.1782397043,13029.245,78.06676029570008,0.006009660395092825,ok
CN,GDP_PER_CAPITA_USD_A,2024,A,2,13303.1481543868,13452.66,149.51184561320042,0.01117602912612355,ok
DE,GDP_PER_CAPITA_USD_A,2015,A,2,41929.7549110722,42109.327,179.57208892779454,0.004273537617124678,ok
DE,GDP_PER_CAPITA_USD_A,2016,A,2,42948.9381932694,43189.577,240.63880673059612,0.005587252257382744,ok
DE,GDP_PER_CAPITA_USD_A,2017,A,2,45553.9341495339,45881.456,327.5218504660952,0.007164006189079837,ok
DE,GDP_PER_CAPITA_USD_A,2018,A,2,48916.1686612154,49384.527,468.3583387846011,0.0095290951022108,ok
DE,GDP_PER_CAPITA_USD_A,2019,A,2,47656.199739747,48177.607,521.4072602530068,0.010881489069279632,ok
DE,GDP_PER_CAPITA_USD_A,2020,A,2,47394.8734504469,47953.683,558.8095495530943,0.011721405553601858,ok
DE,GDP_PER_CAPITA_USD_A,2021,A,2,52349.2459994422,53151.541,802.295000557795,0.015209270440078079,ok
DE,GDP_PER_CAPITA_USD_A,2022,A,2,50506.5179638543,50943.628,437.11003614569927,0.00861723819109018,ok
DE,GDP_PER_CAPITA_USD_A,2023,A,2,54776.7668235491,54793.074,16.307176450900442,0.0002976581206713892,ok
DE,GDP_PER_CAPITA_USD_A,2024,A,2,56086.903,56103.7323182554,16.82931825540436,0.00030001288802160715,ok
ES,GDP_PER_CAPITA_USD_A,2015,A,2,25982.4416197775,25986.986,4.544380222501786,0.0001748866759029832,ok
ES,GDP_PER_CAPITA_USD_A,2016,A,2,26725.642,26755.6061149398,29.96411493980122,0.0011205465839317556,ok
ES,GDP_PER_CAPITA_USD_A,2017,A,2,28326.416,28381.3425596906,54.9265596906007,0.001937179711759723,ok
ES,GDP_PER_CAPITA_USD_A,2018,A,2,30526.94,30602.4212881113,75.481288111303,0.002469559194494084,ok
ES,GDP_PER_CAPITA_USD_A,2019,A,2,29664.183,29786.5245689007,122.3415689006979,0.004115731297526089,ok
ES,GDP_PER_CAPITA_USD_A,2020,A,2,27188.392,27233.9426461608,45.55064616080199,0.0016739688386012796,ok
ES,GDP_PER_CAPITA_USD_A,2021,A,2,30792.106,30799.4775937775,7.371593777501403,0.00023937016544728503,ok
ES,GDP_PER_CAPITA_USD_A,2022,A,2,30154.509,30319.4987196616,164.98971966160025,0.00545654987598773,ok
ES,GDP_PER_CAPITA_USD_A,2023,A,2,33312.918,33493.2225409111,180.30454091110005,0.005397843355452759,ok
ES,GDP_PER_CAPITA_USD_A,2024,A,2,35151.242,35326.7683069278,175.52630692780076,0.004981023333757394,ok
FR,GDP_PER_CAPITA_USD_A,2015,A,2,36702.4323733379,36775.676,73.24362666210072,0.001993617644318066,ok
FR,GDP_PER_CAPITA_USD_A,2016,A,2,37024.2157133669,37081.496,57.28028663309669,0.0015459074694444826,ok
FR,GDP_PER_CAPITA_USD_A,2017,A,2,38687.1626407164,38756.651,69.48835928359767,0.0017945490031256387,ok
FR,GDP_PER_CAPITA_USD_A,2018,A,2,41418.1766484844,41539.756,121.57935151560378,0.002931108518115295,ok
FR,GDP_PER_CAPITA_USD_A,2019,A,2,40408.2848574751,40487.302,79.01714252490638,0.0019535587933646307,ok
FR,GDP_PER_CAPITA_USD_A,2020,A,2,39169.8606000707,39230.928,61.06739992929943,0.0015578261652649846,ok
FR,GDP_PER_CAPITA_USD_A,2021,A,2,43725.0999521245,43848.345,123.24504787549813,0.0028146671161075124,ok
FR,GDP_PER_CAPITA_USD_A,2022,A,2,40988.6396406579,41095.77,107.1303593420962,0.002610248640663491,ok
FR,GDP_PER_CAPITA_USD_A,2023,A,2,44700.1384177544,44749.675,49.536582245600584,0.0011075838026458832,ok
FR,GDP_PER_CAPITA_USD_A,2024,A,2,46053.562,46103.0840855884,49.52208558840357,0.0010747371501000818,ok
GB,GDP_PER_CAPITA_USD_A,2015,A,2,45255.3449216209,45266.037,10.692078379099257,0.00023623321147167486,ok
GB,GDP_PER_CAPITA_USD_A,2016,A,2,41257.9085545556,41411.645,153.73644544439594,0.0037193002462010782,ok
GB,GDP_PER_CAPITA_USD_A,2017,A,2,40916.8115070354,40952.186,35.374492964598176,0.0008641731068359123,ok
GB,GDP_PER_CAPITA_USD_A,2018,A,2,43702.9976303165,43760.389,57.39136968350067,0.0013123518741865803,ok
GB,GDP_PER_CAPITA_USD_A,2019,A,2,43158.7411267323,43185.922,27.180873267701827,0.0006295901167118372,ok
GB,GDP_PER_CAPITA_USD_A,2020,A,2,40812.6794663879,40844.287,31.60753361209936,0.0007741540000781153,ok
GB,GDP_PER_CAPITA_USD_A,2021,A,2,47691.3768799404,47707.119,15.742120059599984,0.0003300286847166131,ok
GB,GDP_PER_CAPITA_USD_A,2022,A,2,47057.043229179,47206.385,149.3417708210036,0.0031686046991186182,ok
GB,GDP_PER_CAPITA_USD_A,2023,A,2,49938.295,49944.4702124201,6.175212420101161,0.0001236492082887047,ok
GB,GDP_PER_CAPITA_USD_A,2024,A,2,53246.3676145108,53338.651,92.28338548920146,0.0017316389618125512,ok
ID,GDP_PER_CAPITA_USD_A,2015,A,2,3288.22269725538,3373.489,85.26630274462013,0.025598917101065717,ok
ID,GDP_PER_CAPITA_USD_A,2016,A,2,3521.46943457574,3604.99,83.52056542425998,0.023439568046662775,ok
ID,GDP_PER_CAPITA_USD_A,2017,A,2,3798.88326174526,3885.967,87.08373825474018,0.02266374367454835,ok
ID,GDP_PER_CAPITA_USD_A,2018,A,2,3860.95353090726,3945.583,84.62946909274024,0.021681694246271532,ok
ID,GDP_PER_CAPITA_USD_A,2019,A,2,4106.94856160358,4192.768,85.81943839642008,0.020680088954709797,ok
ID,GDP_PER_CAPITA_USD_A,2020,A,2,3853.70288774146,3919.465,65.76211225854013,0.01692028609397441,ok
ID,GDP_PER_CAPITA_USD_A,2021,A,2,4287.17313995098,4351.304,64.13086004902016,0.01484772350729033,ok
ID,GDP_PER_CAPITA_USD_A,2022,A,2,4730.83484836107,4784.207,53.37215163893052,0.011218479642971547,ok
ID,GDP_PER_CAPITA_USD_A,2023,A,2,4876.30774512252,4919.934,43.62625487748028,0.008906733013035635,ok
ID,GDP_PER_CAPITA_USD_A,2024,A,2,4925.43048751861,4958.391,32.96051248138974,0.006669588786687945,ok
IN,GDP_PER_CAPITA_USD_A,2015,A,2,1567.444,1583.99815907985,16.554159079850024,0.010505767356163988,ok
IN,GDP_PER_CAPITA_USD_A,2016,A,2,1685.202,1707.50892912243,22.306929122429892,0.01314991438318612,ok
IN,GDP_PER_CAPITA_USD_A,2017,A,2,1919.534,1950.10468280866,30.570682808659967,0.015800277656140838,ok
IN,GDP_PER_CAPITA_USD_A,2018,A,2,1930.293,1966.25455171679,35.961551716790154,0.018458161354117576,ok
IN,GDP_PER_CAPITA_USD_A,2019,A,2,1998.758,2041.42863698585,42.670636985850024,0.021123101886047584,ok
IN,GDP_PER_CAPITA_USD_A,2020,A,2,1862.198,1907.04251637669,44.84451637668985,0.023794987972695445,ok
IN,GDP_PER_CAPITA_USD_A,2021,A,2,2181.098,2239.61384367482,58.51584367482019,0.02647349374673447,ok
IN,GDP_PER_CAPITA_USD_A,2022,A,2,2279.982,2347.44829434623,67.46629434622992,0.029159291466220413,ok
IN,GDP_PER_CAPITA_USD_A,2023,A,2,2434.448,2530.12031278204,95.67231278204008,0.038542047064078905,ok
IN,GDP_PER_CAPITA_USD_A,2024,A,2,2591.992,2694.73780859961,102.74580859960997,0.03886932463712424,ok
IT,GDP_PER_CAPITA_USD_A,2015,A,2,30609.504,30639.8829751432,30.37897514319775,0.0009919764635530615,ok
IT,GDP_PER_CAPITA_USD_A,2016,A,2,31357.601,31391.5692898108,33.96828981080034,0.001082668970885695,ok
IT,GDP_PER_CAPITA_USD_A,2017,A,2,32797.28,32844.115660604,46.83566060400335,0.0014270159899148127,ok
IT,GDP_PER_CAPITA_USD_A,2018,A,2,34904.1081923834,35042.793,138.68480761659885,0.003965431069924235,ok
IT,GDP_PER_CAPITA_USD_A,2019,A,2,33766.987,33812.788724868,45.80172486799711,0.001355486145869022,ok
IT,GDP_PER_CAPITA_USD_A,2020,A,2,31956.874,32091.4866621366,134.612662136602,0.0042034694017135344,ok
IT,GDP_PER_CAPITA_USD_A,2021,A,2,36812.907,36852.5425414951,39.6355414951031,0.0010760958289619002,ok
IT,GDP_PER_CAPITA_USD_A,2022,A,2,35653.9042103495,35672.007,18.10278965049656,0.0005076076658063029,ok
IT,GDP_PER_CAPITA_USD_A,2023,A,2,39277.0838783918,39282.374,5.290121608202753,0.0001346781597294558,ok
IT,GDP_PER_CAPITA_USD_A,2024,A,2,40385.3413957669,40404.749,19.407604233099846,0.00048044516692648064,ok
JP,GDP_PER_CAPITA_USD_A,2015,A,2,34960.6393843385,35710.561,749.9216156615003,0.02122283508934683,ok
JP,GDP_PER_CAPITA_USD_A,2016,A,2,39375.4731620781,40251.686,876.2128379218993,0.02200788894498674,ok
JP,GDP_PER_CAPITA_USD_A,2017,A,2,38834.0529341227,39750.616,916.5630658773007,0.023326765342630704,ok
JP,GDP_PER_CAPITA_USD_A,2018,A,2,39751.1330982711,40746.901,995.7679017288974,0.024740179381605148,ok
JP,GDP_PER_CAPITA_USD_A,2019,A,2,40415.9567649547,41560.163,1144.206235045298,0.027915598794527312,ok
JP,GDP_PER_CAPITA_USD_A,2020,A,2,40028.7341726762,41233.597,1204.8628273237991,0.029653661418192846,ok
JP,GDP_PER_CAPITA_USD_A,2021,A,2,40094.5599795288,41643.614,1549.0540204712015,0.03790282912018954,ok
JP,GDP_PER_CAPITA_USD_A,2022,A,2,34065.6438962526,35565.979,1500.3351037473985,0.04309349807867663,ok
JP,GDP_PER_CAPITA_USD_A,2023,A,2,33836.1756271617,35224.682,1388.506372838303,0.04021109556253765,ok
JP,GDP_PER_CAPITA_USD_A,2024,A,2,32487.0778047567,33820.26,1333.182195243302,0.04021220695570327,ok
MX,GDP_PER_CAPITA_USD_A,2015,A,2,9915.089,10021.2386118827,106.1496118826999,0.010648863115535008,ok
MX,GDP_PER_CAPITA_USD_A,2016,A,2,8999.57,9097.92397674769,98.35397674769047,0.010869347642724366,ok
MX,GDP_PER_CAPITA_USD_A,2017,A,2,9542.783,9649.27816772402,106.49516772402058,0.011097835380299572,ok
MX,GDP_PER_CAPITA_USD_A,2018,A,2,9970.967,10084.7937562021,113.8267562020992,0.011351028523502815,ok
MX,GDP_PER_CAPITA_USD_A,2019,A,2,10251.145,10369.5553585271,118.41035852710047,0.011484610752140167,ok
MX,GDP_PER_CAPITA_USD_A,2020,A,2,8744.029,8841.27075039868,97.24175039867987,0.011059436208526986,ok
MX,GDP_PER_CAPITA_USD_A,2021,A,2,10207.315,10314.0506722115,106.73567221150006,0.010402394647256204,ok
MX,GDP_PER_CAPITA_USD_A,2022,A,2,11287.534,11405.7940473759,118.2600473759012,0.01042245078632933,ok
MX,GDP_PER_CAPITA_USD_A,2023,A,2,13683.652,13860.9597809326,177.3077809326005,0.012874226171184559,ok
MX,GDP_PER_CAPITA_USD_A,2024,A,2,13838.574,14185.7812248529,347.20722485290025,0.02477896258929702,ok
SA,GDP_PER_CAPITA_USD_A,2015,A,2,23256.1549553531,23256.173,0.01804464689848828,7.759081384104974e-07,ok
SA,GDP_PER_CAPITA_USD_A,2016,A,2,22267.7217050387,22267.722,0.00029496130082407035,1.32461372913502e-08,ok
SA,GDP_PER_CAPITA_USD_A,2017,A,2,23929.282,23929.2907135982,0.008713598199392436,3.6413949289869294e-07,ok
SA,GDP_PER_CAPITA_USD_A,2018,A,2,29360.031,29360.0658968566,0.03489685659951647,1.1885830727021352e-06,ok
SA,GDP_PER_CAPITA_USD_A,2019,A,2,29566.714,29566.7933827436,0.07938274359912612,2.684865049026051e-06,ok
SA,GDP_PER_CAPITA_USD_A,2020,A,2,24318.285,24338.8307301067,20.54573010669992,0.0008445108099158127,ok
SA,GDP_PER_CAPITA_USD_A,2021,A,2,31920.765,31920.7653655643,0.0003655643013189547,1.1452241173596229e-08,ok
SA,GDP_PER_CAPITA_USD_A,2022,A,2,38510.2276211037,38510.236,0.008378896294743754,2.1757584675062708e-07,ok
SA,GDP_PER_CAPITA_USD_A,2023,A,2,36156.848,36156.848337701,0.0003377009998075664,9.339890419389469e-09,ok
SA,GDP_PER_CAPITA_USD_A,2024,A,2,35121.6628687742,35527.794,406.131131225804,0.01149707723812118,ok
TR,GDP_PER_CAPITA_USD_A,2015,A,2,11064.6494504662,11099.8,35.15054953379877,0.003171795411598588,ok
TR,GDP_PER_CAPITA_USD_A,2016,A,2,10978.312,10984.3643169061,6.052316906099804,0.0005511456635584018,ok
TR,GDP_PER_CAPITA_USD_A,2017,A,2,10756.3877677883,10756.742,0.3542322117009462,3.293172267582745e-05,ok
TR,GDP_PER_CAPITA_USD_A,2018,A,2,9684.11819884721,9917.054,232.93580115278928,0.023767537858423463,ok
TR,GDP_PER_CAPITA_USD_A,2019,A,2,9387.652,9395.23378001368,7.581780013679236,0.0008073072585839591,ok
TR,GDP_PER_CAPITA_USD_A,2020,A,2,8758.704,8798.11791709313,39.413917093130294,0.004489869212007822,ok
TR,GDP_PER_CAPITA_USD_A,2021,A,2,9836.039,9981.76398411336,145.72498411335982,0.014706472178593968,ok
TR,GDP_PER_CAPITA_USD_A,2022,A,2,10881.992,10897.8397861365,15.847786136499053,0.001455271674465974,ok
TR,GDP_PER_CAPITA_USD_A,2023,A,2,13375.0947282864,13516.335,141.2402717135992,0.010504482144735669,ok
TR,GDP_PER_CAPITA_USD_A,2024,A,2,15882.632,15892.7157287241,10.083728724101093,0.0006346888040495406,ok
US,GDP_PER_CAPITA_USD_A,2015,A,2,56572.9188996063,57006.926,434.0071003936973,0.007642325991505236,ok
US,GDP_PER_CAPITA_USD_A,2016,A,2,57638.1018367192,58179.697,541.5951632807992,0.00935253767073132,ok
US,GDP_PER_CAPITA_USD_A,2017,A,2,59635.0984397965,60292.978,657.8795602035025,0.010971235089120367,ok
US,GDP_PER_CAPITA_USD_A,2018,A,2,62499.8744390068,63165.278,665.4035609931962,0.010590104704104956,ok
US,GDP_PER_CAPITA_USD_A,2019,A,2,64746.4506778863,65561.32,814.8693221137073,0.012506841577821476,ok
US,GDP_PER_CAPITA_USD_A,2020,A,2,63515.9491807833,64517.998,1002.0488192167031,0.015652861468088853,ok
US,GDP_PER_CAPITA_USD_A,2021,A,2,70205.050916026,71365.73,1160.6790839739988,0.016397155916833803,ok
US,GDP_PER_CAPITA_USD_A,2022,A,2,76657.2488844403,77948.992,1291.7431155597005,0.016710103139047378,ok
US,GDP_PER_CAPITA_USD_A,2023,A,2,81032.262117545,82536.095,1503.8328824549972,0.018387821568377052,ok
US,GDP_PER_CAPITA_USD_A,2024,A,2,84534.0407841548,86173.365,1639.324215845205,0.019206246012759314,ok
VN,GDP_PER_CAPITA_USD_A,2015,A,2,2577.56885340113,2582.38,4.811146598869982,0.0018648039876204435,ok
VN,GDP_PER_CAPITA_USD_A,2016,A,2,2720.088,2735.0604380416,14.972438041599617,0.0054892871245038844,ok
VN,GDP_PER_CAPITA_USD_A,2017,A,2,2956.10992127753,2957.955,1.8450787224701344,0.0006239629584829004,ok
VN,GDP_PER_CAPITA_USD_A,2018,A,2,3216.297,3222.31003125366,6.013031253659847,0.0018678050157346071,ok
VN,GDP_PER_CAPITA_USD_A,2019,A,2,3439.028,3440.90025375434,1.8722537543403632,0.0005442654880357755,ok
VN,GDP_PER_CAPITA_USD_A,2020,A,2,3534.03953482647,3548.611,14.57146517352976,0.0041146926851408664,ok
VN,GDP_PER_CAPITA_USD_A,2021,A,2,3704.1935590038,3756.77,52.576440996199835,0.014093740193316245,ok
VN,GDP_PER_CAPITA_USD_A,2022,A,2,4132.552,4147.69777213621,15.145772136210326,0.0036582887118157287,ok
VN,GDP_PER_CAPITA_USD_A,2023,A,2,4316.469,4323.35031982451,6.881319824509774,0.0015929314189985968,ok
VN,GDP_PER_CAPITA_USD_A,2024,A,2,4535.521,4717.29028732449,181.7692873244905,0.03928952654065211,ok
ZA,GDP_PER_CAPITA_USD_A,2015,A,2,6112.27382485974,6227.172,114.89817514025981,0.018622906858390593,ok
ZA,GDP_PER_CAPITA_USD_A,2016,A,2,5651.20585165749,5732.033,80.82714834251055,0.01420108097454908,ok
ZA,GDP_PER_CAPITA_USD_A,2017,A,2,6618.33508255701,6665.131,46.795917442990685,0.007045738988928509,ok
ZA,GDP_PER_CAPITA_USD_A,2018,A,2,6914.1780318076,6979.677,65.49896819239984,0.009428480150750268,ok
ZA,GDP_PER_CAPITA_USD_A,2019,A,2,6533.71121032856,6609.723,76.01178967144006,0.011566503617708588,ok
ZA,GDP_PER_CAPITA_USD_A,2020,A,2,5580.60383075189,5660.106,79.50216924810957,0.014145400147348466,ok
ZA,GDP_PER_CAPITA_USD_A,2021,A,2,6828.75624590017,6970.691,141.93475409982966,0.020571078184598825,ok
ZA,GDP_PER_CAPITA_USD_A,2022,A,2,6534.24867783397,6693.779,159.5303221660306,0.024120046623935243,ok
ZA,GDP_PER_CAPITA_USD_A,2023,A,2,6034.27208964673,6192.66,158.38791035326994,0.025908037959479043,ok
ZA,GDP_PER_CAPITA_USD_A,2024,A,2,6267.186814093,6434.85,167.6631859070003,0.026399417410123832,ok
AR,GDP_REAL_GROWTH_YOY_A,2015,A,2,2.731,2.73115982828944,0.00015982828944016703,5.852201124265517e-05,ok
AR,GDP_REAL_GROWTH_YOY_A,2016,A,2,-2.08032784377811,-2.08,0.0003278437781100152,0.00015760478040225363,ok
AR,GDP_REAL_GROWTH_YOY_A,2017,A,2,2.81850297775918,2.819,0.0004970222408200442,0.00017632708764177109,ok
AR,GDP_REAL_GROWTH_YOY_A,2018,A,2,-2.61739646282038,-2.617,0.0003964628203800835,0.00015148368038077985,ok
AR,GDP_REAL_GROWTH_YOY_A,2019,A,2,-2.001,-2.00086100285785,0.00013899714214993253,6.946625185166125e-05,ok
AR,GDP_REAL_GROWTH_YOY_A,2020,A,2,-9.9004848136464,-9.9,0.000484813646400184,4.8969876340204835e-05,ok
AR,GDP_REAL_GROWTH_YOY_A,2021,A,2,10.4418119882506,10.442,0.00018801174939930831,1.800550105556258e-05,ok
AR,GDP_REAL_GROWTH_YOY_A,2022,A,2,6.02074537534855,6.021,0.00025462465144965307,4.229032312390726e-05,ok
AR,GDP_REAL_GROWTH_YOY_A,2023,A,2,-1.856,-1.85578803046339,0.00021196953661006823,0.00011421424654123116,ok
AR,GDP_REAL_GROWTH_YOY_A,2024,A,2,-1.343,-1.34293072157739,6.927842260995298e-05,5.1586157493494283e-05,ok
BR,GDP_REAL_GROWTH_YOY_A,2015,A,2,-3.546,-3.54576339347278,0.0002366065272196849,6.672713515441202e-05,ok
BR,GDP_REAL_GROWTH_YOY_A,2016,A,2,-3.276,-3.2759169063211,8.309367889980379e-05,2.5364692528269827e-05,ok
BR,GDP_REAL_GROWTH_YOY_A,2017,A,2,1.32286905390815,1.323,0.00013094609184993722,9.898153626047356e-05,ok
BR,GDP_REAL_GROWTH_YOY_A,2018,A,2,1.78366676137003,1.784,0.00033323862996992304,0.00018681040145237954,ok
BR,GDP_REAL_GROWTH_YOY_A,2019,A,2,1.22077782271943,1.221,0.00022217728057016828,0.00018197993159158718,ok
BR,GDP_REAL_GROWTH_YOY_A,2020,A,2,-3.277,-3.27675879612903,0.00024120387097026352,7.360779622000441e-05,ok
BR,GDP_REAL_GROWTH_YOY_A,2021,A,2,4.7626043797061,4.763,0.00039562029389994535,8.306460737395264e-05,ok
BR,GDP_REAL_GROWTH_YOY_A,2022,A,2,3.01669435408112,3.017,0.0003056459188797156,0.00010131302679360291,ok
BR,GDP_REAL_GROWTH_YOY_A,2023,A,2,3.24165532813583,3.242,0.00034467186417019846,0.0001063202304029008,ok
BR,GDP_REAL_GROWTH_YOY_A,2024,A,2,3.419,3.41931516597739,0.0003151659773901194,9.21764995442626e-05,ok
CN,GDP_REAL_GROWTH_YOY_A,2015,A,2,6.97878002657477,7.018,0.039219973425229426,0.005604142288549942,ok
CN,GDP_REAL_GROWTH_YOY_A,2016,A,2,6.77555562837017,6.776,0.0004443716298299094,6.558237917713561e-05,ok
CN,GDP_REAL_GROWTH_YOY_A,2017,A,2,6.891,6.8912663621211,0.0002663621211000944,3.8652876689737856e-05,ok
CN,GDP_REAL_GROWTH_YOY_A,2018,A,2,6.75671800166833,6.759,0.0022819983316706427,0.00033768066652307505,ok
CN,GDP_REAL_GROWTH_YOY_A,2019,A,2,6.065,6.06850235053705,0.0035023505370492813,0.0005773024862675798,ok
CN,GDP_REAL_GROWTH_YOY_A,2020,A,2,2.337,2.34018843078414,0.003188430784139662,0.0013633963357790634,ok
CN,GDP_REAL_GROWTH_YOY_A,2021,A,2,8.556,8.57008513166322,0.014085131663220452,0.00164487465231379,ok
CN,GDP_REAL_GROWTH_YOY_A,2022,A,2,3.112,3.1341888719577,0.022188871957699696,0.007104771377412797,ok
CN,GDP_REAL_GROWTH_YOY_A,2023,A,2,5.377,5.41484330099675,0.03784330099674982,0.007013315508992714,ok
CN,GDP_REAL_GROWTH_YOY_A,2024,A,2,4.9773565917572,5.003,0.025643408242800092,0.005138775955957134,ok
DE,GDP_REAL_GROWTH_YOY_A,2015,A,2,1.663,1.66300602334775,6.023347749906094e-06,3.621970439995396e-06,ok
DE,GDP_REAL_GROWTH_YOY_A,2016,A,2,2.217,2.22222216259371,0.005222162593709889,0.0023527376654917083,ok
DE,GDP_REAL_GROWTH_YOY_A,2017,A,2,2.797906720551,2.806,0.008093279449000068,0.002888441886200526,ok
DE,GDP_REAL_GROWTH_YOY_A,2018,A,2,1.133,1.13569604599849,0.0026960459984899376,0.0023767361901522286,ok
DE,GDP_REAL_GROWTH_YOY_A,2019,A,2,0.973,0.977734697038784,0.0047346970387840415,0.004854270594531705,ok
DE,GDP_REAL_GROWTH_YOY_A,2020,A,2,-4.13191443239947,-4.127,0.004914432399470314,0.0011900916130553783,ok
DE,GDP_REAL_GROWTH_YOY_A,2021,A,2,3.90999994204108,3.913,0.0030000579589199994,0.0007669840166551917,ok
DE,GDP_REAL_GROWTH_YOY_A,2022,A,2,1.807,1.8092581243061,0.002258124306099951,0.0012488734091863245,ok
DE,GDP_REAL_GROWTH_YOY_A,2023,A,2,-0.872,-0.869647578573321,0.002352421426679019,0.0027013747851399607,ok
DE,GDP_REAL_GROWTH_YOY_A,2024,A,2,-0.496,-0.495851897260366,0.000148102739634004,0.0002986388190476512,ok
ES,GDP_REAL_GROWTH_YOY_A,2015,A,2,4.06086672473866,4.061,0.00013327526133988243,3.28188742457285e-05,ok
ES,GDP_REAL_GROWTH_YOY_A,2016,A,2,2.915,2.91515598595787,0.00015598595786991964,5.351004612762237e-05,ok
ES,GDP_REAL_GROWTH_YOY_A,2017,A,2,2.896,2.89604207865007,4.20786500701098e-05,1.4529815045790178e-05,ok
ES,GDP_REAL_GROWTH_YOY_A,2018,A,2,2.395,2.39541124478878,0.0004112447887800741,0.00017169498306745344,ok
ES,GDP_REAL_GROWTH_YOY_A,2019,A,2,1.961,1.96117850841711,0.00017850841710997933,9.102513652904632e-05,ok
ES,GDP_REAL_GROWTH_YOY_A,2020,A,2,-10.9400706350371,-10.94,7.063503710114105e-05,6.456563900486812e-06,ok
ES,GDP_REAL_GROWTH_YOY_A,2021,A,2,6.683,6.68314420473001,0.0001442047300104221,2.1577610985132266e-05,ok
ES,GDP_REAL_GROWTH_YOY_A,2022,A,2,6.37,6.37031712129601,0.0003171212960095815,4.978232378211357e-05,ok
ES,GDP_REAL_GROWTH_YOY_A,2023,A,2,2.46085796805582,2.461,0.00014203194418005438,5.77147675133577e-05,ok
ES,GDP_REAL_GROWTH_YOY_A,2024,A,2,3.455,3.45525405630191,0.00025405630190977746,7.353023487699037e-05,ok
FR,GDP_REAL_GROWTH_YOY_A,2015,A,2,0.998,1.06675474783462,0.06875474783461999,0.06659846444884118,ok
FR,GDP_REAL_GROWTH_YOY_A,2017,A,2,2.08361485997399,2.27,0.18638514002600992,0.08562316420755851,ok
FR,GDP_REAL_GROWTH_YOY_A,2018,A,2,1.59,1.64590872395887,0.05590872395886981,0.03455519220608303,ok
FR,GDP_REAL_GROWTH_YOY_A,2019,A,2,2.02744646419237,2.093,0.06555353580762979,0.03181865672921861,ok
FR,GDP_REAL_GROWTH_YOY_A,2020,A,2,-7.603,-7.44064589948231,0.16235410051768984,0.021584408673601767,ok
FR,GDP_REAL_GROWTH_YOY_A,2021,A,2,6.795,6.88233783360239,0.08733783360239045,0.012771174429547167,ok
FR,GDP_REAL_GROWTH_YOY_A,2022,A,2,2.71676264185913,2.797,0.08023735814087019,0.02910439326195433,ok
FR,GDP_REAL_GROWTH_YOY_A,2023,A,2,1.43921494437743,1.62,0.18078505562257008,0.11819048933115157,ok
FR,GDP_REAL_GROWTH_YOY_A,2024,A,2,1.107,1.19046798275883,0.08346798275883005,0.0726608452306705,ok
GB,GDP_REAL_GROWTH_YOY_A,2015,A,2,2.14,2.14040560033371,0.00040560033371006554,0.0001895149065679402,ok
GB,GDP_REAL_GROWTH_YOY_A,2016,A,2,2.20652020635357,2.207,0.0004797936464298047,0.00021741993873240154,ok
GB,GDP_REAL_GROWTH_YOY_A,2017,A,2,3.023,3.02322219840339,0.0002221984033896618,7.349991320144904e-05,ok
GB,GDP_REAL_GROWTH_YOY_A,2018,A,2,1.551,1.55133095078786,0.0003309507878601625,0.00021335621061067974,ok
GB,GDP_REAL_GROWTH_YOY_A,2019,A,2,1.256,1.25629899760824,0.00029899760823992594,0.0002380270887538289,ok
GB,GDP_REAL_GROWTH_YOY_A,2020,A,2,-10.048,-10.047896637362,0.00010336263800070356,1.0286939653992173e-05,ok
GB,GDP_REAL_GROWTH_YOY_A,2021,A,2,8.543,8.5431118453255,0.00011184532550068127,1.3091957551627576e-05,ok
GB,GDP_REAL_GROWTH_YOY_A,2022,A,2,5.14970388522993,5.15,0.0002961147700704103,5.7499666664213e-05,ok
GB,GDP_REAL_GROWTH_YOY_A,2023,A,2,0.271650048355255,0.272,0.00034995164474499463,0.0012874151149392127,ok
GB,GDP_REAL_GROWTH_YOY_A,2024,A,2,1.088,1.1264226705118,0.03842267051179982,0.034702201186297944,ok
ID,GDP_REAL_GROWTH_YOY_A,2015,A,2,4.876,4.87632230022123,0.00032230022122980984,6.609712257407623e-05,ok
ID,GDP_REAL_GROWTH_YOY_A,2016,A,2,5.033,5.03306918280177,6.918280177004021e-05,1.3745743350987779e-05,ok
ID,GDP_REAL_GROWTH_YOY_A,2017,A,2,5.06978590134916,5.07,0.00021409865084009994,4.222942238092282e-05,ok
ID,GDP_REAL_GROWTH_YOY_A,2018,A,2,5.174,5.17429153955024,0.000291539550239861,5.634544584014144e-05,ok
ID,GDP_REAL_GROWTH_YOY_A,2019,A,2,5.019,5.01928768046282,0.0002876804628195728,5.7316640442468215e-05,ok
ID,GDP_REAL_GROWTH_YOY_A,2020,A,2,-2.066,-2.06551182934165,0.0004881706583499401,0.00023631575002786785,ok
ID,GDP_REAL_GROWTH_YOY_A,2021,A,2,3.70288562827751,3.703,0.00011437172248962568,3.0886710443630414e-05,ok
ID,GDP_REAL_GROWTH_YOY_A,2022,A,2,5.307,5.30719722664799,0.00019722664798926814,3.716280068625655e-05,ok
ID,GDP_REAL_GROWTH_YOY_A,2023,A,2,5.049,5.04902331835997,2.3318359970048164e-05,4.618400895876584e-06,ok
ID,GDP_REAL_GROWTH_YOY_A,2024,A,2,5.03034469419038,5.033,0.0026553058096201454,0.0005277183461981714,ok
IN,GDP_REAL_GROWTH_YOY_A,2015,A,2,7.996,7.99625378571471,0.0002537857147091316,3.1738580203852065e-05,ok
IN,GDP_REAL_GROWTH_YOY_A,2016,A,2,8.256,8.25630550179086,0.0003055017908604185,3.700292376825089e-05,ok
IN,GDP_REAL_GROWTH_YOY_A,2017,A,2,6.795,6.79538341897911,0.0003834189791103171,5.642504222137965e-05,ok
IN,GDP_REAL_GROWTH_YOY_A,2018,A,2,6.45385134497769,6.454,0.00014865502230954064,2.303327150841116e-05,ok
IN,GDP_REAL_GROWTH_YOY_A,2019,A,2,3.871,3.87143694070356,0.00043694070356004033,0.00011286903772194889,ok
IN,GDP_REAL_GROWTH_YOY_A,2020,A,2,-5.778,-5.77772470686801,0.0002752931319891516,4.764619077945572e-05,ok
IN,GDP_REAL_GROWTH_YOY_A,2021,A,2,9.68959249192875,9.69,0.00040750807125000676,4.20553808259618e-05,ok
IN,GDP_REAL_GROWTH_YOY_A,2022,A,2,7.609,7.60936497768895,0.00036497768894960814,4.7965427230150894e-05,ok
IN,GDP_REAL_GROWTH_YOY_A,2024,A,2,6.49476552383821,7.099,0.6042344761617899,0.08889876393736469,ok
IT,GDP_REAL_GROWTH_YOY_A,2015,A,2,0.885667635240807,0.886,0.00033236475919296016,0.00037519989932850446,ok
IT,GDP_REAL_GROWTH_YOY_A,2016,A,2,1.236,1.23622108511661,0.00022108511661000918,0.0001788554575001378,ok
IT,GDP_REAL_GROWTH_YOY_A,2017,A,2,1.60369995294101,1.604,0.00030004705899000506,0.00018707925516219437,ok
IT,GDP_REAL_GROWTH_YOY_A,2018,A,2,0.826646712344115,0.827,0.0003532876558849374,0.00042728311101485154,ok
IT,GDP_REAL_GROWTH_YOY_A,2019,A,2,0.429,0.429162533780342,0.00016253378034203347,0.0003787948644787518,ok
IT,GDP_REAL_GROWTH_YOY_A,2020,A,2,-8.86822122185345,-8.868,0.00022122185344919387,2.4945770655658977e-05,ok
IT,GDP_REAL_GROWTH_YOY_A,2021,A,2,8.931,8.93106210800055,6.210800055050925e-05,6.95418033763197e-06,ok
IT,GDP_REAL_GROWTH_YOY_A,2022,A,2,4.821,4.82117669913565,0.0001766991356504377,3.665129589800558e-05,ok
IT,GDP_REAL_GROWTH_YOY_A,2023,A,2,0.923,0.975694840127005,0.05269484012700498,0.05550638155574298,ok
IT,GDP_REAL_GROWTH_YOY_A,2024,A,2,0.692676948440536,0.783,0.09032305155946407,0.12241575184177751,ok
JP,GDP_REAL_GROWTH_YOY_A,2015,A,2,1.56062669680782,1.8,0.2393733031921801,0.1424575383035284,ok
JP,GDP_REAL_GROWTH_YOY_A,2016,A,2,0.705,0.753826745789127,0.048826745789127046,0.06693974583351235,ok
JP,GDP_REAL_GROWTH_YOY_A,2017,A,2,1.623,1.67533175173359,0.05233175173358995,0.031732254771573286,ok
JP,GDP_REAL_GROWTH_YOY_A,2020,A,2,-4.283,-4.16876457146743,0.11423542853257018,0.027032326224093142,ok
MX,GDP_REAL_GROWTH_YOY_A,2015,A,2,2.702,2.70232342550646,0.0003234255064601399,0.00011969139557180756,ok
MX,GDP_REAL_GROWTH_YOY_A,2016,A,2,1.772,1.77249323845399,0.0004932384539899637,0.0002783125376789268,ok
MX,GDP_REAL_GROWTH_YOY_A,2017,A,2,1.87172853327193,1.872,0.0002714667280701022,0.00014502479314804735,ok
MX,GDP_REAL_GROWTH_YOY_A,2018,A,2,1.972,1.97208209405635,8.209405634995726e-05,4.162897951524452e-05,ok
MX,GDP_REAL_GROWTH_YOY_A,2019,A,2,-0.393,-0.392690505066824,0.0003094949331760022,0.0007878291291039065,ok
MX,GDP_REAL_GROWTH_YOY_A,2020,A,2,-8.35403458167995,-8.354,3.458167995162853e-05,4.1395269781817065e-06,ok
MX,GDP_REAL_GROWTH_YOY_A,2021,A,2,6.048,6.0484834621255,0.0004834621254996563,7.99343258746879e-05,ok
MX,GDP_REAL_GROWTH_YOY_A,2022,A,2,3.70975709163623,3.71,0.00024290836377005576,6.547609598806658e-05,ok
MX,GDP_REAL_GROWTH_YOY_A,2023,A,2,3.107,3.35354140652768,0.24654140652767964,0.07632221233922475,ok
MX,GDP_REAL_GROWTH_YOY_A,2024,A,2,1.351,1.42742769080466,0.07642769080465994,0.055015065576549685,ok
SA,GDP_REAL_GROWTH_YOY_A,2015,A,2,4.655,4.65512316652699,0.00012316652698984853,2.645862461469327e-05,ok
SA,GDP_REAL_GROWTH_YOY_A,2016,A,2,1.704,1.70404739202878,4.739202878001336e-05,2.7811836707940446e-05,ok
SA,GDP_REAL_GROWTH_YOY_A,2017,A,2,1.182,1.18210705878283,0.00010705878283001624,9.057016469054146e-05,ok
SA,GDP_REAL_GROWTH_YOY_A,2018,A,2,3.2269508901591,3.227,4.910984089967485e-05,1.5218535664582417e-05,ok
SA,GDP_REAL_GROWTH_YOY_A,2019,A,2,1.65158925617395,1.652,0.00041074382604988635,0.00024866519061488235,ok
SA,GDP_REAL_GROWTH_YOY_A,2020,A,2,-3.805,-3.80478901996312,0.00021098003688013733,5.5449641593653494e-05,ok
SA,GDP_REAL_GROWTH_YOY_A,2021,A,2,6.51959698325419,6.52,0.00040301674580955904,6.181429477109213e-05,ok
SA,GDP_REAL_GROWTH_YOY_A,2022,A,2,12.0005874752929,12.001,0.00041252470709984834,3.437478521156144e-05,ok
SA,GDP_REAL_GROWTH_YOY_A,2023,A,2,0.542592439393161,0.543,0.000407560606838997,0.0007508538048898362,ok
TR,GDP_REAL_GROWTH_YOY_A,2015,A,2,5.80557386628684,5.806,0.00042613371315969317,7.339809711703839e-05,ok
TR,GDP_REAL_GROWTH_YOY_A,2016,A,2,3.32366508200445,3.324,0.0003349179955498549,0.00010076259601480047,ok
TR,GDP_REAL_GROWTH_YOY_A,2017,A,2,7.82585730002594,7.826,0.0001426999740594681,1.8234254417746526e-05,ok
TR,GDP_REAL_GROWTH_YOY_A,2018,A,2,3.468,3.46815306092219,0.0001530609221900292,4.413424007390031e-05,ok
TR,GDP_REAL_GROWTH_YOY_A,2019,A,2,1.30162365464503,1.302,0.000376345354970109,0.0002890935134182584,ok
TR,GDP_REAL_GROWTH_YOY_A,2020,A,2,1.803,1.80306247087255,6.247087255006889e-05,3.464769290863282e-05,ok
TR,GDP_REAL_GROWTH_YOY_A,2021,A,2,11.811,11.811094450607,9.44506069995299e-05,7.996802078412049e-06,ok
TR,GDP_REAL_GROWTH_YOY_A,2022,A,2,5.441,5.44122511322401,0.00022511322401008727,4.137264606602029e-05,ok
TR,GDP_REAL_GROWTH_YOY_A,2023,A,2,5.045,5.04512369812289,0.000123698122890481,2.4518653406299287e-05,ok
TR,GDP_REAL_GROWTH_YOY_A,2024,A,2,3.3276230893799,3.328,0.00037691062009992393,0.00011326080670083151,ok
US,GDP_REAL_GROWTH_YOY_A,2015,A,2,2.94555045484053,2.946,0.00044954515947015494,0.00015260674177908676,ok
US,GDP_REAL_GROWTH_YOY_A,2016,A,2,1.81945147788167,1.82,0.0005485221183301192,0.0003014312028412505,ok
US,GDP_REAL_GROWTH_YOY_A,2017,A,2,2.45762229852507,2.458,0.0003777014749299923,0.00015367392040813282,ok
US,GDP_REAL_GROWTH_YOY_A,2018,A,2,2.96650506901305,2.967,0.0004949309869499707,0.00016682584111529043,ok
US,GDP_REAL_GROWTH_YOY_A,2019,A,2,2.58382533412825,2.584,0.0001746658717500793,6.75974362355431e-05,ok
US,GDP_REAL_GROWTH_YOY_A,2020,A,2,-2.16302914036166,-2.081,0.08202914036165998,0.038656256895856174,ok
US,GDP_REAL_GROWTH_YOY_A,2021,A,2,6.05505293244555,6.152,0.09694706755445015,0.015883779334940243,ok
US,GDP_REAL_GROWTH_YOY_A,2022,A,2,2.51237531986017,2.524,0.01162468013983009,0.004616288263501711,ok
US,GDP_REAL_GROWTH_YOY_A,2023,A,2,2.88755600749487,2.935,0.047443992505129984,0.016296620399721174,ok
US,GDP_REAL_GROWTH_YOY_A,2024,A,2,2.793,2.79300127716779,1.2771677897482903e-06,4.5727443528113146e-07,ok
VN,GDP_REAL_GROWTH_YOY_A,2015,A,2,6.987,6.98715430598611,0.0001543059861095486,2.208448292909554e-05,ok
VN,GDP_REAL_GROWTH_YOY_A,2016,A,2,6.69,6.69000892660424,8.926604239789526e-06,1.3343196239638147e-06,ok
VN,GDP_REAL_GROWTH_YOY_A,2017,A,2,6.94,6.94019037359206,0.00019037359205942295,2.743097708827117e-05,ok
VN,GDP_REAL_GROWTH_YOY_A,2018,A,2,7.465,7.46500685572751,6.855727510135523e-06,9.183823659806963e-07,ok
VN,GDP_REAL_GROWTH_YOY_A,2019,A,2,7.359,7.35926270105006,0.000262701050059988,3.5697290556071655e-05,ok
VN,GDP_REAL_GROWTH_YOY_A,2020,A,2,2.865,2.86541320912272,0.0004132091227195822,0.00014421616998291166,ok
VN,GDP_REAL_GROWTH_YOY_A,2021,A,2,2.55372852648131,2.554,0.00027147351868972436,0.00010629911800607821,ok
VN,GDP_REAL_GROWTH_YOY_A,2022,A,2,8.53750046755788,8.538,0.0004995324421201985,5.850867364845572e-05,ok
VN,GDP_REAL_GROWTH_YOY_A,2023,A,2,5.065,5.06502391455075,2.3914550749459806e-05,4.7215191101590555e-06,ok
VN,GDP_REAL_GROWTH_YOY_A,2024,A,2,6.952,7.09118746633975,0.13918746633974965,0.019822774092188036,ok
ZA,GDP_REAL_GROWTH_YOY_A,2015,A,2,1.32186223678229,1.322,0.00013776321770997413,0.00010421361279219958,ok
ZA,GDP_REAL_GROWTH_YOY_A,2016,A,2,0.664552307858116,0.665,0.0004476921418840041,0.0006734479557336526,ok
ZA,GDP_REAL_GROWTH_YOY_A,2017,A,2,1.15794695181735,1.158,5.3048182649950704e-05,4.581122431005874e-05,ok
ZA,GDP_REAL_GROWTH_YOY_A,2018,A,2,1.55678384721676,1.557,0.00021615278323983134,0.00013883608743942737,ok
ZA,GDP_REAL_GROWTH_YOY_A,2019,A,2,0.25993557687633,0.26,6.44231236699988e-05,0.0002478119464609064,ok
ZA,GDP_REAL_GROWTH_YOY_A,2020,A,2,-6.169,-6.1689177146757,8.228532429921387e-05,1.3338608053989072e-05,ok
ZA,GDP_REAL_GROWTH_YOY_A,2021,A,2,4.85864865060148,4.859,0.0003513493985201066,7.231160770529806e-05,ok
ZA,GDP_REAL_GROWTH_YOY_A,2022,A,2,2.058,2.05813661692193,0.0001366169219303437,6.638114068842865e-05,ok
ZA,GDP_REAL_GROWTH_YOY_A,2023,A,2,0.806,0.80610455095804,0.00010455095803996173,0.00012970741628119502,ok
ZA,GDP_REAL_GROWTH_YOY_A,2024,A,2,0.534843531905139,0.535,0.00015646809486102864,0.00029250650248339744,ok
AR,GDP_REAL_LCU_A,2015,A,2,721487000000.0,721487146600.0,146600.0,2.0319144365188447e-07,ok
AR,GDP_REAL_LCU_A,2016,A,2,706477848600.0,706478000000.0,151400.0,2.143025207051045e-07,ok
AR,GDP_REAL_LCU_A,2017,A,2,726389947800.0,726390000000.0,52200.0,7.186222535498023e-08,ok
AR,GDP_REAL_LCU_A,2018,A,2,707377000000.0,707377443000.0,443000.0,6.262570896198981e-07,ok
AR,GDP_REAL_LCU_A,2019,A,2,693223803600.0,693224000000.0,196400.0,2.8331394732644807e-07,ok
AR,GDP_REAL_LCU_A,2020,A,2,624591000000.0,624591286200.0,286200.0,4.582197540930836e-07,ok
AR,GDP_REAL_LCU_A,2021,A,2,689809934000.0,689810000000.0,66000.0,9.567852474941117e-08,ok
AR,GDP_REAL_LCU_A,2022,A,2,731341633700.0,731342000000.0,366300.0,5.008601881644203e-07,ok
AR,GDP_REAL_LCU_A,2023,A,2,717769000000.0,717769483200.0,483200.0,6.73196860488038e-07,ok
AR,GDP_REAL_LCU_A,2024,A,2,708130000000.0,708130336300.0,336300.0,4.749126857263947e-07,ok
CN,GDP_REAL_LCU_A,2015,A,2,70415749000000.0,78242526350200.0,7826777350200.0,0.105298912310965,ok
CN,GDP_REAL_LCU_A,2016,A,2,75186802000000.0,83543892248100.0,8357090248100.0,0.10529898187224786,ok
CN,GDP_REAL_LCU_A,2017,A,2,80367892000000.0,89301124392200.0,8933232392200.0,0.10530187045524332,ok
CN,GDP_REAL_LCU_A,2018,A,2,85799649000000.0,95334949539700.0,9535300539700.0,0.1052841435769115,ok
CN,GDP_REAL_LCU_A,2019,A,2,91003165000000.0,101120353193400.0,10117188193400.0,0.10531962238184284,ok
CN,GDP_REAL_LCU_A,2020,A,2,93129526000000.0,103486760000000.0,10357234000000.0,0.10535479243057211,ok
CN,GDP_REAL_LCU_A,2021,A,2,101097416000000.0,112355663432000.0,11258247432000.0,0.105486858863393,ok
CN,GDP_REAL_LCU_A,2022,A,2,104243650000000.0,115877102132300.0,11633452132300.0,0.10570063948634796,ok
CN,GDP_REAL_LCU_A,2023,A,2,109848641000000.0,122151665634500.0,12303024634500.0,0.10606041701386663,ok
CN,GDP_REAL_LCU_A,2024,A,2,115344132000000.0,128231589615900.0,12887457615900.0,0.10581890124683707,ok
DE,GDP_REAL_LCU_A,2015,A,2,3354099840000.0,3354100000000.0,160000.0,4.7702812622231005e-08,ok
DE,GDP_REAL_LCU_A,2016,A,2,3428470000000.0,3428635390000.0,165390000.0,4.823901357596022e-05,ok
DE,GDP_REAL_LCU_A,2017,A,2,3524565410000.0,3524660000000.0,94590000.0,2.683699115815336e-05,ok
DE,GDP_REAL_LCU_A,2018,A,2,3564593760000.0,3564600000000.0,6240000.0,1.7505485781606811e-06,ok
DE,GDP_REAL_LCU_A,2019,A,2,3599280000000.0,3599446030000.0,166030000.0,4.612760627591213e-05,ok
DE,GDP_REAL_LCU_A,2020,A,2,3450720000000.0,3450720000000.0,0.0,0.0,ok
DE,GDP_REAL_LCU_A,2021,A,2,3585643150000.0,3585730000000.0,86850000.0,2.4221302722199024e-05,ok
DE,GDP_REAL_LCU_A,2022,A,2,3650516690000.0,3650520000000.0,3310000.0,9.067205495717075e-07,ok
DE,GDP_REAL_LCU_A,2023,A,2,3618690000000.0,3618770060000.0,80060000.0,2.2123783574979758e-05,ok
DE,GDP_REAL_LCU_A,2024,A,2,3600740000000.0,3600826320000.0,86320000.0,2.397256267994766e-05,ok
ES,GDP_REAL_LCU_A,2015,A,2,1146833000000.0,1146834000000.0,1000000.0,8.719661572495048e-07,ok
ES,GDP_REAL_LCU_A,2016,A,2,1180266000000.0,1180266000000.0,0.0,0.0,ok
ES,GDP_REAL_LCU_A,2017,A,2,1214447000000.0,1214447000000.0,0.0,0.0,ok
ES,GDP_REAL_LCU_A,2018,A,2,1243538000000.0,1243538000000.0,0.0,0.0,ok
ES,GDP_REAL_LCU_A,2019,A,2,1267926000000.0,1267926000000.0,0.0,0.0,ok
ES,GDP_REAL_LCU_A,2020,A,2,1129214000000.0,1129214000000.0,0.0,0.0,ok
ES,GDP_REAL_LCU_A,2021,A,2,1204681000000.0,1204681000000.0,0.0,0.0,ok
ES,GDP_REAL_LCU_A,2022,A,2,1281423000000.0,1281423000000.0,0.0,0.0,ok
ES,GDP_REAL_LCU_A,2023,A,2,1312957000000.0,1312958000000.0,1000000.0,7.616392762141958e-07,ok
ES,GDP_REAL_LCU_A,2024,A,2,1358323000000.0,1358323000000.0,0.0,0.0,ok
FR,GDP_REAL_LCU_A,2015,A,2,2345647800000.0,2347148000000.0,1500200000.0,0.0006393629997708402,ok
FR,GDP_REAL_LCU_A,2016,A,2,2364395000000.0,2365821100000.0,1426100000.0,0.0006029745660034433,ok
FR,GDP_REAL_LCU_A,2017,A,2,2415115700000.0,2418059000000.0,2943300000.0,0.001217957215575096,ok
FR,GDP_REAL_LCU_A,2018,A,2,2454866300000.0,2456498000000.0,1631700000.0,0.0006644589569541808,ok
FR,GDP_REAL_LCU_A,2019,A,2,2504637400000.0,2507924000000.0,3286600000.0,0.001311345532844745,ok
FR,GDP_REAL_LCU_A,2020,A,2,2317247000000.0,2318276200000.0,1029200000.0,0.0004440491204962581,ok
FR,GDP_REAL_LCU_A,2021,A,2,2474709000000.0,2477827800000.0,3118800000.0,0.0012594757498823634,ok
FR,GDP_REAL_LCU_A,2022,A,2,2543931000000.0,2545144500000.0,1213500000.0,0.000476903909167785,ok
FR,GDP_REAL_LCU_A,2023,A,2,2581774600000.0,2585147000000.0,3372400000.0,0.0013053807512775112,ok
FR,GDP_REAL_LCU_A,2024,A,2,2612509800000.0,2613761000000.0,1251200000.0,0.00047881177531022693,ok
GB,GDP_REAL_LCU_A,2015,A,2,2181569145000.0,2469182000000.0,287612855000.0,0.12368447419905973,ok
GB,GDP_REAL_LCU_A,2016,A,2,2229705909000.0,2523665000000.0,293959091000.0,0.1236844742931463,ok
GB,GDP_REAL_LCU_A,2017,A,2,2297114873000.0,2599961000000.0,302846127000.0,0.12368447410412421,ok
GB,GDP_REAL_LCU_A,2018,A,2,2332750727000.0,2640295000000.0,307544273000.0,0.12368447421678011,ok
GB,GDP_REAL_LCU_A,2019,A,2,2362057051000.0,2673465000000.0,311407949000.0,0.12368447435878382,ok
GB,GDP_REAL_LCU_A,2020,A,2,2124720000000.0,2404838000000.0,280118000000.0,0.123684474290869,ok
GB,GDP_REAL_LCU_A,2021,A,2,2306237206000.0,2610286000000.0,304048794000.0,0.12368447427602765,ok
GB,GDP_REAL_LCU_A,2022,A,2,2425001593000.0,2744708000000.0,319706407000.0,0.1236844744365895,ok
GB,GDP_REAL_LCU_A,2023,A,2,2431589111000.0,2752164000000.0,320574889000.0,0.12368447421607923,ok
GB,GDP_REAL_LCU_A,2024,A,2,2458979082000.0,2782111000000.0,323131918000.0,0.12330714143218575,ok
ID,GDP_REAL_LCU_A,2015,A,2,8982517100000000.0,8982517100000000.0,0.0,0.0,ok
ID,GDP_REAL_LCU_A,2016,A,2,9434613400000000.0,9434613400000000.0,0.0,0.0,ok
ID,GDP_REAL_LCU_A,2017,A,2,9912928100000000.0,9912928100000000.0,0.0,0.0,ok
ID,GDP_REAL_LCU_A,2018,A,2,1.04258519e+16,1.04258519e+16,0.0,0.0,ok
ID,GDP_REAL_LCU_A,2019,A,2,1.09491554e+16,1.09491554e+16,0.0,0.0,ok
ID,GDP_REAL_LCU_A,2020,A,2,1.07229993e+16,1.07229993e+16,0.0,0.0,ok
ID,GDP_REAL_LCU_A,2021,A,2,1.11200597e+16,1.11200597e+16,0.0,0.0,ok
ID,GDP_REAL_LCU_A,2022,A,2,1.17102232e+16,1.17102232e+16,0.0,0.0,ok
ID,GDP_REAL_LCU_A,2023,A,2,1.23014526e+16,1.23014751e+16,22500000000.0,1.8290506133544423e-06,ok
ID,GDP_REAL_LCU_A,2024,A,2,1.29202817e+16,1.29205324e+16,250700000000.0,1.940341345515117e-05,ok
IT,GDP_REAL_LCU_A,2015,A,2,1759418000000.0,1759418300000.0,300000.0,1.7051091578201578e-07,ok
IT,GDP_REAL_LCU_A,2016,A,2,1781168600000.0,1781169000000.0,400000.0,2.2457164082371082e-07,ok
IT,GDP_REAL_LCU_A,2017,A,2,1809733200000.0,1809734000000.0,800000.0,4.420540128116094e-07,ok
IT,GDP_REAL_LCU_A,2018,A,2,1824693000000.0,1824693300000.0,300000.0,1.6441120524840025e-07,ok
IT,GDP_REAL_LCU_A,2019,A,2,1832523000000.0,1832524200000.0,1200000.0,6.5483467716323e-07,ok
IT,GDP_REAL_LCU_A,2020,A,2,1670011900000.0,1670012000000.0,100000.0,5.987981103967549e-08,ok
IT,GDP_REAL_LCU_A,2021,A,2,1819161700000.0,1819162000000.0,300000.0,1.649111100257517e-07,ok
IT,GDP_REAL_LCU_A,2022,A,2,1906865000000.0,1906866700000.0,1700000.0,8.915152578772124e-07,ok
IT,GDP_REAL_LCU_A,2023,A,2,1924462000000.0,1925471900000.0,1009900000.0,0.0005246323839482024,ok
IT,GDP_REAL_LCU_A,2024,A,2,1938809200000.0,1939531000000.0,721800000.0,0.00037222108571084093,ok
JP,GDP_REAL_LCU_A,2015,A,2,548390074920000.0,562904500000000.0,14514425080000.0,0.02612165200400599,ok
JP,GDP_REAL_LCU_A,2016,A,2,552523985976000.0,566872700000000.0,14348714024000.0,0.025636513317867083,ok
JP,GDP_REAL_LCU_A,2017,A,2,561780595749000.0,576075700000000.0,14295104251000.0,0.02512637897141514,ok
JP,GDP_REAL_LCU_A,2018,A,2,565395041674000.0,580881000000000.0,15485958326000.0,0.027019596960928535,ok
JP,GDP_REAL_LCU_A,2019,A,2,563121196953000.0,579089000000000.0,15967803047000.0,0.02795948257088979,ok
JP,GDP_REAL_LCU_A,2020,A,2,539646000000000.0,554285000000000.0,14639000000000.0,0.026764028078553402,ok
JP,GDP_REAL_LCU_A,2021,A,2,554197953954000.0,574040800000000.0,19842846046000.0,0.03517490597882622,ok
JP,GDP_REAL_LCU_A,2022,A,2,559418491894000.0,581685100000000.0,22266608106000.0,0.0390264446877114,ok
JP,GDP_REAL_LCU_A,2023,A,2,567670109386000.0,585877800000000.0,18207690614000.0,0.031568156755086875,ok
JP,GDP_REAL_LCU_A,2024,A,2,568262240524000.0,584458100000000.0,16195859476000.0,0.028100240633626258,ok
MX,GDP_REAL_LCU_A,2015,A,2,22868154000000.0,22868154259000.0,259000.0,1.1325793876204861e-08,ok
MX,GDP_REAL_LCU_A,2016,A,2,23273490747000.0,23273491000000.0,253000.0,1.0870737070564456e-08,ok
MX,GDP_REAL_LCU_A,2017,A,2,23709107000000.0,23709107314000.0,314000.0,1.3243855954621766e-08,ok
MX,GDP_REAL_LCU_A,2018,A,2,24176670000000.0,24176670374000.0,374000.0,1.5469458660237792e-08,ok
MX,GDP_REAL_LCU_A,2019,A,2,24081730885000.0,24081731000000.0,115000.0,4.775404237950575e-09,ok
MX,GDP_REAL_LCU_A,2020,A,2,22069934759000.0,22069935000000.0,241000.0,1.091983285477913e-08,ok
MX,GDP_REAL_LCU_A,2021,A,2,23404831000000.0,23404831113000.0,113000.0,4.828063049342866e-09,ok
MX,GDP_REAL_LCU_A,2022,A,2,24273093495000.0,24273094000000.0,505000.0,2.080492932846734e-08,ok
MX,GDP_REAL_LCU_A,2023,A,2,25027209000000.0,25087101736000.0,59892736000.0,0.0023902448270918986,ok
MX,GDP_REAL_LCU_A,2024,A,2,25365221000000.0,25445201973000.0,79980973000.0,0.0031482112653343133,ok
SA,GDP_REAL_LCU_A,2015,A,2,3667621000000.0,3667621000000.0,0.0,0.0,ok
SA,GDP_REAL_LCU_A,2016,A,2,3730119000000.0,3730120000000.0,1000000.0,2.6808792586939907e-07,ok
SA,GDP_REAL_LCU_A,2017,A,2,3774213000000.0,3774213000000.0,0.0,0.0,ok
SA,GDP_REAL_LCU_A,2018,A,2,3896005000000.0,3896005000000.0,0.0,0.0,ok
SA,GDP_REAL_LCU_A,2019,A,2,3960350000000.0,3960351000000.0,1000000.0,2.5250290346776125e-07,ok
SA,GDP_REAL_LCU_A,2020,A,2,3809668000000.0,3809668000000.0,0.0,0.0,ok
SA,GDP_REAL_LCU_A,2021,A,2,4058043000000.0,4058043000000.0,0.0,0.0,ok
SA,GDP_REAL_LCU_A,2022,A,2,4545032000000.0,4545032000000.0,0.0,0.0,ok
SA,GDP_REAL_LCU_A,2023,A,2,4569693000000.0,4569693000000.0,0.0,0.0,ok
SA,GDP_REAL_LCU_A,2024,A,2,4660927000000.0,4690741000000.0,29814000000.0,0.006376188718419003,ok
TR,GDP_REAL_LCU_A,2015,A,2,1536351000000.0,1536351110600.0,110600.0,7.198875518616634e-08,ok
TR,GDP_REAL_LCU_A,2016,A,2,1587414000000.0,1587414276000.0,276000.0,1.7386767157544367e-07,ok
TR,GDP_REAL_LCU_A,2017,A,2,1711643000000.0,1711643052000.0,52000.0,3.0380166430801094e-08,ok
TR,GDP_REAL_LCU_A,2018,A,2,1771005000000.0,1771005452900.0,452900.0,2.5573047060275657e-07,ok
TR,GDP_REAL_LCU_A,2019,A,2,1794057000000.0,1794057278800.0,278800.0,1.5540196233283919e-07,ok
TR,GDP_REAL_LCU_A,2020,A,2,1826405000000.0,1826405252300.0,252300.0,1.3814021675017953e-07,ok
TR,GDP_REAL_LCU_A,2021,A,2,2042123701700.0,2042124000000.0,298300.0,1.460734126756502e-07,ok
TR,GDP_REAL_LCU_A,2022,A,2,2153240000000.0,2153240249400.0,249400.0,1.1582544702706932e-07,ok
TR,GDP_REAL_LCU_A,2023,A,2,2261873883500.0,2261874000000.0,116500.0,5.1505964965432404e-08,ok
TR,GDP_REAL_LCU_A,2024,A,2,2337140521100.0,2337141000000.0,478900.0,2.0490849677676253e-07,ok
US,GDP_REAL_LCU_A,2015,A,2,18799600000000.0,19807446331000.0,1007846331000.0,0.052210486259900046,ok
US,GDP_REAL_LCU_A,2016,A,2,19141675000000.0,20167833206000.0,1026158206000.0,0.05220916021754617,ok
US,GDP_REAL_LCU_A,2017,A,2,19612100000000.0,20663482372000.0,1051382372000.0,0.05220941871375307,ok
US,GDP_REAL_LCU_A,2018,A,2,20193925000000.0,21276465624000.0,1082540624000.0,0.052207881706014383,ok
US,GDP_REAL_LCU_A,2019,A,2,20715650000000.0,21826212333000.0,1110562333000.0,0.052210329877285584,ok
US,GDP_REAL_LCU_A,2020,A,2,20284500000000.0,21354105000000.0,1069605000000.0,0.05137564046634127,ok
US,GDP_REAL_LCU_A,2021,A,2,21532375000000.0,22647107361000.0,1114732361000.0,0.05046380362229161,ok
US,GDP_REAL_LCU_A,2022,A,2,22075900000000.0,23216087697000.0,1140187697000.0,0.05034831788031782,ok
US,GDP_REAL_LCU_A,2023,A,2,22723725000000.0,23886465232000.0,1162740232000.0,0.04989210411768396,ok
US,GDP_REAL_LCU_A,2024,A,2,23358425000000.0,24553614511000.0,1195189511000.0,0.049890988703396755,ok
VN,GDP_REAL_LCU_A,2015,A,2,3696825710000000.0,3696825710000000.0,0.0,0.0,ok
VN,GDP_REAL_LCU_A,2016,A,2,3944143679000000.0,3944143680000000.0,1000000.0,2.53540459288433e-10,ok
VN,GDP_REAL_LCU_A,2017,A,2,4217874760000000.0,4217874761000000.0,1000000.0,2.3708622393554825e-10,ok
VN,GDP_REAL_LCU_A,2018,A,2,4532739396000000.0,4532739400000000.0,4000000.0,8.824685579243618e-10,ok
VN,GDP_REAL_LCU_A,2019,A,2,4866315598000000.0,4866315600000000.0,2000000.0,4.1098855166956056e-10,ok
VN,GDP_REAL_LCU_A,2020,A,2,5005755650000000.0,5005755652000000.0,2000000.0,3.995400773508511e-10,ok
VN,GDP_REAL_LCU_A,2021,A,2,5133589056000000.0,5133589060000000.0,4000000.0,7.791819631075737e-10,ok
VN,GDP_REAL_LCU_A,2022,A,2,5571869247000000.0,5571869250000000.0,3000000.0,5.38418951738257e-10,ok
VN,GDP_REAL_LCU_A,2023,A,2,5854085760000000.0,5854085763000000.0,3000000.0,5.124625982984073e-10,ok
VN,GDP_REAL_LCU_A,2024,A,2,6261036309000000.0,6269209955681900.0,8173646681900.0,0.0013046266624365504,ok
ZA,GDP_REAL_LCU_A,2015,A,2,4420792517400.0,4420793000000.0,482600.0,1.0916594066760002e-07,ok
ZA,GDP_REAL_LCU_A,2016,A,2,4450170996100.0,4450171000000.0,3900.0,8.763708184941485e-10,ok
ZA,GDP_REAL_LCU_A,2017,A,2,4501701615500.0,4501702000000.0,384500.0,8.54121433227887e-08,ok
ZA,GDP_REAL_LCU_A,2018,A,2,4571783000000.0,4571783379100.0,379100.0,8.292169253925507e-08,ok
ZA,GDP_REAL_LCU_A,2019,A,2,4583667000000.0,4583667070600.0,70600.0,1.540251494192122e-08,ok
ZA,GDP_REAL_LCU_A,2020,A,2,4300904000000.001,4300904420700.0,420699.9990234375,9.781664004769862e-08,ok
ZA,GDP_REAL_LCU_A,2021,A,2,4509870000000.0,4509870255300.0,255300.0,5.660916895028894e-08,ok
ZA,GDP_REAL_LCU_A,2022,A,2,4602689546400.0,4602690000000.0,453600.0,9.85510695596233e-08,ok
ZA,GDP_REAL_LCU_A,2023,A,2,4639792000000.0,4639792036300.0,36300.0,7.823626545759203e-09,ok
ZA,GDP_REAL_LCU_A,2024,A,2,4664607663900.0,4664608000000.0,336100.0,7.205321692809837e-08,ok
BR,GOV_DEBT_GDP_A,2015,A,2,67.5375540307946,71.73,4.192445969205409,0.06020707405083574,ok
BR,GOV_DEBT_GDP_A,2016,A,2,73.4188038019563,77.422,4.003196198043696,0.053078425693085275,ok
BR,GOV_DEBT_GDP_A,2017,A,2,82.745,83.6692026491606,0.9242026491605912,0.01110725688610873,ok
BR,GOV_DEBT_GDP_A,2018,A,2,84.777,86.6078841212333,1.8308841212332965,0.021365759654021477,ok
BR,GOV_DEBT_GDP_A,2019,A,2,87.118,92.5652531951269,5.447253195126905,0.06063172942679822,ok
BR,GOV_DEBT_GDP_A,2020,A,2,96.007,98.7098819471851,2.702881947185091,0.027762173676530204,ok
BR,GOV_DEBT_GDP_A,2021,A,2,85.011503676948,88.934,3.922496323052002,0.04510028991996104,ok
BR,GOV_DEBT_GDP_A,2022,A,2,79.1023218880378,83.939,4.836678111962186,0.059330702866646094,ok
BR,GOV_DEBT_GDP_A,2023,A,2,83.0317498523499,84.001,0.9692501476501008,0.011605510278755251,ok
BR,GOV_DEBT_GDP_A,2024,A,2,81.8554431189056,87.028,5.172556881094408,0.06125593824437332,ok
ES,GOV_DEBT_GDP_A,2015,A,2,102.442,104.513601500945,2.0716015009450075,0.02001976738895418,ok
ES,GOV_DEBT_GDP_A,2016,A,2,101.967,105.968137016467,4.001137016466998,0.03848447235880232,ok
ES,GOV_DEBT_GDP_A,2017,A,2,101.144,106.577780516625,5.433780516624992,0.052317869634186956,ok
ES,GOV_DEBT_GDP_A,2018,A,2,99.718,107.203121919581,7.48512191958099,0.07234758684993067,ok
ES,GOV_DEBT_GDP_A,2019,A,2,97.579,111.293101240882,13.714101240882002,0.13131577802308983,ok
ES,GOV_DEBT_GDP_A,2021,A,2,115.594,132.547539168518,16.953539168518006,0.13664410421025486,ok
ES,GOV_DEBT_GDP_A,2022,A,2,109.021131387118,109.226,0.2048686128819952,0.0018774002808642418,ok
ES,GOV_DEBT_GDP_A,2023,A,2,105.074,107.392919205272,2.318919205271996,0.02182852007216807,ok
ES,GOV_DEBT_GDP_A,2024,A,2,101.648,105.639074777338,3.9910747773379995,0.038507705139117825,ok
TR,GOV_DEBT_GDP_A,2015,A,2,26.455,29.145145266046,2.6901452660460023,0.09676756250091402,ok
TR,GOV_DEBT_GDP_A,2016,A,2,27.018,30.075201418508,3.0572014185080008,0.10709511264214876,ok
TR,GOV_DEBT_GDP_A,2017,A,2,26.927,29.5734179673603,2.6464179673603,0.0936778191230057,ok
TR,GOV_DEBT_GDP_A,2018,A,2,28.826,29.3999927208091,0.5739927208090982,0.019716030383934074,ok
TR,GOV_DEBT_GDP_A,2019,A,2,31.195,33.4600744570718,2.2650744570717976,0.0700664093605123,ok
TR,GOV_DEBT_GDP_A,2020,A,2,38.297,41.0396523893444,2.7426523893444,0.06913960462775368,ok
TR,GOV_DEBT_GDP_A,2021,A,2,38.91,41.6375124693568,2.727512469356803,0.06772431291144958,ok
TR,GOV_DEBT_GDP_A,2024,A,2,23.6,26.6192344930079,3.0192344930079003,0.12024215516181445,ok
US,GOV_DEBT_GDP_A,2015,A,2,96.6110565851958,105.442,8.830943414804196,0.08741212396438677,ok
US,GOV_DEBT_GDP_A,2016,A,2,98.6931939368279,107.405,8.711806063172105,0.08454034357857984,ok
US,GOV_DEBT_GDP_A,2017,A,2,97.8800564031882,106.403,8.5229435968118,0.08344249148094089,ok
US,GOV_DEBT_GDP_A,2018,A,2,99.2223695206525,107.653,8.4306304793475,0.08150443911116122,ok
US,GOV_DEBT_GDP_A,2019,A,2,100.979786328903,108.785,7.805213671096993,0.0744187221096178,ok
US,GOV_DEBT_GDP_A,2020,A,2,126.370405951231,132.552,6.181594048768986,0.04774862203260472,ok
US,GOV_DEBT_GDP_A,2021,A,2,120.367733355153,125.048,4.680266644846995,0.03814153706334674,ok
US,GOV_DEBT_GDP_A,2022,A,2,114.694842004206,119.145,4.450157995794001,0.03806158914282843,ok
US,GOV_DEBT_GDP_A,2023,A,2,116.918808847311,119.963,3.0441911526889953,0.02570219441925333,ok
US,GOV_DEBT_GDP_A,2024,A,2,117.973234857902,122.27,4.296765142097996,0.03577012392993649,ok
ZA,GOV_DEBT_GDP_A,2016,A,2,47.134,53.7387913884354,6.604791388435402,0.13095288228918012,ok
ZA,GOV_DEBT_GDP_A,2017,A,2,48.588,56.2597208390879,7.671720839087897,0.1463402499871572,ok
ZA,GOV_DEBT_GDP_A,2018,A,2,51.536,59.1023114070608,7.566311407060802,0.13677561254930595,ok
ZA,GOV_DEBT_GDP_A,2019,A,2,56.101,64.5892781351104,8.488278135110406,0.14066216875576248,ok
ZA,GOV_DEBT_GDP_A,2020,A,2,68.927,75.7255090793216,6.79850907932159,0.09399780373797129,ok
ZA,GOV_DEBT_GDP_A,2021,A,2,68.819,74.0826080051444,5.263608005144391,0.0736675825922813,ok
ZA,GOV_DEBT_GDP_A,2022,A,2,70.715,76.205442941881,5.490442941881,0.0747403537852512,ok
ZA,GOV_DEBT_GDP_A,2023,A,2,73.22,79.4469077095183,6.226907709518301,0.08157508137082774,ok
GB,GOV_EXPENSE_GDP_A,2015,A,2,38.2133758226073,40.086,1.8726241773927015,0.04783241648401547,ok
GB,GOV_EXPENSE_GDP_A,2016,A,2,37.0119041977698,39.299,2.2870958022301977,0.05994152018702036,ok
GB,GOV_EXPENSE_GDP_A,2017,A,2,36.8434052284403,38.838,1.9945947715597043,0.0527102995917987,ok
GB,GOV_EXPENSE_GDP_A,2018,A,2,37.1969170536007,38.463,1.266082946399301,0.03346773286844483,ok
GB,GOV_EXPENSE_GDP_A,2019,A,2,36.4058676559426,38.325,1.9191323440574024,0.051361168530599625,ok
GB,GOV_EXPENSE_GDP_A,2020,A,2,47.5326631273768,49.303,1.7703368726231972,0.03656373727300264,ok
GB,GOV_EXPENSE_GDP_A,2021,A,2,42.9472430652547,44.904,1.9567569347453002,0.044547051731341984,ok
GB,GOV_EXPENSE_GDP_A,2022,A,2,40.6510938418388,43.246,2.5949061581612014,0.06185926208726775,ok
GB,GOV_EXPENSE_GDP_A,2023,A,2,41.2292290721047,44.195,2.9657709278952993,0.06943629366305332,ok
IT,GOV_EXPENSE_GDP_A,2015,A,2,43.5293517131866,50.244,6.7146482868134,0.1432101586248233,ok
IT,GOV_EXPENSE_GDP_A,2016,A,2,43.2014022058276,48.98,5.7785977941723985,0.12537448239873017,ok
IT,GOV_EXPENSE_GDP_A,2017,A,2,42.9465753087,48.783,5.836424691300003,0.1272528444977212,ok
IT,GOV_EXPENSE_GDP_A,2018,A,2,42.5027354888588,48.321,5.8182645111412015,0.12812211433111378,ok
IT,GOV_EXPENSE_GDP_A,2019,A,2,42.2948307679073,48.424,6.1291692320927,0.1351245200188571,ok
IT,GOV_EXPENSE_GDP_A,2020,A,2,50.3444915572159,56.784,6.439508442784096,0.1202202765889752,ok
IT,GOV_EXPENSE_GDP_A,2021,A,2,49.6527178126937,56.039,6.3862821873063,0.12084735340613983,ok
IT,GOV_EXPENSE_GDP_A,2022,A,2,48.3702644238252,54.934,6.5637355761748,0.12707579135834776,ok
IT,GOV_EXPENSE_GDP_A,2023,A,2,47.2805094852674,53.627,6.346490514732601,0.12578826981472957,ok
SA,GOV_EXPENSE_GDP_A,2021,A,2,25.0127399358585,28.194,3.1812600641414974,0.11958109322151865,ok
SA,GOV_EXPENSE_GDP_A,2022,A,2,21.9700445283442,25.273,3.3029554716557996,0.1398282225301606,ok
TR,GOV_EXPENSE_GDP_A,2015,A,2,28.8436742291669,32.422,3.5783257708330964,0.1168133972523738,ok
TR,GOV_EXPENSE_GDP_A,2016,A,2,30.6055405050211,33.756,3.1504594949789,0.09789882188208719,ok
TR,GOV_EXPENSE_GDP_A,2017,A,2,31.5527664341113,32.426,0.8732335658887003,0.02729760558256471,ok
TR,GOV_EXPENSE_GDP_A,2018,A,2,33.1443390183968,33.886,0.7416609816032036,0.02212911324824573,ok
TR,GOV_EXPENSE_GDP_A,2019,A,2,34.835,34.8909170453359,0.05591704533589592,0.001603909929202898,ok
TR,GOV_EXPENSE_GDP_A,2020,A,2,33.4510950281809,34.046,0.5949049718190977,0.01762757261096103,ok
TR,GOV_EXPENSE_GDP_A,2021,A,2,30.2009775804558,30.536,0.3350224195442024,0.011031909485466637,ok
TR,GOV_EXPENSE_GDP_A,2022,A,2,26.772,29.0624088388364,2.2904088388364023,0.08204291534446324,ok
TR,GOV_EXPENSE_GDP_A,2023,A,2,32.693,33.0277530817277,0.3347530817277047,0.010187134688229123,ok
ZA,GOV_EXPENSE_GDP_A,2015,A,2,30.164,33.6797787454907,3.5157787454906995,0.1101369253065717,ok
ZA,GOV_EXPENSE_GDP_A,2016,A,2,29.909,32.1896608002111,2.280660800211102,0.07345281752689098,ok
ZA,GOV_EXPENSE_GDP_A,2017,A,2,29.86,33.2518124768773,3.3918124768772984,0.1074858206019667,ok
ZA,GOV_EXPENSE_GDP_A,2018,A,2,30.152,33.9954978254972,3.8434978254972023,0.11983313319415236,ok
ZA,GOV_EXPENSE_GDP_A,2019,A,2,31.394,34.6532754617872,3.2592754617872046,0.09869522819825975,ok
ZA,GOV_EXPENSE_GDP_A,2020,A,2,34.616,37.8354162011745,3.2194162011745036,0.08887103579135597,ok
ZA,GOV_EXPENSE_GDP_A,2021,A,2,32.654,34.6050550967435,1.9510550967434952,0.058016131625315076,ok
ZA,GOV_EXPENSE_GDP_A,2022,A,2,31.889,33.4243056296085,1.535305629608498,0.0470135637695391,ok
AR,GOV_NET_LENDING_GDP_A,2018,A,2,-5.441,-5.33635226717988,0.10464773282012008,0.01941993362113668,ok
AR,GOV_NET_LENDING_GDP_A,2019,A,2,-4.92889704924096,-4.445,0.48389704924095955,0.10324351690637408,ok
AR,GOV_NET_LENDING_GDP_A,2020,A,2,-8.6954919523039,-8.674,0.021491952303900774,0.002474678287991039,ok
AR,GOV_NET_LENDING_GDP_A,2021,A,2,-4.37239542495983,-4.333,0.03939542495982984,0.00905080654851738,ok
AR,GOV_NET_LENDING_GDP_A,2022,A,2,-4.42708731934181,-3.836,0.5910873193418102,0.1430669425356848,ok
BR,GOV_NET_LENDING_GDP_A,2015,A,2,-9.281,-8.03019066677877,1.2508093332212304,0.14450875821287207,ok
BR,GOV_NET_LENDING_GDP_A,2016,A,2,-7.991,-7.06027781099588,0.9307221890041193,0.12367351140434996,ok
BR,GOV_NET_LENDING_GDP_A,2017,A,2,-7.97,-7.7163015572921,0.25369844270789965,0.03234649567092668,ok
BR,GOV_NET_LENDING_GDP_A,2018,A,2,-6.99,-6.78706251271256,0.2029374872874401,0.029460196917910887,ok
BR,GOV_NET_LENDING_GDP_A,2019,A,2,-5.30690433831975,-4.859,0.4479043383197503,0.08811893628221593,ok
BR,GOV_NET_LENDING_GDP_A,2020,A,2,-12.4363388244923,-11.637,0.799338824492299,0.06640863823002806,ok
BR,GOV_NET_LENDING_GDP_A,2022,A,2,-4.46637752028169,-3.965,0.5013775202816904,0.11893134166406999,ok
BR,GOV_NET_LENDING_GDP_A,2023,A,2,-7.712,-6.86868984803199,0.8433101519680095,0.11567493181151976,ok
BR,GOV_NET_LENDING_GDP_A,2024,A,2,-6.172,-5.69048407130692,0.4815159286930797,0.08118298423814531,ok
DE,GOV_NET_LENDING_GDP_A,2021,A,2,-3.52007147628953,-3.167,0.3530714762895304,0.10559823610123574,ok
ES,GOV_NET_LENDING_GDP_A,2016,A,2,-4.265,-4.04179285767079,0.22320714232920924,0.05374087115296051,ok
ES,GOV_NET_LENDING_GDP_A,2017,A,2,-3.096,-3.0440401222539,0.05195987774609989,0.016924931013977264,ok
ES,GOV_NET_LENDING_GDP_A,2018,A,2,-2.576,-2.53976817160449,0.03623182839550987,0.014164765556272756,ok
ES,GOV_NET_LENDING_GDP_A,2019,A,2,-3.04,-2.76690781759737,0.27309218240263,0.09405769506967063,ok
ES,GOV_NET_LENDING_GDP_A,2020,A,2,-10.025,-9.70781446209487,0.3171855379051305,0.032148028200885186,ok
ES,GOV_NET_LENDING_GDP_A,2021,A,2,-6.65809235969353,-6.658,9.235969352960893e-05,1.3871891397985856e-05,ok
ES,GOV_NET_LENDING_GDP_A,2024,A,2,-3.216,-3.16402501364209,0.05197498635790998,0.01629303529273771,ok
FR,GOV_NET_LENDING_GDP_A,2015,A,2,-3.887,-3.87230571650352,0.014694283496480054,0.003787525336249171,ok
FR,GOV_NET_LENDING_GDP_A,2016,A,2,-3.86604793076428,-3.763,0.10304793076427998,0.02701462402634469,ok
FR,GOV_NET_LENDING_GDP_A,2017,A,2,-3.42402442225258,-3.365,0.05902442225257998,0.0173881896960376,ok
FR,GOV_NET_LENDING_GDP_A,2018,A,2,-2.39420440876454,-2.322,0.07220440876454015,0.03061971132139918,ok
FR,GOV_NET_LENDING_GDP_A,2019,A,2,-2.392,-2.28934891556096,0.10265108443904003,0.04385534438495896,ok
FR,GOV_NET_LENDING_GDP_A,2020,A,2,-8.93,-8.76625917136189,0.1637408286381099,0.01850569965691891,ok
FR,GOV_NET_LENDING_GDP_A,2021,A,2,-6.584,-6.54907895902013,0.03492104097986992,0.005318028025086269,ok
FR,GOV_NET_LENDING_GDP_A,2022,A,2,-4.737,-4.70032899808636,0.03667100191364003,0.0077714789684827,ok
FR,GOV_NET_LENDING_GDP_A,2023,A,2,-5.44,-5.0315801130109,0.40841988698910026,0.07800539795930893,ok
FR,GOV_NET_LENDING_GDP_A,2024,A,2,-5.788,-5.23749461411331,0.55050538588669,0.09986044257497696,ok
GB,GOV_NET_LENDING_GDP_A,2016,A,2,-3.78405341301057,-3.28,0.50405341301057,0.1427094002664829,ok
GB,GOV_NET_LENDING_GDP_A,2020,A,2,-14.8089159983433,-12.913,1.8959159983433,0.13678102180647272,ok
GB,GOV_NET_LENDING_GDP_A,2023,A,2,-6.97705514642296,-6.046,0.9310551464229597,0.1429856720953366,ok
GB,GOV_NET_LENDING_GDP_A,2024,A,2,-6.88001342576957,-6.056,0.8240134257695697,0.1273983566108658,ok
IT,GOV_NET_LENDING_GDP_A,2015,A,2,-2.79069454246877,-2.459,0.33169454246877006,0.12636717804643327,ok
IT,GOV_NET_LENDING_GDP_A,2016,A,2,-2.56449706300829,-2.405,0.15949706300829014,0.06419042449810342,ok
IT,GOV_NET_LENDING_GDP_A,2017,A,2,-2.65154403027126,-2.509,0.14254403027126017,0.055243799659536075,ok
IT,GOV_NET_LENDING_GDP_A,2018,A,2,-2.37874466093101,-2.192,0.18674466093100994,0.08171301386718553,ok
IT,GOV_NET_LENDING_GDP_A,2019,A,2,-1.55171637768624,-1.45,0.10171637768623998,0.06777214425877519,ok
IT,GOV_NET_LENDING_GDP_A,2020,A,2,-9.379,-9.24532334170793,0.1336766582920692,0.014355062016423357,ok
IT,GOV_NET_LENDING_GDP_A,2021,A,2,-8.876,-8.65353376599736,0.2224662340026402,0.025381876891006155,ok
IT,GOV_NET_LENDING_GDP_A,2022,A,2,-8.101,-7.98754759962176,0.11345240037824045,0.014103498115753803,ok
IT,GOV_NET_LENDING_GDP_A,2023,A,2,-7.42415167504068,-7.134,0.29015167504068007,0.039861059496739897,ok
IT,GOV_NET_LENDING_GDP_A,2024,A,2,-3.44286834349615,-3.35,0.09286834349614992,0.02734289516594767,ok
MX,GOV_NET_LENDING_GDP_A,2018,A,2,-2.139,-2.11318831516787,0.0258116848321297,0.012140424138816953,ok
MX,GOV_NET_LENDING_GDP_A,2021,A,2,-3.747,-3.32386358587642,0.42313641412357983,0.11968450783544082,ok
MX,GOV_NET_LENDING_GDP_A,2022,A,2,-4.322,-4.30934820805177,0.01265179194822963,0.0029315911357688895,ok
MX,GOV_NET_LENDING_GDP_A,2023,A,2,-4.298,-4.18573429010021,0.11226570989979034,0.02646610703750937,ok
MX,GOV_NET_LENDING_GDP_A,2024,A,2,-5.86570346895348,-5.777,0.08870346895348025,0.015237606830753281,ok
SA,GOV_NET_LENDING_GDP_A,2015,A,2,-14.9443295860792,-14.944,0.0003295860791983074,2.205449978387655e-05,ok
SA,GOV_NET_LENDING_GDP_A,2016,A,2,-13.195,-12.0343843725707,1.1606156274292996,0.09200506919155085,ok
SA,GOV_NET_LENDING_GDP_A,2017,A,2,-8.57965108882136,-8.572,0.007651088821360119,0.0008921693639566559,ok
SA,GOV_NET_LENDING_GDP_A,2018,A,2,-5.21398247858852,-5.208,0.005982478588519413,0.001148050018470121,ok
SA,GOV_NET_LENDING_GDP_A,2019,A,2,-3.97905319006053,-3.965,0.014053190060530074,0.0035380402734748045,ok
SA,GOV_NET_LENDING_GDP_A,2020,A,2,-10.22,-10.2054852387537,0.014514761246299912,0.001421240286498629,ok
SA,GOV_NET_LENDING_GDP_A,2021,A,2,-1.99311190055249,-1.993,0.00011190055248988529,5.614521382321226e-05,ok
SA,GOV_NET_LENDING_GDP_A,2022,A,2,2.23510524060073,2.24,0.00489475939927031,0.002187550520538483,ok
SA,GOV_NET_LENDING_GDP_A,2023,A,2,-1.77137739624355,-1.771,0.0003773962435500433,0.00021307511952297703,ok
SA,GOV_NET_LENDING_GDP_A,2024,A,2,-2.48694716121509,-2.46,0.02694716121509,0.010894460901608305,ok
TR,GOV_NET_LENDING_GDP_A,2020,A,2,-4.636,-4.46634618652819,0.1696538134718102,0.03727694156983484,ok
US,GOV_NET_LENDING_GDP_A,2015,A,2,-3.53,-3.21367479650506,0.31632520349494,0.09381389614424378,ok
US,GOV_NET_LENDING_GDP_A,2016,A,2,-4.356,-3.85269820589599,0.5033017941040097,0.1226264582957886,ok
US,GOV_NET_LENDING_GDP_A,2018,A,2,-5.335,-4.80773313491446,0.5272668650855401,0.10396938538598095,ok
US,GOV_NET_LENDING_GDP_A,2019,A,2,-5.805,-5.3986389282492,0.4063610717507995,0.07254090824476468,ok
US,GOV_NET_LENDING_GDP_A,2020,A,2,-14.6006322388777,-14.127,0.4736322388777001,0.032973983719878155,ok
US,GOV_NET_LENDING_GDP_A,2021,A,2,-12.9309949937398,-11.461,1.4699949937397996,0.12053093599904997,ok
US,GOV_NET_LENDING_GDP_A,2023,A,2,-7.887,-7.39290954643173,0.49409045356826997,0.06467190817679329,ok
US,GOV_NET_LENDING_GDP_A,2024,A,2,-7.858,-7.32574628274261,0.5322537172573893,0.07010835235864457,ok
ZA,GOV_NET_LENDING_GDP_A,2015,A,2,-4.56437663555894,-4.374,0.19037663555894024,0.042597586412185355,ok
ZA,GOV_NET_LENDING_GDP_A,2016,A,2,-3.725,-3.46049874466043,0.26450125533957003,0.07362084797137342,ok
ZA,GOV_NET_LENDING_GDP_A,2017,A,2,-4.65754447743392,-4.016,0.6415444774339196,0.14793132821375038,ok
ZA,GOV_NET_LENDING_GDP_A,2019,A,2,-5.75192703897,-5.072,0.6799270389699998,0.1256340765273121,ok
ZA,GOV_NET_LENDING_GDP_A,2020,A,2,-9.92664872393274,-9.621,0.30564872393273923,0.031272172755849134,ok
ZA,GOV_NET_LENDING_GDP_A,2022,A,2,-4.25,-4.14746885960386,0.10253114039613997,0.02441953453126035,ok
GB,GOV_REVENUE_GDP_A,2015,A,2,32.9060547215376,35.552,2.645945278462399,0.07730121135416833,ok
GB,GOV_REVENUE_GDP_A,2016,A,2,33.3897658317351,36.019,2.629234168264901,0.07576086786037511,ok
GB,GOV_REVENUE_GDP_A,2017,A,2,33.7644274187473,36.355,2.590572581252694,0.07389029479040132,ok
GB,GOV_REVENUE_GDP_A,2018,A,2,33.6717998451804,36.231,2.5592001548195995,0.07322167811554545,ok
GB,GOV_REVENUE_GDP_A,2019,A,2,33.2703051672887,35.945,2.674694832711303,0.07728622524300795,ok
GB,GOV_REVENUE_GDP_A,2020,A,2,33.4086844384201,36.39,2.9813155615798976,0.08542612473477672,ok
GB,GOV_REVENUE_GDP_A,2021,A,2,34.5638089563137,37.367,2.8031910436862972,0.07794131845198018,ok
GB,GOV_REVENUE_GDP_A,2022,A,2,35.8232572592484,38.646,2.8227427407516004,0.07580961176837954,ok
GB,GOV_REVENUE_GDP_A,2023,A,2,35.307815958642,38.149,2.841184041357998,0.07735658030583994,ok
GB,GOV_REVENUE_GDP_A,2024,A,2,34.9208011356426,37.626,2.705198864357399,0.07457803299416112,ok
SA,GOV_REVENUE_GDP_A,2015,A,2,23.562,23.5623988579797,0.0003988579797002956,1.6927875553483304e-05,ok
SA,GOV_REVENUE_GDP_A,2016,A,2,20.096,20.0963081210981,0.0003081210981008553,1.5332341560106307e-05,ok
SA,GOV_REVENUE_GDP_A,2017,A,2,22.358,24.8765686836184,2.518568683618401,0.10664090956299449,ok
SA,GOV_REVENUE_GDP_A,2018,A,2,27.24,27.2458971226168,0.005897122616801198,0.0002164641835126666,ok
SA,GOV_REVENUE_GDP_A,2019,A,2,27.805,27.8140023653833,0.009002365383299349,0.0003237154569641231,ok
SA,GOV_REVENUE_GDP_A,2020,A,2,27.1487389649999,27.166,0.017261035000100122,0.0006355930389805622,ok
SA,GOV_REVENUE_GDP_A,2021,A,2,26.2005739264251,26.201,0.00042607357489998776,1.6261861733321987e-05,ok
SA,GOV_REVENUE_GDP_A,2022,A,2,27.2926932054767,27.513,0.22030679452330304,0.008039558726037167,ok
SA,GOV_REVENUE_GDP_A,2023,A,2,26.5289126854775,26.53,0.0010873145225005487,4.098517920809758e-05,ok
SA,GOV_REVENUE_GDP_A,2024,A,2,26.771,27.0815901753836,0.3105901753835987,0.011534827735196724,ok
TR,GOV_REVENUE_GDP_A,2015,A,2,30.4983562189661,31.911,1.4126437810338999,0.04527025646851969,ok
TR,GOV_REVENUE_GDP_A,2016,A,2,30.9443928097308,32.08,1.135607190269198,0.036037068812311134,ok
TR,GOV_REVENUE_GDP_A,2017,A,2,29.501534894828,30.559,1.0574651051719997,0.03521330960584106,ok
TR,GOV_REVENUE_GDP_A,2018,A,2,30.207791762814,30.789,0.5812082371860008,0.019057010061972728,ok
TR,GOV_REVENUE_GDP_A,2019,A,2,29.2876680740266,30.145,0.8573319259733978,0.028850527958985267,ok
TR,GOV_REVENUE_GDP_A,2020,A,2,29.41,29.5197315875713,0.10973158757130008,0.003724150258795452,ok
TR,GOV_REVENUE_GDP_A,2021,A,2,27.56,29.4977695405094,1.9377695405094002,0.06792307361869934,ok
TR,GOV_REVENUE_GDP_A,2022,A,2,25.676,27.2711691129616,1.595169112961603,0.06025512372751583,ok
TR,GOV_REVENUE_GDP_A,2024,A,2,28.36,31.4818867249691,3.1218867249691016,0.10433784413640457,ok
ZA,GOV_REVENUE_GDP_A,2015,A,2,25.79,29.6472581887112,3.8572581887111994,0.13915761041359223,ok
ZA,GOV_REVENUE_GDP_A,2016,A,2,26.184,29.0406590015195,2.8566590015194997,0.10345592179902456,ok
ZA,GOV_REVENUE_GDP_A,2017,A,2,25.844,28.9131558196206,3.0691558196205975,0.1121006295407643,ok
ZA,GOV_REVENUE_GDP_A,2018,A,2,26.42,28.3643368318902,1.9443368318901975,0.07098148647327937,ok
ZA,GOV_REVENUE_GDP_A,2019,A,2,26.322,28.8976157499402,2.5756157499402015,0.09328626123020389,ok
ZA,GOV_REVENUE_GDP_A,2020,A,2,24.994,27.8138753889078,2.8198753889078,0.10679753230519512,ok
ZA,GOV_REVENUE_GDP_A,2021,A,2,27.114,30.0292040850951,2.915204085095098,0.10203152349503912,ok
ZA,GOV_REVENUE_GDP_A,2022,A,2,27.639,29.6635124535114,2.0245124535114023,0.07066051266613681,ok
ZA,GOV_REVENUE_GDP_A,2023,A,2,26.911,29.8093094943187,2.898309494318699,0.10219653313453812,ok
AR,GROSS_CAPITAL_FORMATION_GDP_A,2015,A,2,17.0707048841583,17.071,0.0002951158417019428,1.7287703862666572e-05,ok
AR,GROSS_CAPITAL_FORMATION_GDP_A,2016,A,2,17.663,17.6632278606203,0.00022786062029922505,1.2900365201642788e-05,ok
AR,GROSS_CAPITAL_FORMATION_GDP_A,2017,A,2,18.2125671747754,18.213,0.00043282522459975326,2.3764913393001796e-05,ok
AR,GROSS_CAPITAL_FORMATION_GDP_A,2018,A,2,16.6138850156371,16.614,0.00011498436290224845,6.920955868731134e-06,ok
AR,GROSS_CAPITAL_FORMATION_GDP_A,2019,A,2,14.2100303992191,14.242,0.03196960078090072,0.0022472632239123546,ok
AR,GROSS_CAPITAL_FORMATION_GDP_A,2020,A,2,14.415,14.4151557410245,0.0001557410245016655,1.0804036294542135e-05,ok
AR,GROSS_CAPITAL_FORMATION_GDP_A,2021,A,2,18.076,18.0762892471421,0.00028924714209921376,1.6001594815856883e-05,ok
AR,GROSS_CAPITAL_FORMATION_GDP_A,2022,A,2,17.3855861358427,17.906,0.5204138641572982,0.02949223433337033,ok
AR,GROSS_CAPITAL_FORMATION_GDP_A,2023,A,2,19.096,19.3822632919135,0.28626329191349953,0.014879221015864297,ok
AR,GROSS_CAPITAL_FORMATION_GDP_A,2024,A,2,15.829,15.8378002382311,0.008800238231099655,0.0005558021754578912,ok
BR,GROSS_CAPITAL_FORMATION_GDP_A,2015,A,2,17.4116258667237,17.412,0.00037413327629920445,2.14873245957259e-05,ok
BR,GROSS_CAPITAL_FORMATION_GDP_A,2016,A,2,14.9695469727335,14.97,0.00045302726650042757,3.026280036321243e-05,ok
BR,GROSS_CAPITAL_FORMATION_GDP_A,2017,A,2,14.6255875977741,14.626,0.0004124022258995552,2.8196912357053536e-05,ok
BR,GROSS_CAPITAL_FORMATION_GDP_A,2018,A,2,15.095,15.0950416297894,4.162978939881157e-05,2.7578490887362168e-06,ok
BR,GROSS_CAPITAL_FORMATION_GDP_A,2019,A,2,15.5167908016709,15.517,0.0002091983290988253,1.3481970696764624e-05,ok
BR,GROSS_CAPITAL_FORMATION_GDP_A,2020,A,2,16.1158206044059,16.116,0.00017939559409896333,1.113158305891297e-05,ok
BR,GROSS_CAPITAL_FORMATION_GDP_A,2021,A,2,19.521885020934,19.522,0.0001149790659979999,5.889734893766439e-06,ok
BR,GROSS_CAPITAL_FORMATION_GDP_A,2022,A,2,18.088,18.0882204442791,0.0002204442790976202,1.2187247666580451e-05,ok
BR,GROSS_CAPITAL_FORMATION_GDP_A,2023,A,2,15.7606472061782,15.761,0.0003527938217988691,2.2384225005203533e-05,ok
BR,GROSS_CAPITAL_FORMATION_GDP_A,2024,A,2,16.981,16.9814356039822,0.00043560398219710805,2.5652105006628685e-05,ok
CN,GROSS_CAPITAL_FORMATION_GDP_A,2015,A,2,42.635,42.7349872564364,0.09998725643639972,0.002342445153143941,ok
CN,GROSS_CAPITAL_FORMATION_GDP_A,2016,A,2,42.1386166189127,42.167,0.028383381087301984,0.000673344961477563,ok
CN,GROSS_CAPITAL_FORMATION_GDP_A,2017,A,2,42.5497375507577,42.666,0.11626244924229923,0.002728661455826723,ok
CN,GROSS_CAPITAL_FORMATION_GDP_A,2018,A,2,43.313827489682,43.427,0.11317251031800168,0.0026094404121626297,ok
CN,GROSS_CAPITAL_FORMATION_GDP_A,2019,A,2,42.634,42.6695374085222,0.03553740852220244,0.0008331989411414982,ok
CN,GROSS_CAPITAL_FORMATION_GDP_A,2020,A,2,42.271,42.5723735094229,0.301373509422902,0.007104232115179407,ok
CN,GROSS_CAPITAL_FORMATION_GDP_A,2021,A,2,42.6822612949312,42.708,0.02573870506879672,0.0006028487248656441,ok
CN,GROSS_CAPITAL_FORMATION_GDP_A,2022,A,2,42.3554333470499,42.377,0.021566652950099297,0.0005090530768015568,ok
CN,GROSS_CAPITAL_FORMATION_GDP_A,2023,A,2,41.1297102455381,41.13,0.0002897544619031578,7.044869500227167e-06,ok
CN,GROSS_CAPITAL_FORMATION_GDP_A,2024,A,2,40.607,40.6111616668625,0.004161666862501079,0.00010248118837191224,ok
DE,GROSS_CAPITAL_FORMATION_GDP_A,2015,A,2,19.4978020945699,19.498,0.00019790543010245187,1.0150088956883381e-05,ok
DE,GROSS_CAPITAL_FORMATION_GDP_A,2016,A,2,19.712,19.7122567843741,0.000256784374101926,1.302671984440316e-05,ok
DE,GROSS_CAPITAL_FORMATION_GDP_A,2017,A,2,20.6909762954118,20.691,2.3704588198114607e-05,1.1456479520888825e-06,ok
DE,GROSS_CAPITAL_FORMATION_GDP_A,2018,A,2,21.65,21.6503641494105,0.0003641494105011134,1.681969275106297e-05,ok
DE,GROSS_CAPITAL_FORMATION_GDP_A,2019,A,2,21.381,21.381259046499,0.000259046498999993,1.2115660153422202e-05,ok
DE,GROSS_CAPITAL_FORMATION_GDP_A,2020,A,2,21.729,21.7290304632077,3.0463207700393014e-05,1.4019598852361097e-06,ok
DE,GROSS_CAPITAL_FORMATION_GDP_A,2021,A,2,22.673,22.6730557200041,5.5720004102255416e-05,2.4575457872811158e-06,ok
DE,GROSS_CAPITAL_FORMATION_GDP_A,2022,A,2,23.276,23.2760146288029,1.462880290148405e-05,6.284927953443649e-07,ok
DE,GROSS_CAPITAL_FORMATION_GDP_A,2023,A,2,21.994,21.994283425489,0.00028342548900184283,1.28864082401366e-05,ok
DE,GROSS_CAPITAL_FORMATION_GDP_A,2024,A,2,21.499,21.4994328905028,0.000432890502800376,2.0135175805255448e-05,ok
ES,GROSS_CAPITAL_FORMATION_GDP_A,2015,A,2,19.373,19.3734408230247,0.00044082302470016543,2.2754246084879653e-05,ok
ES,GROSS_CAPITAL_FORMATION_GDP_A,2016,A,2,19.061,19.0611122143393,0.00011221433929975433,5.887099784441949e-06,ok
ES,GROSS_CAPITAL_FORMATION_GDP_A,2017,A,2,19.5656670290524,19.566,0.00033297094759987544,1.7017979190749473e-05,ok
ES,GROSS_CAPITAL_FORMATION_GDP_A,2018,A,2,20.706,20.7061758213476,0.0001758213476001913,8.491287603852826e-06,ok
ES,GROSS_CAPITAL_FORMATION_GDP_A,2019,A,2,20.9088226144802,20.909,0.00017738551979817885,8.483728166982842e-06,ok
ES,GROSS_CAPITAL_FORMATION_GDP_A,2020,A,2,20.6266482703898,20.627,0.0003517296101982481,1.705204872514053e-05,ok
ES,GROSS_CAPITAL_FORMATION_GDP_A,2021,A,2,21.874,21.8740337716536,3.3771653601633034e-05,1.5439164090394057e-06,ok
ES,GROSS_CAPITAL_FORMATION_GDP_A,2022,A,2,22.6896137188078,22.69,0.000386281192202631,1.7024437210779294e-05,ok
ES,GROSS_CAPITAL_FORMATION_GDP_A,2023,A,2,21.1209265029601,21.121,7.349703989945056e-05,3.479814770962222e-06,ok
ES,GROSS_CAPITAL_FORMATION_GDP_A,2024,A,2,21.173,21.1732200987249,0.0002200987249025843,1.0395200534520047e-05,ok
FR,GROSS_CAPITAL_FORMATION_GDP_A,2015,A,2,21.7165418613305,21.717,0.00045813866949728776,2.1096076896513712e-05,ok
FR,GROSS_CAPITAL_FORMATION_GDP_A,2016,A,2,21.5978606152326,21.598,0.00013938476739738803,6.453616870327401e-06,ok
FR,GROSS_CAPITAL_FORMATION_GDP_A,2017,A,2,22.181,22.1813991959176,0.000399195917598405,1.7997039151802254e-05,ok
FR,GROSS_CAPITAL_FORMATION_GDP_A,2018,A,2,22.6115738942638,22.612,0.0004261057361993892,1.8844407883183105e-05,ok
FR,GROSS_CAPITAL_FORMATION_GDP_A,2019,A,2,23.025,23.0250733613606,7.336136060231979e-05,3.186156079563398e-06,ok
FR,GROSS_CAPITAL_FORMATION_GDP_A,2020,A,2,22.804,22.8044182138435,0.00041821384350271273,1.8339326812074027e-05,ok
FR,GROSS_CAPITAL_FORMATION_GDP_A,2021,A,2,23.447,23.4474845782806,0.0004845782806022214,2.0666749403901376e-05,ok
FR,GROSS_CAPITAL_FORMATION_GDP_A,2022,A,2,24.023,24.0233523984125,0.0003523984124988999,1.4669101603248597e-05,ok
FR,GROSS_CAPITAL_FORMATION_GDP_A,2023,A,2,22.9278749312543,22.958,0.030125068745697092,0.0013130432313137813,ok
FR,GROSS_CAPITAL_FORMATION_GDP_A,2024,A,2,21.5139121721262,21.52,0.006087827873798801,0.0002829316493210669,ok
GB,GROSS_CAPITAL_FORMATION_GDP_A,2015,A,2,18.434,18.4755209500336,0.04152095003360046,0.0022498774822794147,ok
GB,GROSS_CAPITAL_FORMATION_GDP_A,2016,A,2,18.529,18.5956388685899,0.06663886858990153,0.0035900076402511642,ok
GB,GROSS_CAPITAL_FORMATION_GDP_A,2017,A,2,19.1,19.1317371265417,0.03173712654169947,0.001660250301295702,ok
GB,GROSS_CAPITAL_FORMATION_GDP_A,2018,A,2,18.758,18.8761161911788,0.11811619117879957,0.006277080645591739,ok
GB,GROSS_CAPITAL_FORMATION_GDP_A,2019,A,2,18.914,19.0285140310906,0.1145140310906001,0.0060361857412382204,ok
GB,GROSS_CAPITAL_FORMATION_GDP_A,2020,A,2,18.268,18.2807146353402,0.01271463534019901,0.0006957637480309522,ok
GB,GROSS_CAPITAL_FORMATION_GDP_A,2021,A,2,18.559,18.8987416108827,0.3397416108826974,0.01813999436549006,ok
GB,GROSS_CAPITAL_FORMATION_GDP_A,2022,A,2,18.3468561370256,19.12,0.7731438629744005,0.04127081600584908,ok
GB,GROSS_CAPITAL_FORMATION_GDP_A,2023,A,2,18.4594014019513,18.944,0.48459859804869865,0.025912006923702807,ok
GB,GROSS_CAPITAL_FORMATION_GDP_A,2024,A,2,18.92,19.1197244388535,0.19972443885349733,0.010500835208443322,ok
ID,GROSS_CAPITAL_FORMATION_GDP_A,2015,A,2,34.0627921803386,34.063,0.00020781966140503982,6.101056729143399e-06,ok
ID,GROSS_CAPITAL_FORMATION_GDP_A,2016,A,2,33.8587393039462,33.859,0.00026069605380030225,7.69949075323341e-06,ok
ID,GROSS_CAPITAL_FORMATION_GDP_A,2017,A,2,33.7105947957751,33.711,0.0004052042248972043,1.202001305737716e-05,ok
ID,GROSS_CAPITAL_FORMATION_GDP_A,2018,A,2,34.5705858319707,34.571,0.0004141680292946148,1.1980287241346603e-05,ok
ID,GROSS_CAPITAL_FORMATION_GDP_A,2019,A,2,33.78,33.7801423773995,0.0001423773994986277,4.214834205152782e-06,ok
ID,GROSS_CAPITAL_FORMATION_GDP_A,2020,A,2,32.343,32.3434120537481,0.00041205374809294426,1.274004029627019e-05,ok
ID,GROSS_CAPITAL_FORMATION_GDP_A,2021,A,2,31.4488724858485,31.449,0.00012751415150091816,4.05464116547369e-06,ok
ID,GROSS_CAPITAL_FORMATION_GDP_A,2022,A,2,29.745,29.7453138212259,0.00031382122589818096,1.0550330154291802e-05,ok
ID,GROSS_CAPITAL_FORMATION_GDP_A,2023,A,2,30.3425864737035,30.343,0.0004135262965014874,1.3628484802752238e-05,ok
ID,GROSS_CAPITAL_FORMATION_GDP_A,2024,A,2,31.396,31.396354183511,0.00035418351099991696,1.1281103108980871e-05,ok
IN,GROSS_CAPITAL_FORMATION_GDP_A,2015,A,2,32.1167301358276,32.315,0.19826986417239567,0.006154416892249389,ok
IN,GROSS_CAPITAL_FORMATION_GDP_A,2016,A,2,30.172690580036,30.505,0.3323094199639982,0.01095326525407787,ok
IN,GROSS_CAPITAL_FORMATION_GDP_A,2017,A,2,30.9821728344733,31.316,0.33382716552669933,0.010717077254053037,ok
IN,GROSS_CAPITAL_FORMATION_GDP_A,2018,A,2,32.3432182154485,32.757,0.41378178455149595,0.012712147390415478,ok
IN,GROSS_CAPITAL_FORMATION_GDP_A,2019,A,2,30.0961975685688,30.675,0.5788024314311997,0.019048577437630075,ok
IN,GROSS_CAPITAL_FORMATION_GDP_A,2020,A,2,28.9223840080659,29.546,0.6236159919340984,0.021331733466348878,ok
IN,GROSS_CAPITAL_FORMATION_GDP_A,2021,A,2,32.1158221755014,32.761,0.6451778244986031,0.019889316488199794,ok
IN,GROSS_CAPITAL_FORMATION_GDP_A,2022,A,2,33.6192585388984,34.412,0.792741461101599,0.023305212284095298,ok
IN,GROSS_CAPITAL_FORMATION_GDP_A,2023,A,2,33.3623103638844,34.505,1.1426896361156054,0.03367422784220687,ok
IN,GROSS_CAPITAL_FORMATION_GDP_A,2024,A,2,32.9141372549127,34.346,1.4318627450872938,0.04257686063472046,ok
IT,GROSS_CAPITAL_FORMATION_GDP_A,2015,A,2,17.281,17.2813174853484,0.00031748534840048137,1.8371762746237675e-05,ok
IT,GROSS_CAPITAL_FORMATION_GDP_A,2016,A,2,17.7118639941996,17.712,0.00013600580039963006,7.678767083223897e-06,ok
IT,GROSS_CAPITAL_FORMATION_GDP_A,2017,A,2,18.169,18.1694222906025,0.0004222906025006523,2.324209890696664e-05,ok
IT,GROSS_CAPITAL_FORMATION_GDP_A,2018,A,2,18.6608716078644,18.661,0.0001283921356005635,6.880262434293833e-06,ok
IT,GROSS_CAPITAL_FORMATION_GDP_A,2019,A,2,18.364,18.3641315277239,0.00013152772389801726,7.162233330532196e-06,ok
IT,GROSS_CAPITAL_FORMATION_GDP_A,2020,A,2,17.8986868297166,17.899,0.0003131702834018313,1.74966770837193e-05,ok
IT,GROSS_CAPITAL_FORMATION_GDP_A,2021,A,2,22.001,22.0011382315208,0.0001382315208005025,6.282945618378188e-06,ok
IT,GROSS_CAPITAL_FORMATION_GDP_A,2022,A,2,24.5977298322393,24.598,0.0002701677606999908,1.0983382566791095e-05,ok
IT,GROSS_CAPITAL_FORMATION_GDP_A,2023,A,2,23.071,23.0784564391973,0.007456439197298437,0.00032314309951288043,ok
IT,GROSS_CAPITAL_FORMATION_GDP_A,2024,A,2,22.269,22.5774286224244,0.30842862242440106,0.01375488001602779,ok
JP,GROSS_CAPITAL_FORMATION_GDP_A,2015,A,2,25.1653478796719,26.552,1.386652120328101,0.053624254807278726,ok
JP,GROSS_CAPITAL_FORMATION_GDP_A,2016,A,2,24.8355973184149,26.24,1.404402681585097,0.05499309867410012,ok
JP,GROSS_CAPITAL_FORMATION_GDP_A,2017,A,2,25.2148269758242,26.635,1.4201730241758028,0.05478024159417083,ok
JP,GROSS_CAPITAL_FORMATION_GDP_A,2018,A,2,25.6417143090178,27.136,1.494285690982199,0.05662563112275137,ok
JP,GROSS_CAPITAL_FORMATION_GDP_A,2019,A,2,25.7896961306359,27.324,1.534303869364102,0.05777432116907857,ok
JP,GROSS_CAPITAL_FORMATION_GDP_A,2020,A,2,25.2240172261075,26.886,1.6619827738925004,0.06378745824170769,ok
JP,GROSS_CAPITAL_FORMATION_GDP_A,2021,A,2,25.824730869587,27.325,1.500269130412999,0.05645443940606944,ok
JP,GROSS_CAPITAL_FORMATION_GDP_A,2022,A,2,26.7755742133001,28.311,1.5354257866999,0.055745916627692085,ok
JP,GROSS_CAPITAL_FORMATION_GDP_A,2023,A,2,26.1821637488649,27.784,1.6018362511350972,0.059364466171408725,ok
JP,GROSS_CAPITAL_FORMATION_GDP_A,2024,A,2,26.1778501334799,27.679,1.5011498665200982,0.05574592137488985,ok
MX,GROSS_CAPITAL_FORMATION_GDP_A,2015,A,2,23.736,23.7361297440288,0.00012974402880061575,5.46611367554814e-06,ok
MX,GROSS_CAPITAL_FORMATION_GDP_A,2016,A,2,24.343,24.3433923355958,0.00039233559580154065,1.6116848136833283e-05,ok
MX,GROSS_CAPITAL_FORMATION_GDP_A,2017,A,2,23.892,23.8923507095274,0.00035070952739957306,1.467884452512389e-05,ok
MX,GROSS_CAPITAL_FORMATION_GDP_A,2018,A,2,23.477,23.47749306333,0.0004930633300013199,2.1001752881723132e-05,ok
MX,GROSS_CAPITAL_FORMATION_GDP_A,2019,A,2,22.1485426373991,22.149,0.0004573626009012344,2.0649569870952465e-05,ok
MX,GROSS_CAPITAL_FORMATION_GDP_A,2020,A,2,20.2366593506907,20.237,0.0003406493092974472,1.6833136156325035e-05,ok
MX,GROSS_CAPITAL_FORMATION_GDP_A,2021,A,2,21.707,21.7074939343756,0.0004939343755978598,2.275435371166506e-05,ok
MX,GROSS_CAPITAL_FORMATION_GDP_A,2022,A,2,22.77,22.7701948909454,0.00019489094540148244,8.5590738409524e-06,ok
MX,GROSS_CAPITAL_FORMATION_GDP_A,2023,A,2,23.305,23.8945184286558,0.5895184286558006,0.024979849298542498,ok
MX,GROSS_CAPITAL_FORMATION_GDP_A,2024,A,2,23.903,24.1235135559623,0.22051355596230238,0.009182992461251708,ok
SA,GROSS_CAPITAL_FORMATION_GDP_A,2015,A,2,32.4339384933454,32.434,6.150665459614402e-05,1.8963653239097088e-06,ok
SA,GROSS_CAPITAL_FORMATION_GDP_A,2016,A,2,28.117,28.1170520868555,5.2086855500732554e-05,1.8525023030630106e-06,ok
SA,GROSS_CAPITAL_FORMATION_GDP_A,2017,A,2,25.4757265766537,25.476,0.0002734233463002056,1.0732643020010605e-05,ok
SA,GROSS_CAPITAL_FORMATION_GDP_A,2018,A,2,22.3727056762612,22.373,0.0002943237387995623,1.3155396002870905e-05,ok
SA,GROSS_CAPITAL_FORMATION_GDP_A,2019,A,2,25.552,25.5522842268021,0.0002842268021012728,1.1123404090344641e-05,ok
SA,GROSS_CAPITAL_FORMATION_GDP_A,2020,A,2,23.3158218039549,23.336,0.020178196045097962,0.0008650550081363536,ok
SA,GROSS_CAPITAL_FORMATION_GDP_A,2021,A,2,26.3426467287873,26.343,0.0003532712126990134,1.3410529608474443e-05,ok
SA,GROSS_CAPITAL_FORMATION_GDP_A,2022,A,2,26.5159908508109,26.516,9.149189097001909e-06,3.4504414977519215e-07,ok
SA,GROSS_CAPITAL_FORMATION_GDP_A,2023,A,2,29.2016398479372,29.763,0.5613601520628002,0.01904056917876481,ok
SA,GROSS_CAPITAL_FORMATION_GDP_A,2024,A,2,30.2367878635492,31.676,1.4392121364507986,0.04649159522981605,ok
TR,GROSS_CAPITAL_FORMATION_GDP_A,2015,A,2,30.062899150791,30.063,0.00010084920899799954,3.3546012757356927e-06,ok
TR,GROSS_CAPITAL_FORMATION_GDP_A,2016,A,2,29.8288300175216,29.829,0.00016998247840049885,5.698580667468955e-06,ok
TR,GROSS_CAPITAL_FORMATION_GDP_A,2017,A,2,32.7946921972451,32.795,0.0003078027549037188,9.385705118971335e-06,ok
TR,GROSS_CAPITAL_FORMATION_GDP_A,2018,A,2,31.3408009091416,31.341,0.0001990908584019735,6.352429429733816e-06,ok
TR,GROSS_CAPITAL_FORMATION_GDP_A,2019,A,2,27.5058303832163,27.506,0.00016961678370108757,6.1665566304384005e-06,ok
TR,GROSS_CAPITAL_FORMATION_GDP_A,2020,A,2,34.154,34.1540560799477,5.607994769718516e-05,1.6419717062815908e-06,ok
TR,GROSS_CAPITAL_FORMATION_GDP_A,2021,A,2,34.376,34.3761444701623,0.00014447016230434429,4.202637268050389e-06,ok
TR,GROSS_CAPITAL_FORMATION_GDP_A,2022,A,2,38.602,38.602139717568,0.00013971756800401636,3.6194320282600926e-06,ok
TR,GROSS_CAPITAL_FORMATION_GDP_A,2023,A,2,34.588,34.5882765114043,0.000276511404301516,7.994399763795634e-06,ok
TR,GROSS_CAPITAL_FORMATION_GDP_A,2024,A,2,30.731,30.7311559549208,0.00015595492079967244,5.0748275382353005e-06,ok
US,GROSS_CAPITAL_FORMATION_GDP_A,2015,A,2,21.415,21.5198755166573,0.10487551665730166,0.004885329951247371,ok
US,GROSS_CAPITAL_FORMATION_GDP_A,2016,A,2,20.888,21.0106376645574,0.12263766455739855,0.005854016807861003,ok
US,GROSS_CAPITAL_FORMATION_GDP_A,2017,A,2,21.156,21.3021477015707,0.14614770157070112,0.00688431829847794,ok
US,GROSS_CAPITAL_FORMATION_GDP_A,2018,A,2,21.569,21.6987608435503,0.12976084355030082,0.005998038309377575,ok
US,GROSS_CAPITAL_FORMATION_GDP_A,2019,A,2,21.67,21.8309630674538,0.16096306745379962,0.007400436960634909,ok
US,GROSS_CAPITAL_FORMATION_GDP_A,2020,A,2,21.438,21.7174460747964,0.27944607479640027,0.01295067483775134,ok
US,GROSS_CAPITAL_FORMATION_GDP_A,2021,A,2,21.407,21.6682502425803,0.2612502425802994,0.01212994659852497,ok
US,GROSS_CAPITAL_FORMATION_GDP_A,2022,A,2,22.027,22.2944256402277,0.26742564022769955,0.012067555876856746,ok
US,GROSS_CAPITAL_FORMATION_GDP_A,2023,A,2,21.57,21.8792709647143,0.30927096471430104,0.014235956454388562,ok
US,GROSS_CAPITAL_FORMATION_GDP_A,2024,A,2,21.533,21.8410127699649,0.30801276996490046,0.014202641180489958,ok
VN,GROSS_CAPITAL_FORMATION_GDP_A,2015,A,2,32.1089158178217,32.109,8.418217829841979e-05,2.6217661294780797e-06,ok
VN,GROSS_CAPITAL_FORMATION_GDP_A,2016,A,2,31.7245390951042,31.725,0.0004609048958030826,1.4528234637362283e-05,ok
VN,GROSS_CAPITAL_FORMATION_GDP_A,2017,A,2,32.305,32.305300920099,0.00030092009900073435,9.314926403852237e-06,ok
VN,GROSS_CAPITAL_FORMATION_GDP_A,2018,A,2,32.019502902433,32.02,0.0004970975670062217,1.5524716603861576e-05,ok
VN,GROSS_CAPITAL_FORMATION_GDP_A,2019,A,2,31.9799606565797,31.98,3.934342030120774e-05,1.2302515479161853e-06,ok
VN,GROSS_CAPITAL_FORMATION_GDP_A,2020,A,2,31.915688393806,31.916,0.000311606193999836,9.763369944952706e-06,ok
VN,GROSS_CAPITAL_FORMATION_GDP_A,2021,A,2,32.8956023366901,32.896,0.000397663309904317,1.2088573489037873e-05,ok
VN,GROSS_CAPITAL_FORMATION_GDP_A,2022,A,2,32.34,32.3404994444961,0.0004994444960999544,1.5443433504360607e-05,ok
VN,GROSS_CAPITAL_FORMATION_GDP_A,2023,A,2,31.6465959765628,31.647,0.0004040234371984752,1.2766645059891444e-05,ok
VN,GROSS_CAPITAL_FORMATION_GDP_A,2024,A,2,30.5632304440275,30.585,0.021769555972500854,0.0007120257058764041,ok
ZA,GROSS_CAPITAL_FORMATION_GDP_A,2015,A,2,18.633,18.6332066638376,0.00020666383760215012,1.1091219423880493e-05,ok
ZA,GROSS_CAPITAL_FORMATION_GDP_A,2016,A,2,16.96,16.9604522948246,0.00045229482459774317,2.6667971326947894e-05,ok
ZA,GROSS_CAPITAL_FORMATION_GDP_A,2017,A,2,16.6107340612402,16.611,0.0002659387597994112,1.6009926472181473e-05,ok
ZA,GROSS_CAPITAL_FORMATION_GDP_A,2018,A,2,16.1705829786619,16.171,0.00041702133809806696,2.578855452889899e-05,ok
ZA,GROSS_CAPITAL_FORMATION_GDP_A,2019,A,2,15.8207933783179,15.821,0.00020662168209995002,1.3060048754476392e-05,ok
ZA,GROSS_CAPITAL_FORMATION_GDP_A,2020,A,2,12.3455441478462,12.346,0.0004558521538005067,3.692374612709427e-05,ok
ZA,GROSS_CAPITAL_FORMATION_GDP_A,2021,A,2,12.8355522251838,12.836,0.00044777481619995285,3.488490390235816e-05,ok
ZA,GROSS_CAPITAL_FORMATION_GDP_A,2022,A,2,15.672,15.6721092997041,0.00010929970409989664,6.974178341123158e-06,ok
ZA,GROSS_CAPITAL_FORMATION_GDP_A,2023,A,2,15.391,15.3913174995668,0.00031749956679938407,2.062869807017306e-05,ok
ZA,GROSS_CAPITAL_FORMATION_GDP_A,2024,A,2,14.0695508769888,14.07,0.0004491230112009248,3.192112149651944e-05,ok
AR,GROSS_SAVINGS_GDP_A,2015,A,2,14.3058273001867,14.328,0.022172699813300056,0.0015487066804482324,ok
AR,GROSS_SAVINGS_GDP_A,2016,A,2,14.6222549674317,14.95,0.32774503256829846,0.022165711267486923,ok
AR,GROSS_SAVINGS_GDP_A,2017,A,2,13.0688485783361,13.374,0.30515142166390063,0.023080071782727887,ok
AR,GROSS_SAVINGS_GDP_A,2018,A,2,11.3939154141372,11.449,0.055084585862799074,0.004822903282188568,ok
AR,GROSS_SAVINGS_GDP_A,2019,A,2,13.46,13.6907954449568,0.23079544495679905,0.01700100797596844,ok
AR,GROSS_SAVINGS_GDP_A,2020,A,2,15.0121353189386,15.113,0.1008646810613989,0.006696380281351889,ok
AR,GROSS_SAVINGS_GDP_A,2021,A,2,19.4128951075758,19.439,0.026104892424200443,0.0013438156543931472,ok
AR,GROSS_SAVINGS_GDP_A,2022,A,2,16.8387415322884,17.281,0.44225846771159993,0.025923904921324167,ok
AR,GROSS_SAVINGS_GDP_A,2023,A,2,15.898,16.2338768059338,0.3358768059338004,0.020906143015696738,ok
AR,GROSS_SAVINGS_GDP_A,2024,A,2,16.697116558858,16.723,0.025883441141999697,0.0015489737204485777,ok
BR,GROSS_SAVINGS_GDP_A,2015,A,2,13.889,14.5293471931478,0.6403471931478002,0.04506575901797695,ok
BR,GROSS_SAVINGS_GDP_A,2016,A,2,13.27,13.4217530369835,0.15175303698350007,0.011370780838053944,ok
BR,GROSS_SAVINGS_GDP_A,2017,A,2,13.401,13.5777697053897,0.1767697053897006,0.013104356300901766,ok
BR,GROSS_SAVINGS_GDP_A,2018,A,2,12.288,12.7074199526054,0.4194199526054003,0.03355974441723129,ok
BR,GROSS_SAVINGS_GDP_A,2019,A,2,12.102,12.3064006131695,0.20440061316949887,0.016748382363014395,ok
BR,GROSS_SAVINGS_GDP_A,2020,A,2,14.475,14.8400818179093,0.36508181790930117,0.02490743980705957,ok
BR,GROSS_SAVINGS_GDP_A,2021,A,2,17.164,17.2170244564457,0.053024456445697865,0.00308451870088222,ok
BR,GROSS_SAVINGS_GDP_A,2022,A,2,15.8875091731399,15.938,0.05049082686010031,0.0031729784171191564,ok
BR,GROSS_SAVINGS_GDP_A,2023,A,2,14.525,15.0395043089761,0.5145043089761003,0.03480554272779681,ok
BR,GROSS_SAVINGS_GDP_A,2024,A,2,13.954,14.1411508180947,0.18715081809469858,0.01332264199657999,ok
CN,GROSS_SAVINGS_GDP_A,2015,A,2,45.1016053776732,45.227,0.12539462232679455,0.0027764100154653495,ok
CN,GROSS_SAVINGS_GDP_A,2016,A,2,43.839,43.8678663976574,0.028866397657402842,0.0006582471553942976,ok
CN,GROSS_SAVINGS_GDP_A,2017,A,2,44.175,44.3202552812278,0.1452552812278043,0.003282781224059971,ok
CN,GROSS_SAVINGS_GDP_A,2018,A,2,43.598,43.7715764233009,0.17357642330090073,0.003973383651534083,ok
CN,GROSS_SAVINGS_GDP_A,2019,A,2,43.2925997301417,43.339,0.04640026985829593,0.0010712088892005512,ok
CN,GROSS_SAVINGS_GDP_A,2020,A,2,43.4998633494291,43.918,0.41813665057090077,0.009566389169213926,ok
CN,GROSS_SAVINGS_GDP_A,2021,A,2,44.649,44.679938707538,0.030938707537998766,0.0006926917074273493,ok
CN,GROSS_SAVINGS_GDP_A,2022,A,2,44.794,44.8335710565362,0.03957105653620374,0.0008830107983455828,ok
CN,GROSS_SAVINGS_GDP_A,2023,A,2,42.564,42.5717088559186,0.007708855918600932,0.00018109571229734384,ok
CN,GROSS_SAVINGS_GDP_A,2024,A,2,42.8328411949589,42.845,0.012158805041096343,0.00028382612987246325,ok
DE,GROSS_SAVINGS_GDP_A,2015,A,2,27.599,27.624739160072,0.025739160071999834,0.0009321773738425094,ok
DE,GROSS_SAVINGS_GDP_A,2016,A,2,28.621,28.6547979791762,0.033797979176203086,0.0011801836157216365,ok
DE,GROSS_SAVINGS_GDP_A,2017,A,2,28.6566319463924,28.753,0.09636805360759837,0.00335720854986788,ok
DE,GROSS_SAVINGS_GDP_A,2018,A,2,30.0075324734044,30.072,0.06446752659559962,0.0021460728451619584,ok
DE,GROSS_SAVINGS_GDP_A,2019,A,2,29.254,29.2651262058024,0.011126205802398204,0.000380258781146838,ok
DE,GROSS_SAVINGS_GDP_A,2020,A,2,28.0207954478952,28.047,0.026204552104800882,0.0009347452274685292,ok
DE,GROSS_SAVINGS_GDP_A,2021,A,2,29.5132406376345,29.582,0.06875936236550118,0.002327069375590701,ok
DE,GROSS_SAVINGS_GDP_A,2022,A,2,27.0261056294321,27.087,0.060894370567901035,0.002250632997666303,ok
DE,GROSS_SAVINGS_GDP_A,2023,A,2,27.512,27.603985079805,0.09198507980499926,0.00333787302075105,ok
DE,GROSS_SAVINGS_GDP_A,2024,A,2,27.1419009835217,27.308,0.16609901647829872,0.006100985069874255,ok
ES,GROSS_SAVINGS_GDP_A,2015,A,2,21.4157589741659,21.42,0.004241025834101464,0.0001980133391197393,ok
ES,GROSS_SAVINGS_GDP_A,2016,A,2,22.208,22.2096745788576,0.0016745788576031373,7.540146455124066e-05,ok
ES,GROSS_SAVINGS_GDP_A,2017,A,2,22.359,22.3642572421609,0.005257242160897846,0.00023510104071497773,ok
ES,GROSS_SAVINGS_GDP_A,2018,A,2,22.583,22.5830072433622,7.243362201592163e-06,3.20743968470079e-07,ok
ES,GROSS_SAVINGS_GDP_A,2019,A,2,23.0359300693753,23.038,0.002069930624699623,8.985257483278931e-05,ok
ES,GROSS_SAVINGS_GDP_A,2020,A,2,21.416,21.4222997293511,0.006299729351098904,0.00029411668487778846,ok
ES,GROSS_SAVINGS_GDP_A,2021,A,2,22.6413419908449,22.647,0.005658009155098398,0.00024986603202396644,ok
ES,GROSS_SAVINGS_GDP_A,2022,A,2,23.1081867469823,23.109,0.0008132530177000774,3.519266640577935e-05,ok
ES,GROSS_SAVINGS_GDP_A,2023,A,2,23.850490935783,23.853,0.0025090642170013666,0.00010519415530318287,ok
ES,GROSS_SAVINGS_GDP_A,2024,A,2,24.3518457211748,24.352,0.00015427882519958303,6.335385755072223e-06,ok
FR,GROSS_SAVINGS_GDP_A,2015,A,2,21.392,21.5310981790445,0.13909817904449895,0.0064812739501832195,ok
FR,GROSS_SAVINGS_GDP_A,2016,A,2,21.07,21.1607249969519,0.09072499695189862,0.004296634592867961,ok
FR,GROSS_SAVINGS_GDP_A,2017,A,2,21.6185171335885,21.635,0.016482866411500652,0.0007621514967484985,ok
FR,GROSS_SAVINGS_GDP_A,2018,A,2,21.8900056739386,21.914,0.02399432606140195,0.0010955311365817618,ok
FR,GROSS_SAVINGS_GDP_A,2019,A,2,23.4899898451564,23.623,0.1330101548435998,0.005646432344062932,ok
FR,GROSS_SAVINGS_GDP_A,2020,A,2,20.751,20.7835856396957,0.03258563969570005,0.0015690846167757163,ok
FR,GROSS_SAVINGS_GDP_A,2021,A,2,23.4519466335002,23.724,0.27205336649980083,0.01153356258490476,ok
FR,GROSS_SAVINGS_GDP_A,2022,A,2,22.4903116689235,22.604,0.11368833107649934,0.00504224709809007,ok
FR,GROSS_SAVINGS_GDP_A,2023,A,2,21.7409677470466,21.919,0.17803225295340042,0.008155400113205237,ok
FR,GROSS_SAVINGS_GDP_A,2024,A,2,21.4347338631091,21.611,0.1762661368909022,0.00818971456969236,ok
GB,GROSS_SAVINGS_GDP_A,2015,A,2,13.651,13.6955558156759,0.044555815675900945,0.0032586052866196893,ok
GB,GROSS_SAVINGS_GDP_A,2016,A,2,13.284,13.3480290259192,0.0640290259191989,0.004808422659564065,ok
GB,GROSS_SAVINGS_GDP_A,2017,A,2,15.721,15.7531873531931,0.032187353193100066,0.002045317506177621,ok
GB,GROSS_SAVINGS_GDP_A,2018,A,2,15.035,15.1527876787517,0.11778767875170004,0.007803664184017522,ok
GB,GROSS_SAVINGS_GDP_A,2019,A,2,16.434,16.5464399806794,0.11243998067939742,0.006818585849386304,ok
GB,GROSS_SAVINGS_GDP_A,2020,A,2,15.548,15.5605971990805,0.012597199080499166,0.0008098853831230622,ok
GB,GROSS_SAVINGS_GDP_A,2021,A,2,17.803,18.1443057036608,0.34130570366080093,0.0189892230852808,ok
GB,GROSS_SAVINGS_GDP_A,2022,A,2,16.4281012912124,17.204,0.7758987087876008,0.046140364651573666,ok
GB,GROSS_SAVINGS_GDP_A,2023,A,2,14.889141661081,15.374,0.48485833891900043,0.03204282915164342,ok
GB,GROSS_SAVINGS_GDP_A,2024,A,2,15.941,17.0025166407376,1.061516640737599,0.06444464641184901,ok
ID,GROSS_SAVINGS_GDP_A,2015,A,2,30.1233564897489,32.028,1.9046435102510983,0.06129048882674816,ok
ID,GROSS_SAVINGS_GDP_A,2016,A,2,29.9227683259243,32.039,2.116231674075703,0.06830765910179128,ok
ID,GROSS_SAVINGS_GDP_A,2017,A,2,30.8783634343379,32.116,1.2376365656621005,0.039293565271189684,ok
ID,GROSS_SAVINGS_GDP_A,2018,A,2,31.631,31.6805227940956,0.04952279409560134,0.0015644164572272713,ok
ID,GROSS_SAVINGS_GDP_A,2019,A,2,30.9027135119119,31.074,0.1712864880881,0.005527446628972308,ok
ID,GROSS_SAVINGS_GDP_A,2020,A,2,29.2246087288697,31.925,2.7003912711303,0.08832080293771045,ok
ID,GROSS_SAVINGS_GDP_A,2021,A,2,31.745,32.9372955843682,1.1922955843681997,0.03686621118179183,ok
ID,GROSS_SAVINGS_GDP_A,2024,A,2,30.782,34.6500005662338,3.8680005662337997,0.11822962870647372,ok
IN,GROSS_SAVINGS_GDP_A,2015,A,2,31.254,32.4539241111902,1.199924111190196,0.03766954041999404,ok
IN,GROSS_SAVINGS_GDP_A,2016,A,2,29.871,31.7264147403683,1.8554147403682997,0.060243266643213216,ok
IN,GROSS_SAVINGS_GDP_A,2017,A,2,29.452,31.7067531706123,2.2547531706122967,0.07373443877517567,ok
IN,GROSS_SAVINGS_GDP_A,2018,A,2,30.602,31.4104922311412,0.808492231141198,0.026075140735440153,ok
IN,GROSS_SAVINGS_GDP_A,2019,A,2,29.7022005792949,29.79,0.0877994207050996,0.0029516279394666226,ok
IN,GROSS_SAVINGS_GDP_A,2020,A,2,28.6796821131572,30.466,1.7863178868428022,0.06040399985328527,ok
IN,GROSS_SAVINGS_GDP_A,2021,A,2,29.8661330649563,31.506,1.639866935043699,0.05344011534707659,ok
IN,GROSS_SAVINGS_GDP_A,2022,A,2,29.8126610526337,32.351,2.5383389473662987,0.0816663273811077,ok
IN,GROSS_SAVINGS_GDP_A,2023,A,2,30.9390060732482,33.761,2.8219939267518015,0.0872331889291313,ok
IN,GROSS_SAVINGS_GDP_A,2024,A,2,30.268447331199,33.736,3.467552668800998,0.10835349146467008,ok
IT,GROSS_SAVINGS_GDP_A,2015,A,2,18.520966373083,18.524,0.0030336269170021524,0.00016378078934936737,ok
IT,GROSS_SAVINGS_GDP_A,2016,A,2,20.173,20.1787269725474,0.0057269725474000666,0.0002838526614385706,ok
IT,GROSS_SAVINGS_GDP_A,2017,A,2,20.609,20.6110559036563,0.0020559036562985966,9.975258942413194e-05,ok
IT,GROSS_SAVINGS_GDP_A,2018,A,2,21.162,21.1865535291719,0.024553529171900124,0.0011595923414473351,ok
IT,GROSS_SAVINGS_GDP_A,2019,A,2,21.501623631916,21.521,0.019376368084000006,0.000900752508716172,ok
IT,GROSS_SAVINGS_GDP_A,2020,A,2,21.66,21.7029376275104,0.0429376275104012,0.0019803837036705104,ok
IT,GROSS_SAVINGS_GDP_A,2021,A,2,24.0053926143084,24.008,0.0026073856916006832,0.0001086107666894449,ok
IT,GROSS_SAVINGS_GDP_A,2022,A,2,22.769,22.7843318662774,0.01533186627740335,0.0006731391821090194,ok
IT,GROSS_SAVINGS_GDP_A,2023,A,2,23.27737632343,23.292,0.014623676570000299,0.0006280383258060868,ok
IT,GROSS_SAVINGS_GDP_A,2024,A,2,23.348,23.6481103644527,0.3001103644527028,0.01277171077033229,ok
JP,GROSS_SAVINGS_GDP_A,2015,A,2,28.1789158205035,29.561,1.3820841794964984,0.04787274660368379,ok
JP,GROSS_SAVINGS_GDP_A,2016,A,2,28.7272416114128,30.11,1.3827583885871988,0.04700282850510048,ok
JP,GROSS_SAVINGS_GDP_A,2017,A,2,29.2896490905596,30.674,1.3843509094403998,0.04617300415955992,ok
JP,GROSS_SAVINGS_GDP_A,2018,A,2,29.1254854238882,30.586,1.4605145761117981,0.04891905018753743,ok
JP,GROSS_SAVINGS_GDP_A,2019,A,2,29.1717018986434,30.686,1.5142981013566015,0.05059660004725043,ok
JP,GROSS_SAVINGS_GDP_A,2020,A,2,28.1462434697604,29.776,1.6297565302396002,0.05627394357024347,ok
JP,GROSS_SAVINGS_GDP_A,2021,A,2,29.6493466370105,31.08,1.4306533629894993,0.04711571726732892,ok
JP,GROSS_SAVINGS_GDP_A,2022,A,2,28.7683676764073,30.332,1.5636323235926994,0.05291447025013677,ok
JP,GROSS_SAVINGS_GDP_A,2023,A,2,29.9793389407217,31.347,1.3676610592783014,0.04460272968847165,ok
JP,GROSS_SAVINGS_GDP_A,2024,A,2,31.068062509507,32.194,1.1259374904930013,0.035595977931443375,ok
MX,GROSS_SAVINGS_GDP_A,2015,A,2,18.5155491623807,21.137,2.6214508376192995,0.13222104974306828,ok
MX,GROSS_SAVINGS_GDP_A,2016,A,2,19.384966743581,22.07,2.6850332564190005,0.12953976169018439,ok
MX,GROSS_SAVINGS_GDP_A,2017,A,2,20.6161724332749,22.095,1.4788275667250979,0.0692478095297141,ok
MX,GROSS_SAVINGS_GDP_A,2018,A,2,21.413,21.4950580551557,0.08205805515569864,0.003824831925519351,ok
MX,GROSS_SAVINGS_GDP_A,2019,A,2,21.8054202681822,21.852,0.04657973181780051,0.0021338746784242816,ok
MX,GROSS_SAVINGS_GDP_A,2020,A,2,22.192798182255,22.634,0.4412018177450001,0.019684734829874727,ok
MX,GROSS_SAVINGS_GDP_A,2021,A,2,21.367,21.6797240907604,0.31272409076039764,0.01452951867375762,ok
MX,GROSS_SAVINGS_GDP_A,2022,A,2,20.012608799287,21.496,1.4833912007129975,0.07147390594976905,ok
MX,GROSS_SAVINGS_GDP_A,2023,A,2,20.1277352965743,22.606,2.478264703425701,0.11598633661328304,ok
SA,GROSS_SAVINGS_GDP_A,2015,A,2,24.496,24.8424808983873,0.346480898387302,0.014045057410700588,ok
SA,GROSS_SAVINGS_GDP_A,2016,A,2,24.204,24.5692652694717,0.3652652694716991,0.014978093734492163,ok
SA,GROSS_SAVINGS_GDP_A,2017,A,2,26.701,27.1114700037557,0.4104700037556981,0.015255571941858474,ok
SA,GROSS_SAVINGS_GDP_A,2018,A,2,30.272,30.6017689029822,0.3297689029822024,0.010834515717525979,ok
SA,GROSS_SAVINGS_GDP_A,2019,A,2,29.197,29.8780476927332,0.6810476927332019,0.023057034038314533,ok
SA,GROSS_SAVINGS_GDP_A,2020,A,2,18.815,19.9891456443216,1.174145644321598,0.06051650537980168,ok
SA,GROSS_SAVINGS_GDP_A,2021,A,2,30.4675118134255,30.912,0.4444881865744996,0.01448327539409582,ok
SA,GROSS_SAVINGS_GDP_A,2022,A,2,38.245,38.6630478039538,0.4180478039538045,0.010871366934691921,ok
SA,GROSS_SAVINGS_GDP_A,2023,A,2,31.892,31.9325158664368,0.04051586643679883,0.0012696019981282705,ok
SA,GROSS_SAVINGS_GDP_A,2024,A,2,29.8566401019629,30.38,0.5233598980370999,0.017376795822316972,ok
TR,GROSS_SAVINGS_GDP_A,2015,A,2,27.7921333695116,27.796,0.003866630488399636,0.00013911711921308606,ok
TR,GROSS_SAVINGS_GDP_A,2016,A,2,27.347,27.3477821809118,0.0007821809117984913,2.860166475154072e-05,ok
TR,GROSS_SAVINGS_GDP_A,2017,A,2,28.789,28.7891671366617,0.0001671366616982084,5.805556863298887e-06,ok
TR,GROSS_SAVINGS_GDP_A,2018,A,2,30.6657489976786,30.696,0.030251002321399767,0.0009859889203139957,ok
TR,GROSS_SAVINGS_GDP_A,2019,A,2,29.572,29.5729485423088,0.0009485423088015921,3.2075175722675994e-05,ok
TR,GROSS_SAVINGS_GDP_A,2020,A,2,30.088,30.0988085819943,0.010808581994300681,0.00035916780600107163,ok
TR,GROSS_SAVINGS_GDP_A,2021,A,2,33.595,33.7151431315987,0.12014313159870227,0.003569837353155209,ok
TR,GROSS_SAVINGS_GDP_A,2022,A,2,33.951,33.9944927117295,0.04349271172949898,0.001280223602587572,ok
TR,GROSS_SAVINGS_GDP_A,2023,A,2,31.76,31.7803964026465,0.020396402646497336,0.0006419979666871518,ok
TR,GROSS_SAVINGS_GDP_A,2024,A,2,29.913,30.1060618091059,0.19306180910589887,0.006433349782105663,ok
US,GROSS_SAVINGS_GDP_A,2015,A,2,19.611,19.7947209402226,0.18372094022259944,0.009324582108333918,ok
US,GROSS_SAVINGS_GDP_A,2016,A,2,18.472,18.6676935456278,0.1956935456277975,0.010538242346419962,ok
US,GROSS_SAVINGS_GDP_A,2017,A,2,18.882,19.1103747200543,0.2283747200542976,0.012022134532893509,ok
US,GROSS_SAVINGS_GDP_A,2018,A,2,19.126,19.346553899104,0.22055389910399725,0.011465519012977914,ok
US,GROSS_SAVINGS_GDP_A,2019,A,2,19.329,19.5741671320652,0.24516713206519825,0.012603967755783249,ok
US,GROSS_SAVINGS_GDP_A,2020,A,2,18.232,18.6433841524645,0.41138415246449966,0.022312128370709085,ok
US,GROSS_SAVINGS_GDP_A,2021,A,2,17.583,18.0329336164215,0.4499336164215002,0.025265861132111305,ok
US,GROSS_SAVINGS_GDP_A,2022,A,2,18.186,18.6927640825769,0.5067640825769004,0.027482704216561172,ok
US,GROSS_SAVINGS_GDP_A,2023,A,2,17.026,17.6716283821554,0.645628382155401,0.03721455397726493,ok
US,GROSS_SAVINGS_GDP_A,2024,A,2,16.494,17.8108789729135,1.3168789729135,0.07677502514748898,ok
VN,GROSS_SAVINGS_GDP_A,2015,A,2,28.0729400269014,31.246,3.1730599730985993,0.10698303009661342,ok
VN,GROSS_SAVINGS_GDP_A,2016,A,2,28.4694474915156,31.972,3.5025525084844027,0.1158990280296007,ok
VN,GROSS_SAVINGS_GDP_A,2017,A,2,28.8568707708552,31.709,2.8521292291448006,0.09418272016382101,ok
VN,GROSS_SAVINGS_GDP_A,2018,A,2,30.9316977896393,33.916,2.9843022103606955,0.09204034413192373,ok
VN,GROSS_SAVINGS_GDP_A,2019,A,2,31.3330314964469,35.741,4.4079685035531,0.13143591954172612,ok
VN,GROSS_SAVINGS_GDP_A,2020,A,2,33.0073258956685,36.267,3.259674104331502,0.09410915406786567,ok
VN,GROSS_SAVINGS_GDP_A,2021,A,2,30.695,32.5963636488186,1.9013636488186023,0.06008287826973035,ok
VN,GROSS_SAVINGS_GDP_A,2022,A,2,32.683,33.0480243558189,0.36502435581890325,0.011106607858198976,ok
VN,GROSS_SAVINGS_GDP_A,2023,A,2,34.6718630159137,38.027,3.3551369840863003,0.09230232344491728,ok
VN,GROSS_SAVINGS_GDP_A,2024,A,2,36.6901082961998,37.205,0.5148917038001954,0.01393574529280918,ok
ZA,GROSS_SAVINGS_GDP_A,2015,A,2,14.288975935155,14.294,0.005024064845001064,0.00035154246054707177,ok
ZA,GROSS_SAVINGS_GDP_A,2016,A,2,14.285,14.2879088248417,0.002908824841700408,0.00020360719026068732,ok
ZA,GROSS_SAVINGS_GDP_A,2017,A,2,14.243,14.2437065990572,0.0007065990571994973,4.960903814854351e-05,ok
ZA,GROSS_SAVINGS_GDP_A,2018,A,2,13.2302445569483,13.242,0.011755443051701064,0.00088813345815178,ok
ZA,GROSS_SAVINGS_GDP_A,2019,A,2,13.216,13.2160151443918,1.5144391801058532e-05,1.145912766645171e-06,ok
ZA,GROSS_SAVINGS_GDP_A,2020,A,2,14.308189735041,14.315,0.006810264959000278,0.0004758564661759577,ok
ZA,GROSS_SAVINGS_GDP_A,2021,A,2,16.5656001623914,16.568,0.002399837608599853,0.00014485824642284485,ok
ZA,GROSS_SAVINGS_GDP_A,2022,A,2,15.3398330255299,15.348,0.008166974470100286,0.0005322613990571439,ok
ZA,GROSS_SAVINGS_GDP_A,2023,A,2,14.305,14.7159503601655,0.4109503601655007,0.028320944356775856,ok
ZA,GROSS_SAVINGS_GDP_A,2024,A,2,13.417,13.5815040357795,0.16450403577949935,0.012186159319160204,ok
AR,POPULATION_TOTAL_A,2015,A,2,43132000.0,43477012.0,345012.0,0.007967115477544069,ok
AR,POPULATION_TOTAL_A,2016,A,2,43590000.0,43900313.0,310313.0,0.007093653899718018,ok
AR,POPULATION_TOTAL_A,2017,A,2,44045000.0,44288894.0,243894.0,0.005522093252223206,ok
AR,POPULATION_TOTAL_A,2018,A,2,44495000.0,44654882.0,159882.0,0.0035868134968479264,ok
AR,POPULATION_TOTAL_A,2019,A,2,44939000.0,44973465.0,34465.0,0.000766634526147181,ok
AR,POPULATION_TOTAL_A,2020,A,2,45191965.0,45377000.0,185035.0,0.004086057514293114,ok
AR,POPULATION_TOTAL_A,2021,A,2,45312281.0,45809000.0,496719.0,0.010902370874263718,ok
AR,POPULATION_TOTAL_A,2022,A,2,45407904.0,46235000.0,827096.0,0.018050410100491795,ok
AR,POPULATION_TOTAL_A,2023,A,2,45538401.0,46655000.0,1116599.0,0.024222970145119174,ok
AR,POPULATION_TOTAL_A,2024,A,2,45696159.0,47068000.0,1371841.0,0.029576961938500408,ok
BR,POPULATION_TOTAL_A,2015,A,2,201675532.0,202404000.0,728468.0,0.0036055674307205444,ok
BR,POPULATION_TOTAL_A,2016,A,2,203218114.0,203872000.0,653886.0,0.003212487739262565,ok
BR,POPULATION_TOTAL_A,2017,A,2,204703445.0,205212000.0,508555.0,0.0024812678136584975,ok
BR,POPULATION_TOTAL_A,2018,A,2,206107261.0,206529000.0,421739.0,0.002044119918002068,ok
BR,POPULATION_TOTAL_A,2019,A,2,207455459.0,207900000.0,444541.0,0.0021405328393673526,ok
BR,POPULATION_TOTAL_A,2020,A,2,208660842.0,209165000.0,504158.0,0.002413244703040651,ok
BR,POPULATION_TOTAL_A,2021,A,2,209550294.0,210104000.0,553706.0,0.0026388673149142137,ok
BR,POPULATION_TOTAL_A,2022,A,2,210306415.0,210863000.0,556585.0,0.0026430456732001776,ok
BR,POPULATION_TOTAL_A,2023,A,2,211140729.0,211695000.0,554271.0,0.0026216847914476973,ok
BR,POPULATION_TOTAL_A,2024,A,2,211998573.0,212584000.0,585427.0,0.0027576591091033782,ok
CN,POPULATION_TOTAL_A,2015,A,2,1379860000.0,1383260000.0,3400000.0,0.002460986131619329,ok
CN,POPULATION_TOTAL_A,2016,A,2,1387790000.0,1392320000.0,4530000.0,0.0032588638579049032,ok
CN,POPULATION_TOTAL_A,2017,A,2,1396215000.0,1400110000.0,3895000.0,0.0027857992186172925,ok
CN,POPULATION_TOTAL_A,2018,A,2,1402760000.0,1405410000.0,2650000.0,0.001887350124814381,ok
CN,POPULATION_TOTAL_A,2019,A,2,1407745000.0,1410080000.0,2335000.0,0.0016573066105950512,ok
CN,POPULATION_TOTAL_A,2020,A,2,1411100000.0,1412120000.0,1020000.0,0.0007225791826354304,ok
CN,POPULATION_TOTAL_A,2021,A,2,1412360000.0,1412600000.0,240000.0,0.00016991391028545538,ok
CN,POPULATION_TOTAL_A,2022,A,2,1411750000.0,1412175000.0,425000.0,0.0003009994953831989,ok
CN,POPULATION_TOTAL_A,2023,A,2,1409670000.0,1410710000.0,1040000.0,0.0007374892744949262,ok
CN,POPULATION_TOTAL_A,2024,A,2,1408280000.0,1408975000.0,695000.0,0.0004933880674628317,ok
DE,POPULATION_TOTAL_A,2015,A,2,81347000.0,81686611.0,339611.0,0.004166147065220803,ok
DE,POPULATION_TOTAL_A,2016,A,2,81867000.0,82348669.0,481669.0,0.005866297691726361,ok
DE,POPULATION_TOTAL_A,2017,A,2,82038000.0,82657002.0,619002.0,0.007516949421452389,ok
DE,POPULATION_TOTAL_A,2018,A,2,82157000.0,82905782.0,748782.0,0.009072693322229356,ok
DE,POPULATION_TOTAL_A,2019,A,2,82203000.0,83092962.0,889962.0,0.010768103336970808,ok
DE,POPULATION_TOTAL_A,2020,A,2,82126000.0,83160871.0,1034871.0,0.012522119799823666,ok
DE,POPULATION_TOTAL_A,2021,A,2,81995000.0,83196078.0,1201078.0,0.014541681240193855,ok
DE,POPULATION_TOTAL_A,2022,A,2,82529000.0,83177813.0,648813.0,0.007830854848436437,ok
DE,POPULATION_TOTAL_A,2023,A,2,83287000.0,83287273.0,273.0,3.277817097241661e-06,ok
DE,POPULATION_TOTAL_A,2024,A,2,83516593.0,83517000.0,407.0,4.873271210779738e-06,ok
ES,POPULATION_TOTAL_A,2015,A,2,46419000.0,46422303.0,3303.0,7.115367607453765e-05,ok
ES,POPULATION_TOTAL_A,2016,A,2,46458139.0,46497000.0,38861.0,0.0008361237564283563,ok
ES,POPULATION_TOTAL_A,2017,A,2,46571232.0,46645000.0,73768.0,0.0015827286389349013,ok
ES,POPULATION_TOTAL_A,2018,A,2,46782011.0,46919000.0,136989.0,0.0029239599133033902,ok
ES,POPULATION_TOTAL_A,2019,A,2,47118501.0,47318000.0,199499.0,0.004225040061575344,ok
ES,POPULATION_TOTAL_A,2020,A,2,47359424.0,47401000.0,41576.0,0.0008774971289702123,ok
ES,POPULATION_TOTAL_A,2021,A,2,47443821.0,47487000.0,43179.0,0.0009096940181313717,ok
ES,POPULATION_TOTAL_A,2022,A,2,47786102.0,48085000.0,298898.0,0.006235413878939245,ok
ES,POPULATION_TOTAL_A,2023,A,2,48352528.0,48628000.0,275472.0,0.0056809754634456104,ok
ES,POPULATION_TOTAL_A,2024,A,2,48848840.0,49078000.0,229160.0,0.004680228627820524,ok
FR,POPULATION_TOTAL_A,2015,A,2,66422000.0,66548272.0,126272.0,0.0018992515860988839,ok
FR,POPULATION_TOTAL_A,2016,A,2,66602999.99999999,66724104.0,121104.00000000745,0.0018166448736486086,ok
FR,POPULATION_TOTAL_A,2017,A,2,66774000.0,66918020.0,144020.0,0.0021545040609005682,ok
FR,POPULATION_TOTAL_A,2018,A,2,66992000.00000001,67158348.0,166347.99999999255,0.002480023383912393,ok
FR,POPULATION_TOTAL_A,2019,A,2,67258000.0,67382061.0,124061.0,0.0018428541858726579,ok
FR,POPULATION_TOTAL_A,2020,A,2,67442000.0,67601110.0,159110.0,0.00235643269767706,ok
FR,POPULATION_TOTAL_A,2021,A,2,67697000.0,67842811.0,145811.0,0.0021515597362017865,ok
FR,POPULATION_TOTAL_A,2022,A,2,68060000.0,68184457.0,124457.0,0.0018269660687920684,ok
FR,POPULATION_TOTAL_A,2023,A,2,68372286.0,68405000.0,32714.0,0.00047835427879450686,ok
FR,POPULATION_TOTAL_A,2024,A,2,68551653.0,68638000.0,86347.0,0.001258797556693288,ok
GB,POPULATION_TOTAL_A,2015,A,2,65087000.0,65088000.0,1000.0,1.5363933166890723e-05,ok
GB,POPULATION_TOTAL_A,2016,A,2,65605999.99999999,65607000.0,1000.0000000074506,1.5242392141136177e-05,ok
GB,POPULATION_TOTAL_A,2017,A,2,65964000.0,65966000.0,2000.0,3.0319108618206625e-05,ok
GB,POPULATION_TOTAL_A,2018,A,2,66287000.00000001,66289000.0,1999.9999999925494,3.0171373400804813e-05,ok
GB,POPULATION_TOTAL_A,2019,A,2,66628000.0,66631000.0,3000.0,4.502510149408295e-05,ok
GB,POPULATION_TOTAL_A,2020,A,2,66739999.99999999,66744000.0,4000.0000000074506,5.993227652763553e-05,ok
GB,POPULATION_TOTAL_A,2021,A,2,66977999.99999999,66984000.0,6000.000000007451,8.957764142081262e-05,ok
GB,POPULATION_TOTAL_A,2022,A,2,67604000.0,67636000.0,32000.0,0.0004732327713694173,ok
GB,POPULATION_TOTAL_A,2023,A,2,68492000.0,68526000.0,34000.0,0.0004962851596140653,ok
GB,POPULATION_TOTAL_A,2024,A,2,69226000.0,69281000.0,55000.0,0.0007941836874670595,ok
ID,POPULATION_TOTAL_A,2015,A,2,255182000.0,261799249.0,6617249.0,0.025599570633556962,ok
ID,POPULATION_TOTAL_A,2016,A,2,258497000.0,264627418.0,6130418.0,0.02343770540644119,ok
ID,POPULATION_TOTAL_A,2017,A,2,261356000.0,267346658.0,5990658.0,0.022661728324429947,ok
ID,POPULATION_TOTAL_A,2018,A,2,264162000.0,269951846.0,5789846.0,0.021680194375638784,ok
ID,POPULATION_TOTAL_A,2019,A,2,266912000.0,272489381.0,5577381.0,0.020679891436911246,ok
ID,POPULATION_TOTAL_A,2020,A,2,270204000.0,274814866.0,4610866.0,0.016920023462086906,ok
ID,POPULATION_TOTAL_A,2021,A,2,272679000.0,276758053.0,4079053.0,0.014848117642331632,ok
ID,POPULATION_TOTAL_A,2022,A,2,275720000.0,278830529.0,3110529.0,0.011218198657601496,ok
ID,POPULATION_TOTAL_A,2023,A,2,278696000.0,281190067.0,2494067.0,0.00890919473443514,ok
ID,POPULATION_TOTAL_A,2024,A,2,281604000.0,283487931.0,1883931.0,0.006667697401610924,ok
IN,POPULATION_TOTAL_A,2015,A,2,1328024000.0,1328024498.0,498.0,3.7499315270409645e-07,ok
IN,POPULATION_TOTAL_A,2016,A,2,1343944000.0,1343944296.0,296.0,2.2024724795334278e-07,ok
IN,POPULATION_TOTAL_A,2017,A,2,1359657000.0,1359657400.0,400.0,2.941918006979995e-07,ok
IN,POPULATION_TOTAL_A,2018,A,2,1374659000.0,1374659064.0,64.0,4.6556999597846456e-08,ok
IN,POPULATION_TOTAL_A,2019,A,2,1389030000.0,1389030312.0,312.0,2.2461715366818862e-07,ok
IN,POPULATION_TOTAL_A,2020,A,2,1402617695.0,1402618000.0,305.0,2.1745053404505465e-07,ok
IN,POPULATION_TOTAL_A,2021,A,2,1414203896.0,1414204000.0,104.0,7.353960519420074e-08,ok
IN,POPULATION_TOTAL_A,2022,A,2,1425423000.0,1425423212.0,212.0,1.4872777009691605e-07,ok
IN,POPULATION_TOTAL_A,2023,A,2,1438069596.0,1438070000.0,404.0,2.809321220443293e-07,ok
IN,POPULATION_TOTAL_A,2024,A,2,1450935791.0,1450936000.0,209.0,1.4404495791178805e-07,ok
IT,POPULATION_TOTAL_A,2015,A,2,60229605.0,60295000.0,65395.0,0.0010851726085308474,ok
IT,POPULATION_TOTAL_A,2016,A,2,60115223.0,60164000.0,48777.0,0.0008110627718305098,ok
IT,POPULATION_TOTAL_A,2017,A,2,60002252.0,60067000.0,64748.0,0.0010785109246787012,ok
IT,POPULATION_TOTAL_A,2018,A,2,59938000.0,60148658.0,210658.0,0.0035084330517383537,ok
IT,POPULATION_TOTAL_A,2019,A,2,59729081.0,59817000.0,87919.0,0.001470880505066494,ok
IT,POPULATION_TOTAL_A,2020,A,2,59438851.0,59641000.0,202149.0,0.0033951839593752936,ok
IT,POPULATION_TOTAL_A,2021,A,2,59133173.0,59236000.0,102827.0,0.0017373949212266609,ok
IT,POPULATION_TOTAL_A,2022,A,2,59013667.0,59030000.0,16333.0,0.000276728102660518,ok
IT,POPULATION_TOTAL_A,2023,A,2,58984216.0,58997000.0,12784.0,0.0002167124637874558,ok
IT,POPULATION_TOTAL_A,2024,A,2,58952704.0,58971000.0,18296.0,0.00031030232903810415,ok
JP,POPULATION_TOTAL_A,2015,A,2,126978000.0,127141000.0,163000.0,0.0012828635403098548,ok
JP,POPULATION_TOTAL_A,2016,A,2,126960000.0,127076000.0,116000.0,0.0009132563888582721,ok
JP,POPULATION_TOTAL_A,2017,A,2,126746000.0,126972000.0,226000.0,0.0017815054509337138,ok
JP,POPULATION_TOTAL_A,2018,A,2,126495000.0,126811000.0,316000.0,0.002495006040125382,ok
JP,POPULATION_TOTAL_A,2019,A,2,126221000.0,126633000.0,412000.0,0.003258797566975409,ok
JP,POPULATION_TOTAL_A,2020,A,2,125849000.0,126261000.0,412000.0,0.0032684145809368926,ok
JP,POPULATION_TOTAL_A,2021,A,2,125492000.0,125681593.0,189593.0,0.001509657107942872,ok
JP,POPULATION_TOTAL_A,2022,A,2,125063000.0,125124989.0,61989.0,0.0004955393761928356,ok
JP,POPULATION_TOTAL_A,2023,A,2,124482000.0,124516650.0,34650.0,0.00027831476194750454,ok
JP,POPULATION_TOTAL_A,2024,A,2,123890000.0,123975371.0,85371.0,0.0006888497546516895,ok
MX,POPULATION_TOTAL_A,2015,A,2,121072306.0,122368000.0,1295694.0,0.010644860099707564,ok
MX,POPULATION_TOTAL_A,2016,A,2,122251351.0,123587000.0,1335649.0,0.01086607516334992,ok
MX,POPULATION_TOTAL_A,2017,A,2,123400057.0,124777000.0,1376943.0,0.011096456833235797,ok
MX,POPULATION_TOTAL_A,2018,A,2,124573711.0,125996000.0,1422289.0,0.011352441556673224,ok
MX,POPULATION_TOTAL_A,2019,A,2,125762982.0,127216000.0,1453018.0,0.011487262605871344,ok
MX,POPULATION_TOTAL_A,2020,A,2,126799054.0,128209000.0,1409946.0,0.011058050739056266,ok
MX,POPULATION_TOTAL_A,2021,A,2,127648148.0,128983000.0,1334852.0,0.010402883752832685,ok
MX,POPULATION_TOTAL_A,2022,A,2,128613117.0,129961000.0,1347883.0,0.010425505968178555,ok
MX,POPULATION_TOTAL_A,2023,A,2,129739759.0,131135000.0,1395241.0,0.010696634702018067,ok
MX,POPULATION_TOTAL_A,2024,A,2,130861007.0,132274000.0,1412993.0,0.010739680866559879,ok
SA,POPULATION_TOTAL_A,2015,A,2,29816000.0,29816382.0,382.0,1.2811830994777301e-05,ok
SA,POPULATION_TOTAL_A,2016,A,2,30954000.0,30954198.0,198.0,6.396568028034026e-06,ok
SA,POPULATION_TOTAL_A,2017,A,2,30977000.0,30977355.0,355.0,1.1460049902868007e-05,ok
SA,POPULATION_TOTAL_A,2018,A,2,30196000.0,30196281.0,281.0,9.30582502753953e-06,ok
SA,POPULATION_TOTAL_A,2019,A,2,30063799.0,30064000.0,201.0,6.685759443814e-06,ok
SA,POPULATION_TOTAL_A,2020,A,2,31552510.0,31553000.0,490.0,1.5529547261403955e-05,ok
SA,POPULATION_TOTAL_A,2021,A,2,30784000.0,30784383.0,383.0,1.244145067119921e-05,ok
SA,POPULATION_TOTAL_A,2022,A,2,32175000.0,32175224.0,224.0,6.961902727797808e-06,ok
SA,POPULATION_TOTAL_A,2023,A,2,33702731.0,33703000.0,269.0,7.981517179896765e-06,ok
SA,POPULATION_TOTAL_A,2024,A,2,35300000.0,35300280.0,280.0,7.931979873167641e-06,ok
TR,POPULATION_TOTAL_A,2015,A,2,78218000.0,78218479.0,479.0,6.1238913463400055e-06,ok
TR,POPULATION_TOTAL_A,2016,A,2,79277962.0,79278000.0,38.0,4.793260312721637e-07,ok
TR,POPULATION_TOTAL_A,2017,A,2,80312698.0,80313000.0,302.0,3.7602949435899104e-06,ok
TR,POPULATION_TOTAL_A,2018,A,2,81407000.0,81407204.0,204.0,2.5059238689027404e-06,ok
TR,POPULATION_TOTAL_A,2019,A,2,82579000.0,82579440.0,440.0,5.32821695336914e-06,ok
TR,POPULATION_TOTAL_A,2020,A,2,83384680.0,83385000.0,320.0,3.837628038861741e-06,ok
TR,POPULATION_TOTAL_A,2021,A,2,84147000.0,84147318.0,318.0,3.779093718422508e-06,ok
TR,POPULATION_TOTAL_A,2022,A,2,84979913.0,84980000.0,87.0,1.023770822946938e-06,ok
TR,POPULATION_TOTAL_A,2023,A,2,85325965.0,85326000.0,35.0,4.101915849606537e-07,ok
TR,POPULATION_TOTAL_A,2024,A,2,85518000.0,85518661.0,661.0,7.729337045465358e-06,ok
US,POPULATION_TOTAL_A,2015,A,2,320926000.0,321815121.0,889121.0,0.0027666535435500786,ok
US,POPULATION_TOTAL_A,2016,A,2,323221000.0,324353340.0,1132340.0,0.0034971737762184954,ok
US,POPULATION_TOTAL_A,2017,A,2,325280000.0,326608609.0,1328609.0,0.004076184126113484,ok
US,POPULATION_TOTAL_A,2018,A,2,327023000.0,328529577.0,1506577.0,0.004596357493992431,ok
US,POPULATION_TOTAL_A,2019,A,2,328547000.0,330226227.0,1679227.0,0.005098042637971382,ok
US,POPULATION_TOTAL_A,2020,A,2,331307000.0,331577720.0,270720.0,0.0008167936047764082,ok
US,POPULATION_TOTAL_A,2021,A,2,332099760.0,332452000.0,352240.0,0.0010600829647941946,ok
US,POPULATION_TOTAL_A,2022,A,2,334017321.0,334252000.0,234679.0,0.0007023485670382885,ok
US,POPULATION_TOTAL_A,2023,A,2,336806231.0,336962000.0,155769.0,0.00046238155149823325,ok
US,POPULATION_TOTAL_A,2024,A,2,339989000.0,340110988.0,121988.0,0.0003587354864061547,ok
VN,POPULATION_TOTAL_A,2015,A,2,91713000.0,92823254.0,1110254.0,0.012032909262371827,ok
VN,POPULATION_TOTAL_A,2016,A,2,92695000.0,94000117.0,1305117.0,0.013981265508942046,ok
VN,POPULATION_TOTAL_A,2017,A,2,93672000.0,95176977.0,1504977.0,0.015938418347905586,ok
VN,POPULATION_TOTAL_A,2018,A,2,94666000.0,96237319.0,1571319.0,0.016461934849859788,ok
VN,POPULATION_TOTAL_A,2019,A,2,96484000.0,97173776.0,689776.0,0.0071236592121144676,ok
VN,POPULATION_TOTAL_A,2020,A,2,97583000.0,98079191.0,496191.0,0.005071914992508696,ok
VN,POPULATION_TOTAL_A,2021,A,2,98506000.0,98935098.0,429098.0,0.004346592521482027,ok
VN,POPULATION_TOTAL_A,2022,A,2,99462000.0,99680655.0,218655.0,0.0021959634915985227,ok
VN,POPULATION_TOTAL_A,2023,A,2,100309000.0,100352192.0,43192.0,0.0004304967948162094,ok
VN,POPULATION_TOTAL_A,2024,A,2,100987686.0,101300000.0,312314.0,0.003087820184961728,ok
ZA,POPULATION_TOTAL_A,2015,A,2,55669000.0,56723537.0,1054537.0,0.01876524951118418,ok
ZA,POPULATION_TOTAL_A,2016,A,2,56436000.0,57259551.0,823551.0,0.014486952088389104,ok
ZA,POPULATION_TOTAL_A,2017,A,2,57211000.0,57635162.0,424162.0,0.0073866116657864455,ok
ZA,POPULATION_TOTAL_A,2018,A,2,58039000.0,58613001.0,574001.0,0.009841254244751447,ok
ZA,POPULATION_TOTAL_A,2019,A,2,58890000.0,59587885.0,697885.0,0.011780848383645607,ok
ZA,POPULATION_TOTAL_A,2020,A,2,59694000.0,60562381.0,868381.0,0.01444216086961739,ok
ZA,POPULATION_TOTAL_A,2021,A,2,60235000.0,61502603.0,1267603.0,0.020825167717488244,ok
ZA,POPULATION_TOTAL_A,2022,A,2,60867000.0,62378410.0,1511410.0,0.024526836334107696,ok
ZA,POPULATION_TOTAL_A,2023,A,2,61578000.0,63212384.0,1634384.0,0.02619406956869369,ok
ZA,POPULATION_TOTAL_A,2024,A,2,62329000.0,64007187.0,1678187.0,0.026567004115772466,ok
AR,UNEMPLOYMENT_RATE_A,2015,A,2,6.533,7.577,1.0439999999999996,0.14798015591778876,ok
AR,UNEMPLOYMENT_RATE_A,2016,A,2,8.088,8.467,0.37900000000000134,0.045786771368166876,ok
AR,UNEMPLOYMENT_RATE_A,2017,A,2,8.347,8.35,0.0030000000000001137,0.0003593459902976719,ok
AR,UNEMPLOYMENT_RATE_A,2018,A,2,9.2,9.22,0.02000000000000135,0.002171552660152155,ok
AR,UNEMPLOYMENT_RATE_A,2019,A,2,9.825,9.843,0.018000000000000682,0.0018303843807200206,ok
AR,UNEMPLOYMENT_RATE_A,2020,A,2,11.461,11.55,0.08900000000000041,0.007735430880883091,ok
AR,UNEMPLOYMENT_RATE_A,2021,A,2,8.736,8.75,0.013999999999999346,0.001601281024819781,ok
AR,UNEMPLOYMENT_RATE_A,2022,A,2,6.805,6.825,0.020000000000000462,0.0029347028613353576,ok
AR,UNEMPLOYMENT_RATE_A,2023,A,2,6.125,6.139,0.014000000000000234,0.0022831050228310887,ok
AR,UNEMPLOYMENT_RATE_A,2024,A,2,7.15,7.15,0.0,0.0,ok
AR,UNEMPLOYMENT_RATE_A,2025,A,2,7.145,7.4,0.2550000000000008,0.0350635957373669,ok
BR,UNEMPLOYMENT_RATE_A,2015,A,2,8.538,8.625,0.08699999999999974,0.010138087746897366,ok
BR,UNEMPLOYMENT_RATE_A,2016,A,2,11.58,11.6,0.019999999999999574,0.0017256255392579442,ok
BR,UNEMPLOYMENT_RATE_A,2017,A,2,12.792,12.85,0.05799999999999983,0.004523828094532395,ok
BR,UNEMPLOYMENT_RATE_A,2018,A,2,12.329,12.375,0.045999999999999375,0.003724093264248654,ok
BR,UNEMPLOYMENT_RATE_A,2019,A,2,11.936,11.975,0.0389999999999997,0.003262096942829635,ok
BR,UNEMPLOYMENT_RATE_A,2020,A,2,13.697,13.775,0.07800000000000118,0.005678509027373411,ok
BR,UNEMPLOYMENT_RATE_A,2021,A,2,13.158,13.225,0.06700000000000017,0.005079028162074076,ok
BR,UNEMPLOYMENT_RATE_A,2022,A,2,9.231,9.25,0.019000000000000128,0.0020561657918943916,ok
BR,UNEMPLOYMENT_RATE_A,2023,A,2,7.947,7.975,0.02799999999999958,0.0035171460871749253,ok
BR,UNEMPLOYMENT_RATE_A,2024,A,2,6.801,6.925,0.12399999999999967,0.018067900335130362,ok
BR,UNEMPLOYMENT_RATE_A,2025,A,2,5.97,6.027,0.057000000000000384,0.009502375593898538,ok
CN,UNEMPLOYMENT_RATE_A,2017,A,2,4.47,5.0,0.5300000000000002,0.11193241816261887,ok
CN,UNEMPLOYMENT_RATE_A,2018,A,2,4.31,4.93,0.6200000000000001,0.13419913419913423,ok
CN,UNEMPLOYMENT_RATE_A,2019,A,2,4.56,5.15,0.5900000000000007,0.12152420185375916,ok
CN,UNEMPLOYMENT_RATE_A,2020,A,2,5.0,5.617,0.617,0.11622868983705377,ok
CN,UNEMPLOYMENT_RATE_A,2021,A,2,4.55,5.117,0.5670000000000002,0.11730629978276615,ok
CN,UNEMPLOYMENT_RATE_A,2022,A,2,4.98,5.583,0.6029999999999998,0.114172110195967,ok
CN,UNEMPLOYMENT_RATE_A,2023,A,2,4.67,5.217,0.5469999999999997,0.11065034894305648,ok
CN,UNEMPLOYMENT_RATE_A,2024,A,2,4.59,5.117,0.5270000000000001,0.10858143607705781,ok
CN,UNEMPLOYMENT_RATE_A,2025,A,2,4.615,5.1,0.48499999999999943,0.09984559958826546,ok
DE,UNEMPLOYMENT_RATE_A,2015,A,2,4.358,4.612,0.25400000000000045,0.056633221850613265,ok
DE,UNEMPLOYMENT_RATE_A,2016,A,2,3.9,4.104,0.20400000000000018,0.050974512743628235,ok
DE,UNEMPLOYMENT_RATE_A,2017,A,2,3.525,3.781,0.2560000000000002,0.07007938680536552,ok
DE,UNEMPLOYMENT_RATE_A,2018,A,2,3.192,3.384,0.19199999999999973,0.05839416058394152,ok
DE,UNEMPLOYMENT_RATE_A,2019,A,2,2.95,3.163,0.21299999999999963,0.06968755112056262,ok
DE,UNEMPLOYMENT_RATE_A,2020,A,2,3.625,3.881,0.2559999999999998,0.06821209698907535,ok
DE,UNEMPLOYMENT_RATE_A,2021,A,2,3.594,3.6,0.006000000000000227,0.0016680567139283368,ok
DE,UNEMPLOYMENT_RATE_A,2022,A,2,3.137,3.142,0.004999999999999893,0.0015926102882624282,ok
DE,UNEMPLOYMENT_RATE_A,2023,A,2,3.071,3.083,0.01200000000000001,0.0038999025024374426,ok
DE,UNEMPLOYMENT_RATE_A,2024,A,2,3.392,3.4,0.008000000000000007,0.0023557126030624284,ok
DE,UNEMPLOYMENT_RATE_A,2025,A,2,3.711,3.767,0.05600000000000005,0.0149772666488366,ok
ES,UNEMPLOYMENT_RATE_A,2015,A,2,22.057,22.058,0.0010000000000012221,4.5336053496598537e-05,ok
ES,UNEMPLOYMENT_RATE_A,2016,A,2,19.635,19.635,0.0,0.0,ok
ES,UNEMPLOYMENT_RATE_A,2017,A,2,17.224,17.225,0.0010000000000012221,5.805683764412449e-05,ok
ES,UNEMPLOYMENT_RATE_A,2018,A,2,15.255,15.255,0.0,0.0,ok
ES,UNEMPLOYMENT_RATE_A,2019,A,2,14.104,14.105,0.0010000000000012221,7.089935836089349e-05,ok
ES,UNEMPLOYMENT_RATE_A,2020,A,2,15.532,15.533,0.0009999999999994458,6.438113632702049e-05,ok
ES,UNEMPLOYMENT_RATE_A,2021,A,2,14.914,14.92,0.006000000000000227,0.0004022256485888736,ok
ES,UNEMPLOYMENT_RATE_A,2022,A,2,13.033,13.035,0.002000000000000668,0.0001534448365813003,ok
ES,UNEMPLOYMENT_RATE_A,2023,A,2,12.179,12.185,0.006000000000000227,0.0004925299622393882,ok
ES,UNEMPLOYMENT_RATE_A,2024,A,2,11.345,11.4,0.054999999999999716,0.004836227742360933,ok
ES,UNEMPLOYMENT_RATE_A,2025,A,2,10.376,10.508,0.13199999999999967,0.012641256464278843,ok
FR,UNEMPLOYMENT_RATE_A,2015,A,2,10.342,10.354,0.011999999999998678,0.0011596443757246502,ok
FR,UNEMPLOYMENT_RATE_A,2016,A,2,10.057,10.067,0.009999999999999787,0.0009938382031405074,ok
FR,UNEMPLOYMENT_RATE_A,2017,A,2,9.408,9.409,0.0010000000000012221,0.00010628686825755669,ok
FR,UNEMPLOYMENT_RATE_A,2018,A,2,9.018,9.025,0.006999999999999673,0.000775924181122837,ok
FR,UNEMPLOYMENT_RATE_A,2019,A,2,8.415,8.433,0.018000000000000682,0.002136752136752218,ok
FR,UNEMPLOYMENT_RATE_A,2020,A,2,8.009,8.025,0.016000000000000014,0.001995759012099291,ok
FR,UNEMPLOYMENT_RATE_A,2021,A,2,7.867,7.871,0.004000000000000448,0.0005083238022620978,ok
FR,UNEMPLOYMENT_RATE_A,2022,A,2,7.3,7.303,0.0030000000000001137,0.0004108744778470333,ok
FR,UNEMPLOYMENT_RATE_A,2023,A,2,7.335,7.342,0.006999999999999673,0.0009538734073720343,ok
FR,UNEMPLOYMENT_RATE_A,2024,A,2,7.383,7.4,0.017000000000000348,0.0022999391192586546,ok
FR,UNEMPLOYMENT_RATE_A,2025,A,2,7.542,7.608,0.06599999999999984,0.008712871287128693,ok
GB,UNEMPLOYMENT_RATE_A,2015,A,2,5.375,5.552,0.1769999999999996,0.03239681522833342,ok
GB,UNEMPLOYMENT_RATE_A,2016,A,2,4.875,4.909,0.03399999999999981,0.0069501226492231834,ok
GB,UNEMPLOYMENT_RATE_A,2017,A,2,4.425,4.501,0.07600000000000051,0.017028904324445555,ok
GB,UNEMPLOYMENT_RATE_A,2018,A,2,4.075,4.145,0.0699999999999994,0.017031630170316156,ok
GB,UNEMPLOYMENT_RATE_A,2019,A,2,3.657,3.825,0.16800000000000015,0.04490777866880517,ok
GB,UNEMPLOYMENT_RATE_A,2020,A,2,4.472,4.625,0.15299999999999958,0.033637462899857,ok
GB,UNEMPLOYMENT_RATE_A,2021,A,2,4.55,4.864,0.31400000000000006,0.06670915657531337,ok
GB,UNEMPLOYMENT_RATE_A,2022,A,2,3.768,3.8,0.03200000000000003,0.008456659619450324,ok
GB,UNEMPLOYMENT_RATE_A,2023,A,2,4.025,4.05,0.024999999999999467,0.006191950464396153,ok
GB,UNEMPLOYMENT_RATE_A,2024,A,2,4.3,4.361,0.06099999999999994,0.014086133240965235,ok
GB,UNEMPLOYMENT_RATE_A,2025,A,2,4.746,4.85,0.1039999999999992,0.021675698207586327,ok
IN,UNEMPLOYMENT_RATE_A,2019,A,2,6.51,7.484,0.9740000000000002,0.13920251536372735,ok
IN,UNEMPLOYMENT_RATE_A,2020,A,2,7.859,8.662,0.8030000000000008,0.09720961200895839,ok
IN,UNEMPLOYMENT_RATE_A,2021,A,2,6.38,7.365,0.9850000000000003,0.1433248453983267,ok
IN,UNEMPLOYMENT_RATE_A,2022,A,2,4.822,5.3,0.47799999999999976,0.09444773760126453,ok
IT,UNEMPLOYMENT_RATE_A,2015,A,2,11.896,12.033,0.13699999999999868,0.011450541184336886,ok
IT,UNEMPLOYMENT_RATE_A,2016,A,2,11.688,11.717,0.028999999999999915,0.0024781029694509646,ok
IT,UNEMPLOYMENT_RATE_A,2017,A,2,11.211,11.292,0.08099999999999952,0.007199040127982893,ok
IT,UNEMPLOYMENT_RATE_A,2018,A,2,10.538,10.608,0.07000000000000028,0.006620637472808123,ok
IT,UNEMPLOYMENT_RATE_A,2019,A,2,9.884,9.9,0.016000000000000014,0.001617468661544684,ok
IT,UNEMPLOYMENT_RATE_A,2020,A,2,9.192,9.342,0.15000000000000036,0.016186468112657858,ok
IT,UNEMPLOYMENT_RATE_A,2021,A,2,9.497,9.55,0.053000000000000824,0.005565180868378309,ok
IT,UNEMPLOYMENT_RATE_A,2022,A,2,8.069,8.108,0.0389999999999997,0.004821660382023824,ok
IT,UNEMPLOYMENT_RATE_A,2023,A,2,7.627,7.683,0.05600000000000005,0.0073154800783801505,ok
IT,UNEMPLOYMENT_RATE_A,2024,A,2,6.5,6.558,0.05799999999999983,0.00888344310001529,ok
IT,UNEMPLOYMENT_RATE_A,2025,A,2,6.05,6.391,0.3410000000000002,0.05481874447391692,ok
JP,UNEMPLOYMENT_RATE_A,2015,A,2,3.375,3.385,0.009999999999999787,0.0029585798816567418,ok
JP,UNEMPLOYMENT_RATE_A,2016,A,2,3.108,3.132,0.02400000000000002,0.007692307692307699,ok
JP,UNEMPLOYMENT_RATE_A,2017,A,2,2.817,2.822,0.004999999999999893,0.0017733640716438707,ok
JP,UNEMPLOYMENT_RATE_A,2018,A,2,2.433,2.467,0.03400000000000025,0.013877551020408265,ok
JP,UNEMPLOYMENT_RATE_A,2019,A,2,2.351,2.358,0.007000000000000117,0.0029730303673816596,ok
JP,UNEMPLOYMENT_RATE_A,2020,A,2,2.8,2.809,0.009000000000000341,0.003209128186842696,ok
JP,UNEMPLOYMENT_RATE_A,2021,A,2,2.808,2.817,0.009000000000000341,0.003200000000000121,ok
JP,UNEMPLOYMENT_RATE_A,2022,A,2,2.592,2.614,0.021999999999999797,0.00845178640030726,ok
JP,UNEMPLOYMENT_RATE_A,2023,A,2,2.567,2.6,0.03299999999999992,0.012773369460034805,ok
JP,UNEMPLOYMENT_RATE_A,2024,A,2,2.5,2.533,0.03299999999999992,0.013113451221935196,ok
JP,UNEMPLOYMENT_RATE_A,2025,A,2,2.451,2.533,0.08199999999999985,0.03290529695024071,ok
MX,UNEMPLOYMENT_RATE_A,2015,A,2,4.311,4.346,0.03500000000000014,0.00808594201224446,ok
MX,UNEMPLOYMENT_RATE_A,2016,A,2,3.853,3.874,0.020999999999999908,0.0054354859583279165,ok
MX,UNEMPLOYMENT_RATE_A,2017,A,2,3.419,3.423,0.0040000000000000036,0.001169248757673196,ok
MX,UNEMPLOYMENT_RATE_A,2018,A,2,3.275,3.325,0.050000000000000266,0.015151515151515233,ok
MX,UNEMPLOYMENT_RATE_A,2019,A,2,3.477,3.491,0.014000000000000234,0.004018369690011549,ok
MX,UNEMPLOYMENT_RATE_A,2020,A,2,4.409,4.44,0.031000000000000583,0.007006441405808698,ok
MX,UNEMPLOYMENT_RATE_A,2021,A,2,4.019,4.137,0.11799999999999944,0.028935752820009677,ok
MX,UNEMPLOYMENT_RATE_A,2022,A,2,3.256,3.27,0.014000000000000234,0.004290530186944601,ok
MX,UNEMPLOYMENT_RATE_A,2023,A,2,2.765,2.795,0.029999999999999805,0.01079136690647475,ok
MX,UNEMPLOYMENT_RATE_A,2024,A,2,2.671,2.678,0.007000000000000117,0.002617311647036873,ok
MX,UNEMPLOYMENT_RATE_A,2025,A,2,2.647,2.673,0.026000000000000245,0.009774436090225656,ok
SA,UNEMPLOYMENT_RATE_A,2015,A,2,5.591,5.6,0.008999999999999453,0.001608435349834591,ok
SA,UNEMPLOYMENT_RATE_A,2016,A,2,5.6,5.6,0.0,0.0,ok
SA,UNEMPLOYMENT_RATE_A,2017,A,2,5.89,5.9,0.010000000000000675,0.001696352841391124,ok
SA,UNEMPLOYMENT_RATE_A,2018,A,2,6.025,6.029,0.0039999999999995595,0.0006636801061887439,ok
SA,UNEMPLOYMENT_RATE_A,2019,A,2,5.625,5.636,0.01100000000000012,0.0019536453245715514,ok
SA,UNEMPLOYMENT_RATE_A,2020,A,2,7.65,7.66,0.009999999999999787,0.0013063357282821406,ok
SA,UNEMPLOYMENT_RATE_A,2021,A,2,6.125,6.621,0.49600000000000044,0.07782833830221253,ok
SA,UNEMPLOYMENT_RATE_A,2022,A,2,4.875,5.589,0.7140000000000004,0.13646788990825695,ok
SA,UNEMPLOYMENT_RATE_A,2023,A,2,4.0,4.008,0.008000000000000007,0.001998001998002,ok
SA,UNEMPLOYMENT_RATE_A,2024,A,2,3.5,3.518,0.017999999999999794,0.005129666571672783,ok
TR,UNEMPLOYMENT_RATE_A,2015,A,2,10.3,10.304,0.0039999999999995595,0.0003882741215297573,ok
TR,UNEMPLOYMENT_RATE_A,2016,A,2,10.899,10.9,0.0010000000000012221,9.174732785918823e-05,ok
TR,UNEMPLOYMENT_RATE_A,2017,A,2,10.9,10.919,0.019000000000000128,0.001741601356615805,ok
TR,UNEMPLOYMENT_RATE_A,2018,A,2,10.9,10.956,0.05599999999999916,0.005124450951683671,ok
TR,UNEMPLOYMENT_RATE_A,2019,A,2,13.7,13.73,0.030000000000001137,0.0021873860736420806,ok
TR,UNEMPLOYMENT_RATE_A,2020,A,2,13.1,13.148,0.04800000000000004,0.0036574215178299336,ok
TR,UNEMPLOYMENT_RATE_A,2021,A,2,11.969,12.0,0.031000000000000583,0.0025866744545037824,ok
TR,UNEMPLOYMENT_RATE_A,2022,A,2,10.4,10.465,0.0649999999999995,0.0062305295950155284,ok
TR,UNEMPLOYMENT_RATE_A,2023,A,2,9.388,9.4,0.012000000000000455,0.0012774111134767356,ok
TR,UNEMPLOYMENT_RATE_A,2024,A,2,8.7,8.8,0.10000000000000142,0.011428571428571592,ok
TR,UNEMPLOYMENT_RATE_A,2025,A,2,8.3,8.52,0.21999999999999886,0.026159334126040292,ok
US,UNEMPLOYMENT_RATE_A,2015,A,2,5.275,5.28,0.004999999999999893,0.0009474182851728837,ok
US,UNEMPLOYMENT_RATE_A,2016,A,2,4.869,4.875,0.006000000000000227,0.0012315270935961057,ok
US,UNEMPLOYMENT_RATE_A,2017,A,2,4.355,4.358,0.0029999999999992255,0.000688626190749277,ok
US,UNEMPLOYMENT_RATE_A,2018,A,2,3.892,3.896,0.0040000000000000036,0.001027221366204418,ok
US,UNEMPLOYMENT_RATE_A,2019,A,2,3.669,3.675,0.005999999999999783,0.0016339869281045162,ok
US,UNEMPLOYMENT_RATE_A,2020,A,2,8.055,8.1,0.04499999999999993,0.005571030640668514,ok
US,UNEMPLOYMENT_RATE_A,2021,A,2,5.349,5.35,0.0009999999999994458,0.0001869333582576775,ok
US,UNEMPLOYMENT_RATE_A,2022,A,2,3.65,3.65,0.0,0.0,ok
US,UNEMPLOYMENT_RATE_A,2023,A,2,3.625,3.638,0.0129999999999999,0.0035797879664050394,ok
US,UNEMPLOYMENT_RATE_A,2024,A,2,4.022,4.025,0.0030000000000001137,0.0007456194855225832,ok
US,UNEMPLOYMENT_RATE_A,2025,A,2,4.198,4.279,0.08099999999999952,0.019110534387165156,ok
ZA,UNEMPLOYMENT_RATE_A,2015,A,2,25.149,25.35,0.2010000000000005,0.007960553674330205,ok
ZA,UNEMPLOYMENT_RATE_A,2016,A,2,26.536,26.725,0.18900000000000006,0.007097125476427406,ok
ZA,UNEMPLOYMENT_RATE_A,2017,A,2,27.035,27.45,0.41499999999999915,0.015233550518491297,ok
ZA,UNEMPLOYMENT_RATE_A,2018,A,2,26.906,27.125,0.2190000000000012,0.008106457404082886,ok
ZA,UNEMPLOYMENT_RATE_A,2019,A,2,28.468,28.7,0.23199999999999932,0.008116428771340587,ok
ZA,UNEMPLOYMENT_RATE_A,2020,A,2,29.175,29.217,0.04199999999999804,0.0014385532264693122,ok
ZA,UNEMPLOYMENT_RATE_A,2021,A,2,34.007,34.3,0.29299999999999926,0.008578915777299525,ok
ZA,UNEMPLOYMENT_RATE_A,2022,A,2,33.268,33.5,0.23199999999999932,0.006949436855978892,ok
ZA,UNEMPLOYMENT_RATE_A,2023,A,2,32.098,32.375,0.277000000000001,0.008592744249530843,ok
ZA,UNEMPLOYMENT_RATE_A,2024,A,2,32.279,32.6,0.32099999999999795,0.009895343639698451,ok
ZA,UNEMPLOYMENT_RATE_A,2025,A,2,32.35,32.391,0.04099999999999682,0.0012665853168779234,ok
