series_id,country_code,country_iso2,country_iso3,country_name_zh,country_name_en,indicator_code,indicator_name_zh,indicator_name_en,date,frequency,unit,seasonal_adjustment,calculation,value,source_organization,source_dataset,source_indicator_code,source_indicator_name,source_url,last_updated,status,retrieved_at,data_version
US.US_CPI_INDEX_M.FRED,US,US,USA,美国,United States,US_CPI_INDEX_M,美国居民消费价格指数,U.S. Consumer Price Index,2015-01,M,index 1982-1984=100,SA,level,234.747,FRED,Federal Reserve Economic Data,CPIAUCSL,U.S. Consumer Price Index,https://fred.stlouisfed.org/series/CPIAUCSL,2026-06-22,final,2026-06-22 16:46:29,2026-06-22
US.US_CPI_INDEX_M.FRED,US,US,USA,美国,United States,US_CPI_INDEX_M,美国居民消费价格指数,U.S. Consumer Price Index,2015-02,M,index 1982-1984=100,SA,level,235.342,FRED,Federal Reserve Economic Data,CPIAUCSL,U.S. Consumer Price Index,https://fred.stlouisfed.org/series/CPIAUCSL,2026-06-22,final,2026-06-22 16:46:29,2026-06-22
US.US_CPI_INDEX_M.FRED,US,US,USA,美国,United States,US_CPI_INDEX_M,美国居民消费价格指数,U.S. Consumer Price Index,2015-03,M,index 1982-1984=100,SA,level,235.976,FRED,Federal Reserve Economic Data,CPIAUCSL,U.S. Consumer Price Index,https://fred.stlouisfed.org/series/CPIAUCSL,2026-06-22,final,2026-06-22 16:46:29,2026-06-22
US.US_CPI_INDEX_M.FRED,US,US,USA,美国,United States,US_CPI_INDEX_M,美国居民消费价格指数,U.S. Consumer Price Index,2015-04,M,index 1982-1984=100,SA,level,236.222,FRED,Federal Reserve Economic Data,CPIAUCSL,U.S. Consumer Price Index,https://fred.stlouisfed.org/series/CPIAUCSL,2026-06-22,final,2026-06-22 16:46:29,2026-06-22
US.US_CPI_INDEX_M.FRED,US,US,USA,美国,United States,US_CPI_INDEX_M,美国居民消费价格指数,U.S. Consumer Price Index,2015-05,M,index 1982-1984=100,SA,level,237.001,FRED,Federal Reserve Economic Data,CPIAUCSL,U.S. Consumer Price Index,https://fred.stlouisfed.org/series/CPIAUCSL,2026-06-22,final,2026-06-22 16:46:29,2026-06-22
US.US_CPI_INDEX_M.FRED,US,US,USA,美国,United States,US_CPI_INDEX_M,美国居民消费价格指数,U.S. Consumer Price Index,2015-06,M,index 1982-1984=100,SA,level,237.657,FRED,Federal Reserve Economic Data,CPIAUCSL,U.S. Consumer Price Index,https://fred.stlouisfed.org/series/CPIAUCSL,2026-06-22,final,2026-06-22 16:46:29,2026-06-22
US.US_CPI_INDEX_M.FRED,US,US,USA,美国,United States,US_CPI_INDEX_M,美国居民消费价格指数,U.S. Consumer Price Index,2015-07,M,index 1982-1984=100,SA,level,238.034,FRED,Federal Reserve Economic Data,CPIAUCSL,U.S. Consumer Price Index,https://fred.stlouisfed.org/series/CPIAUCSL,2026-06-22,final,2026-06-22 16:46:29,2026-06-22
US.US_CPI_INDEX_M.FRED,US,US,USA,美国,United States,US_CPI_INDEX_M,美国居民消费价格指数,U.S. Consumer Price Index,2015-08,M,index 1982-1984=100,SA,level,238.033,FRED,Federal Reserve Economic Data,CPIAUCSL,U.S. Consumer Price Index,https://fred.stlouisfed.org/series/CPIAUCSL,2026-06-22,final,2026-06-22 16:46:29,2026-06-22
US.US_CPI_INDEX_M.FRED,US,US,USA,美国,United States,US_CPI_INDEX_M,美国居民消费价格指数,U.S. Consumer Price Index,2015-09,M,index 1982-1984=100,SA,level,237.498,FRED,Federal Reserve Economic Data,CPIAUCSL,U.S. Consumer Price Index,https://fred.stlouisfed.org/series/CPIAUCSL,2026-06-22,final,2026-06-22 16:46:29,2026-06-22
US.US_CPI_INDEX_M.FRED,US,US,USA,美国,United States,US_CPI_INDEX_M,美国居民消费价格指数,U.S. Consumer Price Index,2015-10,M,index 1982-1984=100,SA,level,237.733,FRED,Federal Reserve Economic Data,CPIAUCSL,U.S. Consumer Price Index,https://fred.stlouisfed.org/series/CPIAUCSL,2026-06-22,final,2026-06-22 16:46:29,2026-06-22
US.US_CPI_INDEX_M.FRED,US,US,USA,美国,United States,US_CPI_INDEX_M,美国居民消费价格指数,U.S. Consumer Price Index,2015-11,M,index 1982-1984=100,SA,level,238.017,FRED,Federal Reserve Economic Data,CPIAUCSL,U.S. Consumer Price Index,https://fred.stlouisfed.org/series/CPIAUCSL,2026-06-22,final,2026-06-22 16:46:29,2026-06-22
US.US_CPI_INDEX_M.FRED,US,US,USA,美国,United States,US_CPI_INDEX_M,美国居民消费价格指数,U.S. Consumer Price Index,2015-12,M,index 1982-1984=100,SA,level,237.761,FRED,Federal Reserve Economic Data,CPIAUCSL,U.S. Consumer Price Index,https://fred.stlouisfed.org/series/CPIAUCSL,2026-06-22,final,2026-06-22 16:46:29,2026-06-22
US.US_CPI_INDEX_M.FRED,US,US,USA,美国,United States,US_CPI_INDEX_M,美国居民消费价格指数,U.S. Consumer Price Index,2016-01,M,index 1982-1984=100,SA,level,237.652,FRED,Federal Reserve Economic Data,CPIAUCSL,U.S. Consumer Price Index,https://fred.stlouisfed.org/series/CPIAUCSL,2026-06-22,final,2026-06-22 16:46:29,2026-06-22
US.US_CPI_INDEX_M.FRED,US,US,USA,美国,United States,US_CPI_INDEX_M,美国居民消费价格指数,U.S. Consumer Price Index,2016-02,M,index 1982-1984=100,SA,level,237.336,FRED,Federal Reserve Economic Data,CPIAUCSL,U.S. Consumer Price Index,https://fred.stlouisfed.org/series/CPIAUCSL,2026-06-22,final,2026-06-22 16:46:29,2026-06-22
US.US_CPI_INDEX_M.FRED,US,US,USA,美国,United States,US_CPI_INDEX_M,美国居民消费价格指数,U.S. Consumer Price Index,2016-03,M,index 1982-1984=100,SA,level,238.08,FRED,Federal Reserve Economic Data,CPIAUCSL,U.S. Consumer Price Index,https://fred.stlouisfed.org/series/CPIAUCSL,2026-06-22,final,2026-06-22 16:46:29,2026-06-22
US.US_CPI_INDEX_M.FRED,US,US,USA,美国,United States,US_CPI_INDEX_M,美国居民消费价格指数,U.S. Consumer Price Index,2016-04,M,index 1982-1984=100,SA,level,238.992,FRED,Federal Reserve Economic Data,CPIAUCSL,U.S. Consumer Price Index,https://fred.stlouisfed.org/series/CPIAUCSL,2026-06-22,final,2026-06-22 16:46:29,2026-06-22
US.US_CPI_INDEX_M.FRED,US,US,USA,美国,United States,US_CPI_INDEX_M,美国居民消费价格指数,U.S. Consumer Price Index,2016-05,M,index 1982-1984=100,SA,level,239.557,FRED,Federal Reserve Economic Data,CPIAUCSL,U.S. Consumer Price Index,https://fred.stlouisfed.org/series/CPIAUCSL,2026-06-22,final,2026-06-22 16:46:29,2026-06-22
US.US_CPI_INDEX_M.FRED,US,US,USA,美国,United States,US_CPI_INDEX_M,美国居民消费价格指数,U.S. Consumer Price Index,2016-06,M,index 1982-1984=100,SA,level,240.222,FRED,Federal Reserve Economic Data,CPIAUCSL,U.S. Consumer Price Index,https://fred.stlouisfed.org/series/CPIAUCSL,2026-06-22,final,2026-06-22 16:46:29,2026-06-22
US.US_CPI_INDEX_M.FRED,US,US,USA,美国,United States,US_CPI_INDEX_M,美国居民消费价格指数,U.S. Consumer Price Index,2016-07,M,index 1982-1984=100,SA,level,240.101,FRED,Federal Reserve Economic Data,CPIAUCSL,U.S. Consumer Price Index,https://fred.stlouisfed.org/series/CPIAUCSL,2026-06-22,final,2026-06-22 16:46:29,2026-06-22
US.US_CPI_INDEX_M.FRED,US,US,USA,美国,United States,US_CPI_INDEX_M,美国居民消费价格指数,U.S. Consumer Price Index,2016-08,M,index 1982-1984=100,SA,level,240.545,FRED,Federal Reserve Economic Data,CPIAUCSL,U.S. Consumer Price Index,https://fred.stlouisfed.org/series/CPIAUCSL,2026-06-22,final,2026-06-22 16:46:29,2026-06-22
US.US_CPI_INDEX_M.FRED,US,US,USA,美国,United States,US_CPI_INDEX_M,美国居民消费价格指数,U.S. Consumer Price Index,2016-09,M,index 1982-1984=100,SA,level,241.176,FRED,Federal Reserve Economic Data,CPIAUCSL,U.S. Consumer Price Index,https://fred.stlouisfed.org/series/CPIAUCSL,2026-06-22,final,2026-06-22 16:46:29,2026-06-22
US.US_CPI_INDEX_M.FRED,US,US,USA,美国,United States,US_CPI_INDEX_M,美国居民消费价格指数,U.S. Consumer Price Index,2016-10,M,index 1982-1984=100,SA,level,241.741,FRED,Federal Reserve Economic Data,CPIAUCSL,U.S. Consumer Price Index,https://fred.stlouisfed.org/series/CPIAUCSL,2026-06-22,final,2026-06-22 16:46:29,2026-06-22
US.US_CPI_INDEX_M.FRED,US,US,USA,美国,United States,US_CPI_INDEX_M,美国居民消费价格指数,U.S. Consumer Price Index,2016-11,M,index 1982-1984=100,SA,level,242.026,FRED,Federal Reserve Economic Data,CPIAUCSL,U.S. Consumer Price Index,https://fred.stlouisfed.org/series/CPIAUCSL,2026-06-22,final,2026-06-22 16:46:29,2026-06-22
US.US_CPI_INDEX_M.FRED,US,US,USA,美国,United States,US_CPI_INDEX_M,美国居民消费价格指数,U.S. Consumer Price Index,2016-12,M,index 1982-1984=100,SA,level,242.637,FRED,Federal Reserve Economic Data,CPIAUCSL,U.S. Consumer Price Index,https://fred.stlouisfed.org/series/CPIAUCSL,2026-06-22,final,2026-06-22 16:46:29,2026-06-22
US.US_CPI_INDEX_M.FRED,US,US,USA,美国,United States,US_CPI_INDEX_M,美国居民消费价格指数,U.S. Consumer Price Index,2017-01,M,index 1982-1984=100,SA,level,243.618,FRED,Federal Reserve Economic Data,CPIAUCSL,U.S. Consumer Price Index,https://fred.stlouisfed.org/series/CPIAUCSL,2026-06-22,final,2026-06-22 16:46:29,2026-06-22
US.US_CPI_INDEX_M.FRED,US,US,USA,美国,United States,US_CPI_INDEX_M,美国居民消费价格指数,U.S. Consumer Price Index,2017-02,M,index 1982-1984=100,SA,level,244.006,FRED,Federal Reserve Economic Data,CPIAUCSL,U.S. Consumer Price Index,https://fred.stlouisfed.org/series/CPIAUCSL,2026-06-22,final,2026-06-22 16:46:29,2026-06-22
US.US_CPI_INDEX_M.FRED,US,US,USA,美国,United States,US_CPI_INDEX_M,美国居民消费价格指数,U.S. Consumer Price Index,2017-03,M,index 1982-1984=100,SA,level,243.892,FRED,Federal Reserve Economic Data,CPIAUCSL,U.S. Consumer Price Index,https://fred.stlouisfed.org/series/CPIAUCSL,2026-06-22,final,2026-06-22 16:46:29,2026-06-22
US.US_CPI_INDEX_M.FRED,US,US,USA,美国,United States,US_CPI_INDEX_M,美国居民消费价格指数,U.S. Consumer Price Index,2017-04,M,index 1982-1984=100,SA,level,244.193,FRED,Federal Reserve Economic Data,CPIAUCSL,U.S. Consumer Price Index,https://fred.stlouisfed.org/series/CPIAUCSL,2026-06-22,final,2026-06-22 16:46:29,2026-06-22
US.US_CPI_INDEX_M.FRED,US,US,USA,美国,United States,US_CPI_INDEX_M,美国居民消费价格指数,U.S. Consumer Price Index,2017-05,M,index 1982-1984=100,SA,level,244.004,FRED,Federal Reserve Economic Data,CPIAUCSL,U.S. Consumer Price Index,https://fred.stlouisfed.org/series/CPIAUCSL,2026-06-22,final,2026-06-22 16:46:29,2026-06-22
US.US_CPI_INDEX_M.FRED,US,US,USA,美国,United States,US_CPI_INDEX_M,美国居民消费价格指数,U.S. Consumer Price Index,2017-06,M,index 1982-1984=100,SA,level,244.163,FRED,Federal Reserve Economic Data,CPIAUCSL,U.S. Consumer Price Index,https://fred.stlouisfed.org/series/CPIAUCSL,2026-06-22,final,2026-06-22 16:46:29,2026-06-22
US.US_CPI_INDEX_M.FRED,US,US,USA,美国,United States,US_CPI_INDEX_M,美国居民消费价格指数,U.S. Consumer Price Index,2017-07,M,index 1982-1984=100,SA,level,244.243,FRED,Federal Reserve Economic Data,CPIAUCSL,U.S. Consumer Price Index,https://fred.stlouisfed.org/series/CPIAUCSL,2026-06-22,final,2026-06-22 16:46:29,2026-06-22
US.US_CPI_INDEX_M.FRED,US,US,USA,美国,United States,US_CPI_INDEX_M,美国居民消费价格指数,U.S. Consumer Price Index,2017-08,M,index 1982-1984=100,SA,level,245.183,FRED,Federal Reserve Economic Data,CPIAUCSL,U.S. Consumer Price Index,https://fred.stlouisfed.org/series/CPIAUCSL,2026-06-22,final,2026-06-22 16:46:29,2026-06-22
US.US_CPI_INDEX_M.FRED,US,US,USA,美国,United States,US_CPI_INDEX_M,美国居民消费价格指数,U.S. Consumer Price Index,2017-09,M,index 1982-1984=100,SA,level,246.435,FRED,Federal Reserve Economic Data,CPIAUCSL,U.S. Consumer Price Index,https://fred.stlouisfed.org/series/CPIAUCSL,2026-06-22,final,2026-06-22 16:46:29,2026-06-22
US.US_CPI_INDEX_M.FRED,US,US,USA,美国,United States,US_CPI_INDEX_M,美国居民消费价格指数,U.S. Consumer Price Index,2017-10,M,index 1982-1984=100,SA,level,246.626,FRED,Federal Reserve Economic Data,CPIAUCSL,U.S. Consumer Price Index,https://fred.stlouisfed.org/series/CPIAUCSL,2026-06-22,final,2026-06-22 16:46:29,2026-06-22
US.US_CPI_INDEX_M.FRED,US,US,USA,美国,United States,US_CPI_INDEX_M,美国居民消费价格指数,U.S. Consumer Price Index,2017-11,M,index 1982-1984=100,SA,level,247.284,FRED,Federal Reserve Economic Data,CPIAUCSL,U.S. Consumer Price Index,https://fred.stlouisfed.org/series/CPIAUCSL,2026-06-22,final,2026-06-22 16:46:29,2026-06-22
US.US_CPI_INDEX_M.FRED,US,US,USA,美国,United States,US_CPI_INDEX_M,美国居民消费价格指数,U.S. Consumer Price Index,2017-12,M,index 1982-1984=100,SA,level,247.805,FRED,Federal Reserve Economic Data,CPIAUCSL,U.S. Consumer Price Index,https://fred.stlouisfed.org/series/CPIAUCSL,2026-06-22,final,2026-06-22 16:46:29,2026-06-22
US.US_CPI_INDEX_M.FRED,US,US,USA,美国,United States,US_CPI_INDEX_M,美国居民消费价格指数,U.S. Consumer Price Index,2018-01,M,index 1982-1984=100,SA,level,248.859,FRED,Federal Reserve Economic Data,CPIAUCSL,U.S. Consumer Price Index,https://fred.stlouisfed.org/series/CPIAUCSL,2026-06-22,final,2026-06-22 16:46:29,2026-06-22
US.US_CPI_INDEX_M.FRED,US,US,USA,美国,United States,US_CPI_INDEX_M,美国居民消费价格指数,U.S. Consumer Price Index,2018-02,M,index 1982-1984=100,SA,level,249.529,FRED,Federal Reserve Economic Data,CPIAUCSL,U.S. Consumer Price Index,https://fred.stlouisfed.org/series/CPIAUCSL,2026-06-22,final,2026-06-22 16:46:29,2026-06-22
US.US_CPI_INDEX_M.FRED,US,US,USA,美国,United States,US_CPI_INDEX_M,美国居民消费价格指数,U.S. Consumer Price Index,2018-03,M,index 1982-1984=100,SA,level,249.577,FRED,Federal Reserve Economic Data,CPIAUCSL,U.S. Consumer Price Index,https://fred.stlouisfed.org/series/CPIAUCSL,2026-06-22,final,2026-06-22 16:46:29,2026-06-22
US.US_CPI_INDEX_M.FRED,US,US,USA,美国,United States,US_CPI_INDEX_M,美国居民消费价格指数,U.S. Consumer Price Index,2018-04,M,index 1982-1984=100,SA,level,250.227,FRED,Federal Reserve Economic Data,CPIAUCSL,U.S. Consumer Price Index,https://fred.stlouisfed.org/series/CPIAUCSL,2026-06-22,final,2026-06-22 16:46:29,2026-06-22
US.US_CPI_INDEX_M.FRED,US,US,USA,美国,United States,US_CPI_INDEX_M,美国居民消费价格指数,U.S. Consumer Price Index,2018-05,M,index 1982-1984=100,SA,level,250.792,FRED,Federal Reserve Economic Data,CPIAUCSL,U.S. Consumer Price Index,https://fred.stlouisfed.org/series/CPIAUCSL,2026-06-22,final,2026-06-22 16:46:29,2026-06-22
US.US_CPI_INDEX_M.FRED,US,US,USA,美国,United States,US_CPI_INDEX_M,美国居民消费价格指数,U.S. Consumer Price Index,2018-06,M,index 1982-1984=100,SA,level,251.018,FRED,Federal Reserve Economic Data,CPIAUCSL,U.S. Consumer Price Index,https://fred.stlouisfed.org/series/CPIAUCSL,2026-06-22,final,2026-06-22 16:46:29,2026-06-22
US.US_CPI_INDEX_M.FRED,US,US,USA,美国,United States,US_CPI_INDEX_M,美国居民消费价格指数,U.S. Consumer Price Index,2018-07,M,index 1982-1984=100,SA,level,251.214,FRED,Federal Reserve Economic Data,CPIAUCSL,U.S. Consumer Price Index,https://fred.stlouisfed.org/series/CPIAUCSL,2026-06-22,final,2026-06-22 16:46:29,2026-06-22
US.US_CPI_INDEX_M.FRED,US,US,USA,美国,United States,US_CPI_INDEX_M,美国居民消费价格指数,U.S. Consumer Price Index,2018-08,M,index 1982-1984=100,SA,level,251.663,FRED,Federal Reserve Economic Data,CPIAUCSL,U.S. Consumer Price Index,https://fred.stlouisfed.org/series/CPIAUCSL,2026-06-22,final,2026-06-22 16:46:29,2026-06-22
US.US_CPI_INDEX_M.FRED,US,US,USA,美国,United States,US_CPI_INDEX_M,美国居民消费价格指数,U.S. Consumer Price Index,2018-09,M,index 1982-1984=100,SA,level,252.182,FRED,Federal Reserve Economic Data,CPIAUCSL,U.S. Consumer Price Index,https://fred.stlouisfed.org/series/CPIAUCSL,2026-06-22,final,2026-06-22 16:46:29,2026-06-22
US.US_CPI_INDEX_M.FRED,US,US,USA,美国,United States,US_CPI_INDEX_M,美国居民消费价格指数,U.S. Consumer Price Index,2018-10,M,index 1982-1984=100,SA,level,252.772,FRED,Federal Reserve Economic Data,CPIAUCSL,U.S. Consumer Price Index,https://fred.stlouisfed.org/series/CPIAUCSL,2026-06-22,final,2026-06-22 16:46:29,2026-06-22
US.US_CPI_INDEX_M.FRED,US,US,USA,美国,United States,US_CPI_INDEX_M,美国居民消费价格指数,U.S. Consumer Price Index,2018-11,M,index 1982-1984=100,SA,level,252.594,FRED,Federal Reserve Economic Data,CPIAUCSL,U.S. Consumer Price Index,https://fred.stlouisfed.org/series/CPIAUCSL,2026-06-22,final,2026-06-22 16:46:29,2026-06-22
US.US_CPI_INDEX_M.FRED,US,US,USA,美国,United States,US_CPI_INDEX_M,美国居民消费价格指数,U.S. Consumer Price Index,2018-12,M,index 1982-1984=100,SA,level,252.767,FRED,Federal Reserve Economic Data,CPIAUCSL,U.S. Consumer Price Index,https://fred.stlouisfed.org/series/CPIAUCSL,2026-06-22,final,2026-06-22 16:46:29,2026-06-22
US.US_CPI_INDEX_M.FRED,US,US,USA,美国,United States,US_CPI_INDEX_M,美国居民消费价格指数,U.S. Consumer Price Index,2019-01,M,index 1982-1984=100,SA,level,252.561,FRED,Federal Reserve Economic Data,CPIAUCSL,U.S. Consumer Price Index,https://fred.stlouisfed.org/series/CPIAUCSL,2026-06-22,final,2026-06-22 16:46:29,2026-06-22
US.US_CPI_INDEX_M.FRED,US,US,USA,美国,United States,US_CPI_INDEX_M,美国居民消费价格指数,U.S. Consumer Price Index,2019-02,M,index 1982-1984=100,SA,level,253.319,FRED,Federal Reserve Economic Data,CPIAUCSL,U.S. Consumer Price Index,https://fred.stlouisfed.org/series/CPIAUCSL,2026-06-22,final,2026-06-22 16:46:29,2026-06-22
US.US_CPI_INDEX_M.FRED,US,US,USA,美国,United States,US_CPI_INDEX_M,美国居民消费价格指数,U.S. Consumer Price Index,2019-03,M,index 1982-1984=100,SA,level,254.277,FRED,Federal Reserve Economic Data,CPIAUCSL,U.S. Consumer Price Index,https://fred.stlouisfed.org/series/CPIAUCSL,2026-06-22,final,2026-06-22 16:46:29,2026-06-22
US.US_CPI_INDEX_M.FRED,US,US,USA,美国,United States,US_CPI_INDEX_M,美国居民消费价格指数,U.S. Consumer Price Index,2019-04,M,index 1982-1984=100,SA,level,255.233,FRED,Federal Reserve Economic Data,CPIAUCSL,U.S. Consumer Price Index,https://fred.stlouisfed.org/series/CPIAUCSL,2026-06-22,final,2026-06-22 16:46:29,2026-06-22
US.US_CPI_INDEX_M.FRED,US,US,USA,美国,United States,US_CPI_INDEX_M,美国居民消费价格指数,U.S. Consumer Price Index,2019-05,M,index 1982-1984=100,SA,level,255.296,FRED,Federal Reserve Economic Data,CPIAUCSL,U.S. Consumer Price Index,https://fred.stlouisfed.org/series/CPIAUCSL,2026-06-22,final,2026-06-22 16:46:29,2026-06-22
US.US_CPI_INDEX_M.FRED,US,US,USA,美国,United States,US_CPI_INDEX_M,美国居民消费价格指数,U.S. Consumer Price Index,2019-06,M,index 1982-1984=100,SA,level,255.213,FRED,Federal Reserve Economic Data,CPIAUCSL,U.S. Consumer Price Index,https://fred.stlouisfed.org/series/CPIAUCSL,2026-06-22,final,2026-06-22 16:46:29,2026-06-22
US.US_CPI_INDEX_M.FRED,US,US,USA,美国,United States,US_CPI_INDEX_M,美国居民消费价格指数,U.S. Consumer Price Index,2019-07,M,index 1982-1984=100,SA,level,255.802,FRED,Federal Reserve Economic Data,CPIAUCSL,U.S. Consumer Price Index,https://fred.stlouisfed.org/series/CPIAUCSL,2026-06-22,final,2026-06-22 16:46:29,2026-06-22
US.US_CPI_INDEX_M.FRED,US,US,USA,美国,United States,US_CPI_INDEX_M,美国居民消费价格指数,U.S. Consumer Price Index,2019-08,M,index 1982-1984=100,SA,level,256.036,FRED,Federal Reserve Economic Data,CPIAUCSL,U.S. Consumer Price Index,https://fred.stlouisfed.org/series/CPIAUCSL,2026-06-22,final,2026-06-22 16:46:29,2026-06-22
US.US_CPI_INDEX_M.FRED,US,US,USA,美国,United States,US_CPI_INDEX_M,美国居民消费价格指数,U.S. Consumer Price Index,2019-09,M,index 1982-1984=100,SA,level,256.43,FRED,Federal Reserve Economic Data,CPIAUCSL,U.S. Consumer Price Index,https://fred.stlouisfed.org/series/CPIAUCSL,2026-06-22,final,2026-06-22 16:46:29,2026-06-22
US.US_CPI_INDEX_M.FRED,US,US,USA,美国,United States,US_CPI_INDEX_M,美国居民消费价格指数,U.S. Consumer Price Index,2019-10,M,index 1982-1984=100,SA,level,257.155,FRED,Federal Reserve Economic Data,CPIAUCSL,U.S. Consumer Price Index,https://fred.stlouisfed.org/series/CPIAUCSL,2026-06-22,final,2026-06-22 16:46:29,2026-06-22
US.US_CPI_INDEX_M.FRED,US,US,USA,美国,United States,US_CPI_INDEX_M,美国居民消费价格指数,U.S. Consumer Price Index,2019-11,M,index 1982-1984=100,SA,level,257.879,FRED,Federal Reserve Economic Data,CPIAUCSL,U.S. Consumer Price Index,https://fred.stlouisfed.org/series/CPIAUCSL,2026-06-22,final,2026-06-22 16:46:29,2026-06-22
US.US_CPI_INDEX_M.FRED,US,US,USA,美国,United States,US_CPI_INDEX_M,美国居民消费价格指数,U.S. Consumer Price Index,2019-12,M,index 1982-1984=100,SA,level,258.63,FRED,Federal Reserve Economic Data,CPIAUCSL,U.S. Consumer Price Index,https://fred.stlouisfed.org/series/CPIAUCSL,2026-06-22,final,2026-06-22 16:46:29,2026-06-22
US.US_CPI_INDEX_M.FRED,US,US,USA,美国,United States,US_CPI_INDEX_M,美国居民消费价格指数,U.S. Consumer Price Index,2020-01,M,index 1982-1984=100,SA,level,259.127,FRED,Federal Reserve Economic Data,CPIAUCSL,U.S. Consumer Price Index,https://fred.stlouisfed.org/series/CPIAUCSL,2026-06-22,final,2026-06-22 16:46:29,2026-06-22
US.US_CPI_INDEX_M.FRED,US,US,USA,美国,United States,US_CPI_INDEX_M,美国居民消费价格指数,U.S. Consumer Price Index,2020-02,M,index 1982-1984=100,SA,level,259.25,FRED,Federal Reserve Economic Data,CPIAUCSL,U.S. Consumer Price Index,https://fred.stlouisfed.org/series/CPIAUCSL,2026-06-22,final,2026-06-22 16:46:29,2026-06-22
US.US_CPI_INDEX_M.FRED,US,US,USA,美国,United States,US_CPI_INDEX_M,美国居民消费价格指数,U.S. Consumer Price Index,2020-03,M,index 1982-1984=100,SA,level,258.076,FRED,Federal Reserve Economic Data,CPIAUCSL,U.S. Consumer Price Index,https://fred.stlouisfed.org/series/CPIAUCSL,2026-06-22,final,2026-06-22 16:46:29,2026-06-22
US.US_CPI_INDEX_M.FRED,US,US,USA,美国,United States,US_CPI_INDEX_M,美国居民消费价格指数,U.S. Consumer Price Index,2020-04,M,index 1982-1984=100,SA,level,256.032,FRED,Federal Reserve Economic Data,CPIAUCSL,U.S. Consumer Price Index,https://fred.stlouisfed.org/series/CPIAUCSL,2026-06-22,final,2026-06-22 16:46:29,2026-06-22
US.US_CPI_INDEX_M.FRED,US,US,USA,美国,United States,US_CPI_INDEX_M,美国居民消费价格指数,U.S. Consumer Price Index,2020-05,M,index 1982-1984=100,SA,level,255.802,FRED,Federal Reserve Economic Data,CPIAUCSL,U.S. Consumer Price Index,https://fred.stlouisfed.org/series/CPIAUCSL,2026-06-22,final,2026-06-22 16:46:29,2026-06-22
US.US_CPI_INDEX_M.FRED,US,US,USA,美国,United States,US_CPI_INDEX_M,美国居民消费价格指数,U.S. Consumer Price Index,2020-06,M,index 1982-1984=100,SA,level,257.042,FRED,Federal Reserve Economic Data,CPIAUCSL,U.S. Consumer Price Index,https://fred.stlouisfed.org/series/CPIAUCSL,2026-06-22,final,2026-06-22 16:46:29,2026-06-22
US.US_CPI_INDEX_M.FRED,US,US,USA,美国,United States,US_CPI_INDEX_M,美国居民消费价格指数,U.S. Consumer Price Index,2020-07,M,index 1982-1984=100,SA,level,258.352,FRED,Federal Reserve Economic Data,CPIAUCSL,U.S. Consumer Price Index,https://fred.stlouisfed.org/series/CPIAUCSL,2026-06-22,final,2026-06-22 16:46:29,2026-06-22
US.US_CPI_INDEX_M.FRED,US,US,USA,美国,United States,US_CPI_INDEX_M,美国居民消费价格指数,U.S. Consumer Price Index,2020-08,M,index 1982-1984=100,SA,level,259.316,FRED,Federal Reserve Economic Data,CPIAUCSL,U.S. Consumer Price Index,https://fred.stlouisfed.org/series/CPIAUCSL,2026-06-22,final,2026-06-22 16:46:29,2026-06-22
US.US_CPI_INDEX_M.FRED,US,US,USA,美国,United States,US_CPI_INDEX_M,美国居民消费价格指数,U.S. Consumer Price Index,2020-09,M,index 1982-1984=100,SA,level,259.997,FRED,Federal Reserve Economic Data,CPIAUCSL,U.S. Consumer Price Index,https://fred.stlouisfed.org/series/CPIAUCSL,2026-06-22,final,2026-06-22 16:46:29,2026-06-22
US.US_CPI_INDEX_M.FRED,US,US,USA,美国,United States,US_CPI_INDEX_M,美国居民消费价格指数,U.S. Consumer Price Index,2020-10,M,index 1982-1984=100,SA,level,260.319,FRED,Federal Reserve Economic Data,CPIAUCSL,U.S. Consumer Price Index,https://fred.stlouisfed.org/series/CPIAUCSL,2026-06-22,final,2026-06-22 16:46:29,2026-06-22
US.US_CPI_INDEX_M.FRED,US,US,USA,美国,United States,US_CPI_INDEX_M,美国居民消费价格指数,U.S. Consumer Price Index,2020-11,M,index 1982-1984=100,SA,level,260.911,FRED,Federal Reserve Economic Data,CPIAUCSL,U.S. Consumer Price Index,https://fred.stlouisfed.org/series/CPIAUCSL,2026-06-22,final,2026-06-22 16:46:29,2026-06-22
US.US_CPI_INDEX_M.FRED,US,US,USA,美国,United States,US_CPI_INDEX_M,美国居民消费价格指数,U.S. Consumer Price Index,2020-12,M,index 1982-1984=100,SA,level,262.045,FRED,Federal Reserve Economic Data,CPIAUCSL,U.S. Consumer Price Index,https://fred.stlouisfed.org/series/CPIAUCSL,2026-06-22,final,2026-06-22 16:46:29,2026-06-22
US.US_CPI_INDEX_M.FRED,US,US,USA,美国,United States,US_CPI_INDEX_M,美国居民消费价格指数,U.S. Consumer Price Index,2021-01,M,index 1982-1984=100,SA,level,262.687,FRED,Federal Reserve Economic Data,CPIAUCSL,U.S. Consumer Price Index,https://fred.stlouisfed.org/series/CPIAUCSL,2026-06-22,final,2026-06-22 16:46:29,2026-06-22
US.US_CPI_INDEX_M.FRED,US,US,USA,美国,United States,US_CPI_INDEX_M,美国居民消费价格指数,U.S. Consumer Price Index,2021-02,M,index 1982-1984=100,SA,level,263.579,FRED,Federal Reserve Economic Data,CPIAUCSL,U.S. Consumer Price Index,https://fred.stlouisfed.org/series/CPIAUCSL,2026-06-22,final,2026-06-22 16:46:29,2026-06-22
US.US_CPI_INDEX_M.FRED,US,US,USA,美国,United States,US_CPI_INDEX_M,美国居民消费价格指数,U.S. Consumer Price Index,2021-03,M,index 1982-1984=100,SA,level,264.961,FRED,Federal Reserve Economic Data,CPIAUCSL,U.S. Consumer Price Index,https://fred.stlouisfed.org/series/CPIAUCSL,2026-06-22,final,2026-06-22 16:46:29,2026-06-22
US.US_CPI_INDEX_M.FRED,US,US,USA,美国,United States,US_CPI_INDEX_M,美国居民消费价格指数,U.S. Consumer Price Index,2021-04,M,index 1982-1984=100,SA,level,266.614,FRED,Federal Reserve Economic Data,CPIAUCSL,U.S. Consumer Price Index,https://fred.stlouisfed.org/series/CPIAUCSL,2026-06-22,final,2026-06-22 16:46:29,2026-06-22
US.US_CPI_INDEX_M.FRED,US,US,USA,美国,United States,US_CPI_INDEX_M,美国居民消费价格指数,U.S. Consumer Price Index,2021-05,M,index 1982-1984=100,SA,level,268.383,FRED,Federal Reserve Economic Data,CPIAUCSL,U.S. Consumer Price Index,https://fred.stlouisfed.org/series/CPIAUCSL,2026-06-22,final,2026-06-22 16:46:29,2026-06-22
US.US_CPI_INDEX_M.FRED,US,US,USA,美国,United States,US_CPI_INDEX_M,美国居民消费价格指数,U.S. Consumer Price Index,2021-06,M,index 1982-1984=100,SA,level,270.654,FRED,Federal Reserve Economic Data,CPIAUCSL,U.S. Consumer Price Index,https://fred.stlouisfed.org/series/CPIAUCSL,2026-06-22,final,2026-06-22 16:46:29,2026-06-22
US.US_CPI_INDEX_M.FRED,US,US,USA,美国,United States,US_CPI_INDEX_M,美国居民消费价格指数,U.S. Consumer Price Index,2021-07,M,index 1982-1984=100,SA,level,271.903,FRED,Federal Reserve Economic Data,CPIAUCSL,U.S. Consumer Price Index,https://fred.stlouisfed.org/series/CPIAUCSL,2026-06-22,final,2026-06-22 16:46:29,2026-06-22
US.US_CPI_INDEX_M.FRED,US,US,USA,美国,United States,US_CPI_INDEX_M,美国居民消费价格指数,U.S. Consumer Price Index,2021-08,M,index 1982-1984=100,SA,level,272.676,FRED,Federal Reserve Economic Data,CPIAUCSL,U.S. Consumer Price Index,https://fred.stlouisfed.org/series/CPIAUCSL,2026-06-22,final,2026-06-22 16:46:29,2026-06-22
US.US_CPI_INDEX_M.FRED,US,US,USA,美国,United States,US_CPI_INDEX_M,美国居民消费价格指数,U.S. Consumer Price Index,2021-09,M,index 1982-1984=100,SA,level,273.91,FRED,Federal Reserve Economic Data,CPIAUCSL,U.S. Consumer Price Index,https://fred.stlouisfed.org/series/CPIAUCSL,2026-06-22,final,2026-06-22 16:46:29,2026-06-22
US.US_CPI_INDEX_M.FRED,US,US,USA,美国,United States,US_CPI_INDEX_M,美国居民消费价格指数,U.S. Consumer Price Index,2021-10,M,index 1982-1984=100,SA,level,276.55,FRED,Federal Reserve Economic Data,CPIAUCSL,U.S. Consumer Price Index,https://fred.stlouisfed.org/series/CPIAUCSL,2026-06-22,final,2026-06-22 16:46:29,2026-06-22
US.US_CPI_INDEX_M.FRED,US,US,USA,美国,United States,US_CPI_INDEX_M,美国居民消费价格指数,U.S. Consumer Price Index,2021-11,M,index 1982-1984=100,SA,level,278.919,FRED,Federal Reserve Economic Data,CPIAUCSL,U.S. Consumer Price Index,https://fred.stlouisfed.org/series/CPIAUCSL,2026-06-22,final,2026-06-22 16:46:29,2026-06-22
US.US_CPI_INDEX_M.FRED,US,US,USA,美国,United States,US_CPI_INDEX_M,美国居民消费价格指数,U.S. Consumer Price Index,2021-12,M,index 1982-1984=100,SA,level,280.845,FRED,Federal Reserve Economic Data,CPIAUCSL,U.S. Consumer Price Index,https://fred.stlouisfed.org/series/CPIAUCSL,2026-06-22,final,2026-06-22 16:46:29,2026-06-22
US.US_CPI_INDEX_M.FRED,US,US,USA,美国,United States,US_CPI_INDEX_M,美国居民消费价格指数,U.S. Consumer Price Index,2022-01,M,index 1982-1984=100,SA,level,282.543,FRED,Federal Reserve Economic Data,CPIAUCSL,U.S. Consumer Price Index,https://fred.stlouisfed.org/series/CPIAUCSL,2026-06-22,final,2026-06-22 16:46:29,2026-06-22
US.US_CPI_INDEX_M.FRED,US,US,USA,美国,United States,US_CPI_INDEX_M,美国居民消费价格指数,U.S. Consumer Price Index,2022-02,M,index 1982-1984=100,SA,level,284.5,FRED,Federal Reserve Economic Data,CPIAUCSL,U.S. Consumer Price Index,https://fred.stlouisfed.org/series/CPIAUCSL,2026-06-22,final,2026-06-22 16:46:29,2026-06-22
US.US_CPI_INDEX_M.FRED,US,US,USA,美国,United States,US_CPI_INDEX_M,美国居民消费价格指数,U.S. Consumer Price Index,2022-03,M,index 1982-1984=100,SA,level,287.674,FRED,Federal Reserve Economic Data,CPIAUCSL,U.S. Consumer Price Index,https://fred.stlouisfed.org/series/CPIAUCSL,2026-06-22,final,2026-06-22 16:46:29,2026-06-22
US.US_CPI_INDEX_M.FRED,US,US,USA,美国,United States,US_CPI_INDEX_M,美国居民消费价格指数,U.S. Consumer Price Index,2022-04,M,index 1982-1984=100,SA,level,288.561,FRED,Federal Reserve Economic Data,CPIAUCSL,U.S. Consumer Price Index,https://fred.stlouisfed.org/series/CPIAUCSL,2026-06-22,final,2026-06-22 16:46:29,2026-06-22
US.US_CPI_INDEX_M.FRED,US,US,USA,美国,United States,US_CPI_INDEX_M,美国居民消费价格指数,U.S. Consumer Price Index,2022-05,M,index 1982-1984=100,SA,level,291.298,FRED,Federal Reserve Economic Data,CPIAUCSL,U.S. Consumer Price Index,https://fred.stlouisfed.org/series/CPIAUCSL,2026-06-22,final,2026-06-22 16:46:29,2026-06-22
US.US_CPI_INDEX_M.FRED,US,US,USA,美国,United States,US_CPI_INDEX_M,美国居民消费价格指数,U.S. Consumer Price Index,2022-06,M,index 1982-1984=100,SA,level,294.957,FRED,Federal Reserve Economic Data,CPIAUCSL,U.S. Consumer Price Index,https://fred.stlouisfed.org/series/CPIAUCSL,2026-06-22,final,2026-06-22 16:46:29,2026-06-22
US.US_CPI_INDEX_M.FRED,US,US,USA,美国,United States,US_CPI_INDEX_M,美国居民消费价格指数,U.S. Consumer Price Index,2022-07,M,index 1982-1984=100,SA,level,294.913,FRED,Federal Reserve Economic Data,CPIAUCSL,U.S. Consumer Price Index,https://fred.stlouisfed.org/series/CPIAUCSL,2026-06-22,final,2026-06-22 16:46:29,2026-06-22
US.US_CPI_INDEX_M.FRED,US,US,USA,美国,United States,US_CPI_INDEX_M,美国居民消费价格指数,U.S. Consumer Price Index,2022-08,M,index 1982-1984=100,SA,level,295.097,FRED,Federal Reserve Economic Data,CPIAUCSL,U.S. Consumer Price Index,https://fred.stlouisfed.org/series/CPIAUCSL,2026-06-22,final,2026-06-22 16:46:29,2026-06-22
US.US_CPI_INDEX_M.FRED,US,US,USA,美国,United States,US_CPI_INDEX_M,美国居民消费价格指数,U.S. Consumer Price Index,2022-09,M,index 1982-1984=100,SA,level,296.349,FRED,Federal Reserve Economic Data,CPIAUCSL,U.S. Consumer Price Index,https://fred.stlouisfed.org/series/CPIAUCSL,2026-06-22,final,2026-06-22 16:46:29,2026-06-22
US.US_CPI_INDEX_M.FRED,US,US,USA,美国,United States,US_CPI_INDEX_M,美国居民消费价格指数,U.S. Consumer Price Index,2022-10,M,index 1982-1984=100,SA,level,298.007,FRED,Federal Reserve Economic Data,CPIAUCSL,U.S. Consumer Price Index,https://fred.stlouisfed.org/series/CPIAUCSL,2026-06-22,final,2026-06-22 16:46:29,2026-06-22
US.US_CPI_INDEX_M.FRED,US,US,USA,美国,United States,US_CPI_INDEX_M,美国居民消费价格指数,U.S. Consumer Price Index,2022-11,M,index 1982-1984=100,SA,level,298.786,FRED,Federal Reserve Economic Data,CPIAUCSL,U.S. Consumer Price Index,https://fred.stlouisfed.org/series/CPIAUCSL,2026-06-22,final,2026-06-22 16:46:29,2026-06-22
US.US_CPI_INDEX_M.FRED,US,US,USA,美国,United States,US_CPI_INDEX_M,美国居民消费价格指数,U.S. Consumer Price Index,2022-12,M,index 1982-1984=100,SA,level,298.832,FRED,Federal Reserve Economic Data,CPIAUCSL,U.S. Consumer Price Index,https://fred.stlouisfed.org/series/CPIAUCSL,2026-06-22,final,2026-06-22 16:46:29,2026-06-22
US.US_CPI_INDEX_M.FRED,US,US,USA,美国,United States,US_CPI_INDEX_M,美国居民消费价格指数,U.S. Consumer Price Index,2023-01,M,index 1982-1984=100,SA,level,300.42,FRED,Federal Reserve Economic Data,CPIAUCSL,U.S. Consumer Price Index,https://fred.stlouisfed.org/series/CPIAUCSL,2026-06-22,final,2026-06-22 16:46:29,2026-06-22
US.US_CPI_INDEX_M.FRED,US,US,USA,美国,United States,US_CPI_INDEX_M,美国居民消费价格指数,U.S. Consumer Price Index,2023-02,M,index 1982-1984=100,SA,level,301.45,FRED,Federal Reserve Economic Data,CPIAUCSL,U.S. Consumer Price Index,https://fred.stlouisfed.org/series/CPIAUCSL,2026-06-22,final,2026-06-22 16:46:29,2026-06-22
US.US_CPI_INDEX_M.FRED,US,US,USA,美国,United States,US_CPI_INDEX_M,美国居民消费价格指数,U.S. Consumer Price Index,2023-03,M,index 1982-1984=100,SA,level,301.821,FRED,Federal Reserve Economic Data,CPIAUCSL,U.S. Consumer Price Index,https://fred.stlouisfed.org/series/CPIAUCSL,2026-06-22,final,2026-06-22 16:46:29,2026-06-22
US.US_CPI_INDEX_M.FRED,US,US,USA,美国,United States,US_CPI_INDEX_M,美国居民消费价格指数,U.S. Consumer Price Index,2023-04,M,index 1982-1984=100,SA,level,302.845,FRED,Federal Reserve Economic Data,CPIAUCSL,U.S. Consumer Price Index,https://fred.stlouisfed.org/series/CPIAUCSL,2026-06-22,final,2026-06-22 16:46:29,2026-06-22
US.US_CPI_INDEX_M.FRED,US,US,USA,美国,United States,US_CPI_INDEX_M,美国居民消费价格指数,U.S. Consumer Price Index,2023-05,M,index 1982-1984=100,SA,level,303.334,FRED,Federal Reserve Economic Data,CPIAUCSL,U.S. Consumer Price Index,https://fred.stlouisfed.org/series/CPIAUCSL,2026-06-22,final,2026-06-22 16:46:29,2026-06-22
US.US_CPI_INDEX_M.FRED,US,US,USA,美国,United States,US_CPI_INDEX_M,美国居民消费价格指数,U.S. Consumer Price Index,2023-06,M,index 1982-1984=100,SA,level,304.014,FRED,Federal Reserve Economic Data,CPIAUCSL,U.S. Consumer Price Index,https://fred.stlouisfed.org/series/CPIAUCSL,2026-06-22,final,2026-06-22 16:46:29,2026-06-22
US.US_CPI_INDEX_M.FRED,US,US,USA,美国,United States,US_CPI_INDEX_M,美国居民消费价格指数,U.S. Consumer Price Index,2023-07,M,index 1982-1984=100,SA,level,304.609,FRED,Federal Reserve Economic Data,CPIAUCSL,U.S. Consumer Price Index,https://fred.stlouisfed.org/series/CPIAUCSL,2026-06-22,final,2026-06-22 16:46:29,2026-06-22
US.US_CPI_INDEX_M.FRED,US,US,USA,美国,United States,US_CPI_INDEX_M,美国居民消费价格指数,U.S. Consumer Price Index,2023-08,M,index 1982-1984=100,SA,level,306.082,FRED,Federal Reserve Economic Data,CPIAUCSL,U.S. Consumer Price Index,https://fred.stlouisfed.org/series/CPIAUCSL,2026-06-22,final,2026-06-22 16:46:29,2026-06-22
US.US_CPI_INDEX_M.FRED,US,US,USA,美国,United States,US_CPI_INDEX_M,美国居民消费价格指数,U.S. Consumer Price Index,2023-09,M,index 1982-1984=100,SA,level,307.276,FRED,Federal Reserve Economic Data,CPIAUCSL,U.S. Consumer Price Index,https://fred.stlouisfed.org/series/CPIAUCSL,2026-06-22,final,2026-06-22 16:46:29,2026-06-22
US.US_CPI_INDEX_M.FRED,US,US,USA,美国,United States,US_CPI_INDEX_M,美国居民消费价格指数,U.S. Consumer Price Index,2023-10,M,index 1982-1984=100,SA,level,307.696,FRED,Federal Reserve Economic Data,CPIAUCSL,U.S. Consumer Price Index,https://fred.stlouisfed.org/series/CPIAUCSL,2026-06-22,final,2026-06-22 16:46:29,2026-06-22
US.US_CPI_INDEX_M.FRED,US,US,USA,美国,United States,US_CPI_INDEX_M,美国居民消费价格指数,U.S. Consumer Price Index,2023-11,M,index 1982-1984=100,SA,level,308.148,FRED,Federal Reserve Economic Data,CPIAUCSL,U.S. Consumer Price Index,https://fred.stlouisfed.org/series/CPIAUCSL,2026-06-22,final,2026-06-22 16:46:29,2026-06-22
US.US_CPI_INDEX_M.FRED,US,US,USA,美国,United States,US_CPI_INDEX_M,美国居民消费价格指数,U.S. Consumer Price Index,2023-12,M,index 1982-1984=100,SA,level,308.741,FRED,Federal Reserve Economic Data,CPIAUCSL,U.S. Consumer Price Index,https://fred.stlouisfed.org/series/CPIAUCSL,2026-06-22,final,2026-06-22 16:46:29,2026-06-22
US.US_CPI_INDEX_M.FRED,US,US,USA,美国,United States,US_CPI_INDEX_M,美国居民消费价格指数,U.S. Consumer Price Index,2024-01,M,index 1982-1984=100,SA,level,309.698,FRED,Federal Reserve Economic Data,CPIAUCSL,U.S. Consumer Price Index,https://fred.stlouisfed.org/series/CPIAUCSL,2026-06-22,final,2026-06-22 16:46:29,2026-06-22
US.US_CPI_INDEX_M.FRED,US,US,USA,美国,United States,US_CPI_INDEX_M,美国居民消费价格指数,U.S. Consumer Price Index,2024-02,M,index 1982-1984=100,SA,level,310.967,FRED,Federal Reserve Economic Data,CPIAUCSL,U.S. Consumer Price Index,https://fred.stlouisfed.org/series/CPIAUCSL,2026-06-22,final,2026-06-22 16:46:29,2026-06-22
US.US_CPI_INDEX_M.FRED,US,US,USA,美国,United States,US_CPI_INDEX_M,美国居民消费价格指数,U.S. Consumer Price Index,2024-03,M,index 1982-1984=100,SA,level,312.345,FRED,Federal Reserve Economic Data,CPIAUCSL,U.S. Consumer Price Index,https://fred.stlouisfed.org/series/CPIAUCSL,2026-06-22,final,2026-06-22 16:46:29,2026-06-22
US.US_CPI_INDEX_M.FRED,US,US,USA,美国,United States,US_CPI_INDEX_M,美国居民消费价格指数,U.S. Consumer Price Index,2024-04,M,index 1982-1984=100,SA,level,313.023,FRED,Federal Reserve Economic Data,CPIAUCSL,U.S. Consumer Price Index,https://fred.stlouisfed.org/series/CPIAUCSL,2026-06-22,final,2026-06-22 16:46:29,2026-06-22
US.US_CPI_INDEX_M.FRED,US,US,USA,美国,United States,US_CPI_INDEX_M,美国居民消费价格指数,U.S. Consumer Price Index,2024-05,M,index 1982-1984=100,SA,level,313.175,FRED,Federal Reserve Economic Data,CPIAUCSL,U.S. Consumer Price Index,https://fred.stlouisfed.org/series/CPIAUCSL,2026-06-22,final,2026-06-22 16:46:29,2026-06-22
US.US_CPI_INDEX_M.FRED,US,US,USA,美国,United States,US_CPI_INDEX_M,美国居民消费价格指数,U.S. Consumer Price Index,2024-06,M,index 1982-1984=100,SA,level,313.044,FRED,Federal Reserve Economic Data,CPIAUCSL,U.S. Consumer Price Index,https://fred.stlouisfed.org/series/CPIAUCSL,2026-06-22,final,2026-06-22 16:46:29,2026-06-22
US.US_CPI_INDEX_M.FRED,US,US,USA,美国,United States,US_CPI_INDEX_M,美国居民消费价格指数,U.S. Consumer Price Index,2024-07,M,index 1982-1984=100,SA,level,313.569,FRED,Federal Reserve Economic Data,CPIAUCSL,U.S. Consumer Price Index,https://fred.stlouisfed.org/series/CPIAUCSL,2026-06-22,final,2026-06-22 16:46:29,2026-06-22
US.US_CPI_INDEX_M.FRED,US,US,USA,美国,United States,US_CPI_INDEX_M,美国居民消费价格指数,U.S. Consumer Price Index,2024-08,M,index 1982-1984=100,SA,level,314.062,FRED,Federal Reserve Economic Data,CPIAUCSL,U.S. Consumer Price Index,https://fred.stlouisfed.org/series/CPIAUCSL,2026-06-22,final,2026-06-22 16:46:29,2026-06-22
US.US_CPI_INDEX_M.FRED,US,US,USA,美国,United States,US_CPI_INDEX_M,美国居民消费价格指数,U.S. Consumer Price Index,2024-09,M,index 1982-1984=100,SA,level,314.732,FRED,Federal Reserve Economic Data,CPIAUCSL,U.S. Consumer Price Index,https://fred.stlouisfed.org/series/CPIAUCSL,2026-06-22,final,2026-06-22 16:46:29,2026-06-22
US.US_CPI_INDEX_M.FRED,US,US,USA,美国,United States,US_CPI_INDEX_M,美国居民消费价格指数,U.S. Consumer Price Index,2024-10,M,index 1982-1984=100,SA,level,315.631,FRED,Federal Reserve Economic Data,CPIAUCSL,U.S. Consumer Price Index,https://fred.stlouisfed.org/series/CPIAUCSL,2026-06-22,final,2026-06-22 16:46:29,2026-06-22
US.US_CPI_INDEX_M.FRED,US,US,USA,美国,United States,US_CPI_INDEX_M,美国居民消费价格指数,U.S. Consumer Price Index,2024-11,M,index 1982-1984=100,SA,level,316.528,FRED,Federal Reserve Economic Data,CPIAUCSL,U.S. Consumer Price Index,https://fred.stlouisfed.org/series/CPIAUCSL,2026-06-22,final,2026-06-22 16:46:29,2026-06-22
US.US_CPI_INDEX_M.FRED,US,US,USA,美国,United States,US_CPI_INDEX_M,美国居民消费价格指数,U.S. Consumer Price Index,2024-12,M,index 1982-1984=100,SA,level,317.604,FRED,Federal Reserve Economic Data,CPIAUCSL,U.S. Consumer Price Index,https://fred.stlouisfed.org/series/CPIAUCSL,2026-06-22,final,2026-06-22 16:46:29,2026-06-22
US.US_CPI_INDEX_M.FRED,US,US,USA,美国,United States,US_CPI_INDEX_M,美国居民消费价格指数,U.S. Consumer Price Index,2025-01,M,index 1982-1984=100,SA,level,318.961,FRED,Federal Reserve Economic Data,CPIAUCSL,U.S. Consumer Price Index,https://fred.stlouisfed.org/series/CPIAUCSL,2026-06-22,final,2026-06-22 16:46:29,2026-06-22
US.US_CPI_INDEX_M.FRED,US,US,USA,美国,United States,US_CPI_INDEX_M,美国居民消费价格指数,U.S. Consumer Price Index,2025-02,M,index 1982-1984=100,SA,level,319.679,FRED,Federal Reserve Economic Data,CPIAUCSL,U.S. Consumer Price Index,https://fred.stlouisfed.org/series/CPIAUCSL,2026-06-22,final,2026-06-22 16:46:29,2026-06-22
US.US_CPI_INDEX_M.FRED,US,US,USA,美国,United States,US_CPI_INDEX_M,美国居民消费价格指数,U.S. Consumer Price Index,2025-03,M,index 1982-1984=100,SA,level,319.785,FRED,Federal Reserve Economic Data,CPIAUCSL,U.S. Consumer Price Index,https://fred.stlouisfed.org/series/CPIAUCSL,2026-06-22,final,2026-06-22 16:46:29,2026-06-22
US.US_CPI_INDEX_M.FRED,US,US,USA,美国,United States,US_CPI_INDEX_M,美国居民消费价格指数,U.S. Consumer Price Index,2025-04,M,index 1982-1984=100,SA,level,320.302,FRED,Federal Reserve Economic Data,CPIAUCSL,U.S. Consumer Price Index,https://fred.stlouisfed.org/series/CPIAUCSL,2026-06-22,final,2026-06-22 16:46:29,2026-06-22
US.US_CPI_INDEX_M.FRED,US,US,USA,美国,United States,US_CPI_INDEX_M,美国居民消费价格指数,U.S. Consumer Price Index,2025-05,M,index 1982-1984=100,SA,level,320.62,FRED,Federal Reserve Economic Data,CPIAUCSL,U.S. Consumer Price Index,https://fred.stlouisfed.org/series/CPIAUCSL,2026-06-22,final,2026-06-22 16:46:29,2026-06-22
US.US_CPI_INDEX_M.FRED,US,US,USA,美国,United States,US_CPI_INDEX_M,美国居民消费价格指数,U.S. Consumer Price Index,2025-06,M,index 1982-1984=100,SA,level,321.435,FRED,Federal Reserve Economic Data,CPIAUCSL,U.S. Consumer Price Index,https://fred.stlouisfed.org/series/CPIAUCSL,2026-06-22,final,2026-06-22 16:46:29,2026-06-22
US.US_CPI_INDEX_M.FRED,US,US,USA,美国,United States,US_CPI_INDEX_M,美国居民消费价格指数,U.S. Consumer Price Index,2025-07,M,index 1982-1984=100,SA,level,322.169,FRED,Federal Reserve Economic Data,CPIAUCSL,U.S. Consumer Price Index,https://fred.stlouisfed.org/series/CPIAUCSL,2026-06-22,final,2026-06-22 16:46:29,2026-06-22
US.US_CPI_INDEX_M.FRED,US,US,USA,美国,United States,US_CPI_INDEX_M,美国居民消费价格指数,U.S. Consumer Price Index,2025-08,M,index 1982-1984=100,SA,level,323.291,FRED,Federal Reserve Economic Data,CPIAUCSL,U.S. Consumer Price Index,https://fred.stlouisfed.org/series/CPIAUCSL,2026-06-22,final,2026-06-22 16:46:29,2026-06-22
US.US_CPI_INDEX_M.FRED,US,US,USA,美国,United States,US_CPI_INDEX_M,美国居民消费价格指数,U.S. Consumer Price Index,2025-09,M,index 1982-1984=100,SA,level,324.245,FRED,Federal Reserve Economic Data,CPIAUCSL,U.S. Consumer Price Index,https://fred.stlouisfed.org/series/CPIAUCSL,2026-06-22,final,2026-06-22 16:46:29,2026-06-22
US.US_CPI_INDEX_M.FRED,US,US,USA,美国,United States,US_CPI_INDEX_M,美国居民消费价格指数,U.S. Consumer Price Index,2025-10,M,index 1982-1984=100,SA,level,,FRED,Federal Reserve Economic Data,CPIAUCSL,U.S. Consumer Price Index,https://fred.stlouisfed.org/series/CPIAUCSL,2026-06-22,final,2026-06-22 16:46:29,2026-06-22
US.US_CPI_INDEX_M.FRED,US,US,USA,美国,United States,US_CPI_INDEX_M,美国居民消费价格指数,U.S. Consumer Price Index,2025-11,M,index 1982-1984=100,SA,level,325.063,FRED,Federal Reserve Economic Data,CPIAUCSL,U.S. Consumer Price Index,https://fred.stlouisfed.org/series/CPIAUCSL,2026-06-22,final,2026-06-22 16:46:29,2026-06-22
US.US_CPI_INDEX_M.FRED,US,US,USA,美国,United States,US_CPI_INDEX_M,美国居民消费价格指数,U.S. Consumer Price Index,2025-12,M,index 1982-1984=100,SA,level,326.031,FRED,Federal Reserve Economic Data,CPIAUCSL,U.S. Consumer Price Index,https://fred.stlouisfed.org/series/CPIAUCSL,2026-06-22,final,2026-06-22 16:46:29,2026-06-22
US.US_CPI_INDEX_M.FRED,US,US,USA,美国,United States,US_CPI_INDEX_M,美国居民消费价格指数,U.S. Consumer Price Index,2026-01,M,index 1982-1984=100,SA,level,326.588,FRED,Federal Reserve Economic Data,CPIAUCSL,U.S. Consumer Price Index,https://fred.stlouisfed.org/series/CPIAUCSL,2026-06-22,final,2026-06-22 16:46:29,2026-06-22
US.US_CPI_INDEX_M.FRED,US,US,USA,美国,United States,US_CPI_INDEX_M,美国居民消费价格指数,U.S. Consumer Price Index,2026-02,M,index 1982-1984=100,SA,level,327.46,FRED,Federal Reserve Economic Data,CPIAUCSL,U.S. Consumer Price Index,https://fred.stlouisfed.org/series/CPIAUCSL,2026-06-22,final,2026-06-22 16:46:29,2026-06-22
US.US_CPI_INDEX_M.FRED,US,US,USA,美国,United States,US_CPI_INDEX_M,美国居民消费价格指数,U.S. Consumer Price Index,2026-03,M,index 1982-1984=100,SA,level,330.293,FRED,Federal Reserve Economic Data,CPIAUCSL,U.S. Consumer Price Index,https://fred.stlouisfed.org/series/CPIAUCSL,2026-06-22,final,2026-06-22 16:46:29,2026-06-22
US.US_CPI_INDEX_M.FRED,US,US,USA,美国,United States,US_CPI_INDEX_M,美国居民消费价格指数,U.S. Consumer Price Index,2026-04,M,index 1982-1984=100,SA,level,332.407,FRED,Federal Reserve Economic Data,CPIAUCSL,U.S. Consumer Price Index,https://fred.stlouisfed.org/series/CPIAUCSL,2026-06-22,final,2026-06-22 16:46:29,2026-06-22
US.US_UNEMPLOYMENT_RATE_M.FRED,US,US,USA,美国,United States,US_UNEMPLOYMENT_RATE_M,美国失业率,U.S. Unemployment Rate,2015-01,M,%,SA,level,5.7,FRED,Federal Reserve Economic Data,UNRATE,U.S. Unemployment Rate,https://fred.stlouisfed.org/series/UNRATE,2026-06-22,final,2026-06-22 16:46:29,2026-06-22
US.US_UNEMPLOYMENT_RATE_M.FRED,US,US,USA,美国,United States,US_UNEMPLOYMENT_RATE_M,美国失业率,U.S. Unemployment Rate,2015-02,M,%,SA,level,5.5,FRED,Federal Reserve Economic Data,UNRATE,U.S. Unemployment Rate,https://fred.stlouisfed.org/series/UNRATE,2026-06-22,final,2026-06-22 16:46:29,2026-06-22
US.US_UNEMPLOYMENT_RATE_M.FRED,US,US,USA,美国,United States,US_UNEMPLOYMENT_RATE_M,美国失业率,U.S. Unemployment Rate,2015-03,M,%,SA,level,5.4,FRED,Federal Reserve Economic Data,UNRATE,U.S. Unemployment Rate,https://fred.stlouisfed.org/series/UNRATE,2026-06-22,final,2026-06-22 16:46:29,2026-06-22
US.US_UNEMPLOYMENT_RATE_M.FRED,US,US,USA,美国,United States,US_UNEMPLOYMENT_RATE_M,美国失业率,U.S. Unemployment Rate,2015-04,M,%,SA,level,5.4,FRED,Federal Reserve Economic Data,UNRATE,U.S. Unemployment Rate,https://fred.stlouisfed.org/series/UNRATE,2026-06-22,final,2026-06-22 16:46:29,2026-06-22
US.US_UNEMPLOYMENT_RATE_M.FRED,US,US,USA,美国,United States,US_UNEMPLOYMENT_RATE_M,美国失业率,U.S. Unemployment Rate,2015-05,M,%,SA,level,5.6,FRED,Federal Reserve Economic Data,UNRATE,U.S. Unemployment Rate,https://fred.stlouisfed.org/series/UNRATE,2026-06-22,final,2026-06-22 16:46:29,2026-06-22
US.US_UNEMPLOYMENT_RATE_M.FRED,US,US,USA,美国,United States,US_UNEMPLOYMENT_RATE_M,美国失业率,U.S. Unemployment Rate,2015-06,M,%,SA,level,5.3,FRED,Federal Reserve Economic Data,UNRATE,U.S. Unemployment Rate,https://fred.stlouisfed.org/series/UNRATE,2026-06-22,final,2026-06-22 16:46:29,2026-06-22
US.US_UNEMPLOYMENT_RATE_M.FRED,US,US,USA,美国,United States,US_UNEMPLOYMENT_RATE_M,美国失业率,U.S. Unemployment Rate,2015-07,M,%,SA,level,5.2,FRED,Federal Reserve Economic Data,UNRATE,U.S. Unemployment Rate,https://fred.stlouisfed.org/series/UNRATE,2026-06-22,final,2026-06-22 16:46:29,2026-06-22
US.US_UNEMPLOYMENT_RATE_M.FRED,US,US,USA,美国,United States,US_UNEMPLOYMENT_RATE_M,美国失业率,U.S. Unemployment Rate,2015-08,M,%,SA,level,5.1,FRED,Federal Reserve Economic Data,UNRATE,U.S. Unemployment Rate,https://fred.stlouisfed.org/series/UNRATE,2026-06-22,final,2026-06-22 16:46:29,2026-06-22
US.US_UNEMPLOYMENT_RATE_M.FRED,US,US,USA,美国,United States,US_UNEMPLOYMENT_RATE_M,美国失业率,U.S. Unemployment Rate,2015-09,M,%,SA,level,5.0,FRED,Federal Reserve Economic Data,UNRATE,U.S. Unemployment Rate,https://fred.stlouisfed.org/series/UNRATE,2026-06-22,final,2026-06-22 16:46:29,2026-06-22
US.US_UNEMPLOYMENT_RATE_M.FRED,US,US,USA,美国,United States,US_UNEMPLOYMENT_RATE_M,美国失业率,U.S. Unemployment Rate,2015-10,M,%,SA,level,5.0,FRED,Federal Reserve Economic Data,UNRATE,U.S. Unemployment Rate,https://fred.stlouisfed.org/series/UNRATE,2026-06-22,final,2026-06-22 16:46:29,2026-06-22
US.US_UNEMPLOYMENT_RATE_M.FRED,US,US,USA,美国,United States,US_UNEMPLOYMENT_RATE_M,美国失业率,U.S. Unemployment Rate,2015-11,M,%,SA,level,5.1,FRED,Federal Reserve Economic Data,UNRATE,U.S. Unemployment Rate,https://fred.stlouisfed.org/series/UNRATE,2026-06-22,final,2026-06-22 16:46:29,2026-06-22
US.US_UNEMPLOYMENT_RATE_M.FRED,US,US,USA,美国,United States,US_UNEMPLOYMENT_RATE_M,美国失业率,U.S. Unemployment Rate,2015-12,M,%,SA,level,5.0,FRED,Federal Reserve Economic Data,UNRATE,U.S. Unemployment Rate,https://fred.stlouisfed.org/series/UNRATE,2026-06-22,final,2026-06-22 16:46:29,2026-06-22
US.US_UNEMPLOYMENT_RATE_M.FRED,US,US,USA,美国,United States,US_UNEMPLOYMENT_RATE_M,美国失业率,U.S. Unemployment Rate,2016-01,M,%,SA,level,4.8,FRED,Federal Reserve Economic Data,UNRATE,U.S. Unemployment Rate,https://fred.stlouisfed.org/series/UNRATE,2026-06-22,final,2026-06-22 16:46:29,2026-06-22
US.US_UNEMPLOYMENT_RATE_M.FRED,US,US,USA,美国,United States,US_UNEMPLOYMENT_RATE_M,美国失业率,U.S. Unemployment Rate,2016-02,M,%,SA,level,4.9,FRED,Federal Reserve Economic Data,UNRATE,U.S. Unemployment Rate,https://fred.stlouisfed.org/series/UNRATE,2026-06-22,final,2026-06-22 16:46:29,2026-06-22
US.US_UNEMPLOYMENT_RATE_M.FRED,US,US,USA,美国,United States,US_UNEMPLOYMENT_RATE_M,美国失业率,U.S. Unemployment Rate,2016-03,M,%,SA,level,5.0,FRED,Federal Reserve Economic Data,UNRATE,U.S. Unemployment Rate,https://fred.stlouisfed.org/series/UNRATE,2026-06-22,final,2026-06-22 16:46:29,2026-06-22
US.US_UNEMPLOYMENT_RATE_M.FRED,US,US,USA,美国,United States,US_UNEMPLOYMENT_RATE_M,美国失业率,U.S. Unemployment Rate,2016-04,M,%,SA,level,5.1,FRED,Federal Reserve Economic Data,UNRATE,U.S. Unemployment Rate,https://fred.stlouisfed.org/series/UNRATE,2026-06-22,final,2026-06-22 16:46:29,2026-06-22
US.US_UNEMPLOYMENT_RATE_M.FRED,US,US,USA,美国,United States,US_UNEMPLOYMENT_RATE_M,美国失业率,U.S. Unemployment Rate,2016-05,M,%,SA,level,4.8,FRED,Federal Reserve Economic Data,UNRATE,U.S. Unemployment Rate,https://fred.stlouisfed.org/series/UNRATE,2026-06-22,final,2026-06-22 16:46:29,2026-06-22
US.US_UNEMPLOYMENT_RATE_M.FRED,US,US,USA,美国,United States,US_UNEMPLOYMENT_RATE_M,美国失业率,U.S. Unemployment Rate,2016-06,M,%,SA,level,4.9,FRED,Federal Reserve Economic Data,UNRATE,U.S. Unemployment Rate,https://fred.stlouisfed.org/series/UNRATE,2026-06-22,final,2026-06-22 16:46:29,2026-06-22
US.US_UNEMPLOYMENT_RATE_M.FRED,US,US,USA,美国,United States,US_UNEMPLOYMENT_RATE_M,美国失业率,U.S. Unemployment Rate,2016-07,M,%,SA,level,4.8,FRED,Federal Reserve Economic Data,UNRATE,U.S. Unemployment Rate,https://fred.stlouisfed.org/series/UNRATE,2026-06-22,final,2026-06-22 16:46:29,2026-06-22
US.US_UNEMPLOYMENT_RATE_M.FRED,US,US,USA,美国,United States,US_UNEMPLOYMENT_RATE_M,美国失业率,U.S. Unemployment Rate,2016-08,M,%,SA,level,4.9,FRED,Federal Reserve Economic Data,UNRATE,U.S. Unemployment Rate,https://fred.stlouisfed.org/series/UNRATE,2026-06-22,final,2026-06-22 16:46:29,2026-06-22
US.US_UNEMPLOYMENT_RATE_M.FRED,US,US,USA,美国,United States,US_UNEMPLOYMENT_RATE_M,美国失业率,U.S. Unemployment Rate,2016-09,M,%,SA,level,5.0,FRED,Federal Reserve Economic Data,UNRATE,U.S. Unemployment Rate,https://fred.stlouisfed.org/series/UNRATE,2026-06-22,final,2026-06-22 16:46:29,2026-06-22
US.US_UNEMPLOYMENT_RATE_M.FRED,US,US,USA,美国,United States,US_UNEMPLOYMENT_RATE_M,美国失业率,U.S. Unemployment Rate,2016-10,M,%,SA,level,4.9,FRED,Federal Reserve Economic Data,UNRATE,U.S. Unemployment Rate,https://fred.stlouisfed.org/series/UNRATE,2026-06-22,final,2026-06-22 16:46:29,2026-06-22
US.US_UNEMPLOYMENT_RATE_M.FRED,US,US,USA,美国,United States,US_UNEMPLOYMENT_RATE_M,美国失业率,U.S. Unemployment Rate,2016-11,M,%,SA,level,4.7,FRED,Federal Reserve Economic Data,UNRATE,U.S. Unemployment Rate,https://fred.stlouisfed.org/series/UNRATE,2026-06-22,final,2026-06-22 16:46:29,2026-06-22
US.US_UNEMPLOYMENT_RATE_M.FRED,US,US,USA,美国,United States,US_UNEMPLOYMENT_RATE_M,美国失业率,U.S. Unemployment Rate,2016-12,M,%,SA,level,4.7,FRED,Federal Reserve Economic Data,UNRATE,U.S. Unemployment Rate,https://fred.stlouisfed.org/series/UNRATE,2026-06-22,final,2026-06-22 16:46:29,2026-06-22
US.US_UNEMPLOYMENT_RATE_M.FRED,US,US,USA,美国,United States,US_UNEMPLOYMENT_RATE_M,美国失业率,U.S. Unemployment Rate,2017-01,M,%,SA,level,4.7,FRED,Federal Reserve Economic Data,UNRATE,U.S. Unemployment Rate,https://fred.stlouisfed.org/series/UNRATE,2026-06-22,final,2026-06-22 16:46:29,2026-06-22
US.US_UNEMPLOYMENT_RATE_M.FRED,US,US,USA,美国,United States,US_UNEMPLOYMENT_RATE_M,美国失业率,U.S. Unemployment Rate,2017-02,M,%,SA,level,4.6,FRED,Federal Reserve Economic Data,UNRATE,U.S. Unemployment Rate,https://fred.stlouisfed.org/series/UNRATE,2026-06-22,final,2026-06-22 16:46:29,2026-06-22
US.US_UNEMPLOYMENT_RATE_M.FRED,US,US,USA,美国,United States,US_UNEMPLOYMENT_RATE_M,美国失业率,U.S. Unemployment Rate,2017-03,M,%,SA,level,4.4,FRED,Federal Reserve Economic Data,UNRATE,U.S. Unemployment Rate,https://fred.stlouisfed.org/series/UNRATE,2026-06-22,final,2026-06-22 16:46:29,2026-06-22
US.US_UNEMPLOYMENT_RATE_M.FRED,US,US,USA,美国,United States,US_UNEMPLOYMENT_RATE_M,美国失业率,U.S. Unemployment Rate,2017-04,M,%,SA,level,4.4,FRED,Federal Reserve Economic Data,UNRATE,U.S. Unemployment Rate,https://fred.stlouisfed.org/series/UNRATE,2026-06-22,final,2026-06-22 16:46:29,2026-06-22
US.US_UNEMPLOYMENT_RATE_M.FRED,US,US,USA,美国,United States,US_UNEMPLOYMENT_RATE_M,美国失业率,U.S. Unemployment Rate,2017-05,M,%,SA,level,4.4,FRED,Federal Reserve Economic Data,UNRATE,U.S. Unemployment Rate,https://fred.stlouisfed.org/series/UNRATE,2026-06-22,final,2026-06-22 16:46:29,2026-06-22
US.US_UNEMPLOYMENT_RATE_M.FRED,US,US,USA,美国,United States,US_UNEMPLOYMENT_RATE_M,美国失业率,U.S. Unemployment Rate,2017-06,M,%,SA,level,4.3,FRED,Federal Reserve Economic Data,UNRATE,U.S. Unemployment Rate,https://fred.stlouisfed.org/series/UNRATE,2026-06-22,final,2026-06-22 16:46:29,2026-06-22
US.US_UNEMPLOYMENT_RATE_M.FRED,US,US,USA,美国,United States,US_UNEMPLOYMENT_RATE_M,美国失业率,U.S. Unemployment Rate,2017-07,M,%,SA,level,4.3,FRED,Federal Reserve Economic Data,UNRATE,U.S. Unemployment Rate,https://fred.stlouisfed.org/series/UNRATE,2026-06-22,final,2026-06-22 16:46:29,2026-06-22
US.US_UNEMPLOYMENT_RATE_M.FRED,US,US,USA,美国,United States,US_UNEMPLOYMENT_RATE_M,美国失业率,U.S. Unemployment Rate,2017-08,M,%,SA,level,4.4,FRED,Federal Reserve Economic Data,UNRATE,U.S. Unemployment Rate,https://fred.stlouisfed.org/series/UNRATE,2026-06-22,final,2026-06-22 16:46:29,2026-06-22
US.US_UNEMPLOYMENT_RATE_M.FRED,US,US,USA,美国,United States,US_UNEMPLOYMENT_RATE_M,美国失业率,U.S. Unemployment Rate,2017-09,M,%,SA,level,4.3,FRED,Federal Reserve Economic Data,UNRATE,U.S. Unemployment Rate,https://fred.stlouisfed.org/series/UNRATE,2026-06-22,final,2026-06-22 16:46:29,2026-06-22
US.US_UNEMPLOYMENT_RATE_M.FRED,US,US,USA,美国,United States,US_UNEMPLOYMENT_RATE_M,美国失业率,U.S. Unemployment Rate,2017-10,M,%,SA,level,4.2,FRED,Federal Reserve Economic Data,UNRATE,U.S. Unemployment Rate,https://fred.stlouisfed.org/series/UNRATE,2026-06-22,final,2026-06-22 16:46:29,2026-06-22
US.US_UNEMPLOYMENT_RATE_M.FRED,US,US,USA,美国,United States,US_UNEMPLOYMENT_RATE_M,美国失业率,U.S. Unemployment Rate,2017-11,M,%,SA,level,4.2,FRED,Federal Reserve Economic Data,UNRATE,U.S. Unemployment Rate,https://fred.stlouisfed.org/series/UNRATE,2026-06-22,final,2026-06-22 16:46:29,2026-06-22
US.US_UNEMPLOYMENT_RATE_M.FRED,US,US,USA,美国,United States,US_UNEMPLOYMENT_RATE_M,美国失业率,U.S. Unemployment Rate,2017-12,M,%,SA,level,4.1,FRED,Federal Reserve Economic Data,UNRATE,U.S. Unemployment Rate,https://fred.stlouisfed.org/series/UNRATE,2026-06-22,final,2026-06-22 16:46:29,2026-06-22
US.US_UNEMPLOYMENT_RATE_M.FRED,US,US,USA,美国,United States,US_UNEMPLOYMENT_RATE_M,美国失业率,U.S. Unemployment Rate,2018-01,M,%,SA,level,4.0,FRED,Federal Reserve Economic Data,UNRATE,U.S. Unemployment Rate,https://fred.stlouisfed.org/series/UNRATE,2026-06-22,final,2026-06-22 16:46:29,2026-06-22
US.US_UNEMPLOYMENT_RATE_M.FRED,US,US,USA,美国,United States,US_UNEMPLOYMENT_RATE_M,美国失业率,U.S. Unemployment Rate,2018-02,M,%,SA,level,4.1,FRED,Federal Reserve Economic Data,UNRATE,U.S. Unemployment Rate,https://fred.stlouisfed.org/series/UNRATE,2026-06-22,final,2026-06-22 16:46:29,2026-06-22
US.US_UNEMPLOYMENT_RATE_M.FRED,US,US,USA,美国,United States,US_UNEMPLOYMENT_RATE_M,美国失业率,U.S. Unemployment Rate,2018-03,M,%,SA,level,4.0,FRED,Federal Reserve Economic Data,UNRATE,U.S. Unemployment Rate,https://fred.stlouisfed.org/series/UNRATE,2026-06-22,final,2026-06-22 16:46:29,2026-06-22
US.US_UNEMPLOYMENT_RATE_M.FRED,US,US,USA,美国,United States,US_UNEMPLOYMENT_RATE_M,美国失业率,U.S. Unemployment Rate,2018-04,M,%,SA,level,4.0,FRED,Federal Reserve Economic Data,UNRATE,U.S. Unemployment Rate,https://fred.stlouisfed.org/series/UNRATE,2026-06-22,final,2026-06-22 16:46:29,2026-06-22
US.US_UNEMPLOYMENT_RATE_M.FRED,US,US,USA,美国,United States,US_UNEMPLOYMENT_RATE_M,美国失业率,U.S. Unemployment Rate,2018-05,M,%,SA,level,3.8,FRED,Federal Reserve Economic Data,UNRATE,U.S. Unemployment Rate,https://fred.stlouisfed.org/series/UNRATE,2026-06-22,final,2026-06-22 16:46:29,2026-06-22
US.US_UNEMPLOYMENT_RATE_M.FRED,US,US,USA,美国,United States,US_UNEMPLOYMENT_RATE_M,美国失业率,U.S. Unemployment Rate,2018-06,M,%,SA,level,4.0,FRED,Federal Reserve Economic Data,UNRATE,U.S. Unemployment Rate,https://fred.stlouisfed.org/series/UNRATE,2026-06-22,final,2026-06-22 16:46:29,2026-06-22
US.US_UNEMPLOYMENT_RATE_M.FRED,US,US,USA,美国,United States,US_UNEMPLOYMENT_RATE_M,美国失业率,U.S. Unemployment Rate,2018-07,M,%,SA,level,3.8,FRED,Federal Reserve Economic Data,UNRATE,U.S. Unemployment Rate,https://fred.stlouisfed.org/series/UNRATE,2026-06-22,final,2026-06-22 16:46:29,2026-06-22
US.US_UNEMPLOYMENT_RATE_M.FRED,US,US,USA,美国,United States,US_UNEMPLOYMENT_RATE_M,美国失业率,U.S. Unemployment Rate,2018-08,M,%,SA,level,3.8,FRED,Federal Reserve Economic Data,UNRATE,U.S. Unemployment Rate,https://fred.stlouisfed.org/series/UNRATE,2026-06-22,final,2026-06-22 16:46:29,2026-06-22
US.US_UNEMPLOYMENT_RATE_M.FRED,US,US,USA,美国,United States,US_UNEMPLOYMENT_RATE_M,美国失业率,U.S. Unemployment Rate,2018-09,M,%,SA,level,3.7,FRED,Federal Reserve Economic Data,UNRATE,U.S. Unemployment Rate,https://fred.stlouisfed.org/series/UNRATE,2026-06-22,final,2026-06-22 16:46:29,2026-06-22
US.US_UNEMPLOYMENT_RATE_M.FRED,US,US,USA,美国,United States,US_UNEMPLOYMENT_RATE_M,美国失业率,U.S. Unemployment Rate,2018-10,M,%,SA,level,3.8,FRED,Federal Reserve Economic Data,UNRATE,U.S. Unemployment Rate,https://fred.stlouisfed.org/series/UNRATE,2026-06-22,final,2026-06-22 16:46:29,2026-06-22
US.US_UNEMPLOYMENT_RATE_M.FRED,US,US,USA,美国,United States,US_UNEMPLOYMENT_RATE_M,美国失业率,U.S. Unemployment Rate,2018-11,M,%,SA,level,3.8,FRED,Federal Reserve Economic Data,UNRATE,U.S. Unemployment Rate,https://fred.stlouisfed.org/series/UNRATE,2026-06-22,final,2026-06-22 16:46:29,2026-06-22
US.US_UNEMPLOYMENT_RATE_M.FRED,US,US,USA,美国,United States,US_UNEMPLOYMENT_RATE_M,美国失业率,U.S. Unemployment Rate,2018-12,M,%,SA,level,3.9,FRED,Federal Reserve Economic Data,UNRATE,U.S. Unemployment Rate,https://fred.stlouisfed.org/series/UNRATE,2026-06-22,final,2026-06-22 16:46:29,2026-06-22
US.US_UNEMPLOYMENT_RATE_M.FRED,US,US,USA,美国,United States,US_UNEMPLOYMENT_RATE_M,美国失业率,U.S. Unemployment Rate,2019-01,M,%,SA,level,4.0,FRED,Federal Reserve Economic Data,UNRATE,U.S. Unemployment Rate,https://fred.stlouisfed.org/series/UNRATE,2026-06-22,final,2026-06-22 16:46:29,2026-06-22
US.US_UNEMPLOYMENT_RATE_M.FRED,US,US,USA,美国,United States,US_UNEMPLOYMENT_RATE_M,美国失业率,U.S. Unemployment Rate,2019-02,M,%,SA,level,3.8,FRED,Federal Reserve Economic Data,UNRATE,U.S. Unemployment Rate,https://fred.stlouisfed.org/series/UNRATE,2026-06-22,final,2026-06-22 16:46:29,2026-06-22
US.US_UNEMPLOYMENT_RATE_M.FRED,US,US,USA,美国,United States,US_UNEMPLOYMENT_RATE_M,美国失业率,U.S. Unemployment Rate,2019-03,M,%,SA,level,3.8,FRED,Federal Reserve Economic Data,UNRATE,U.S. Unemployment Rate,https://fred.stlouisfed.org/series/UNRATE,2026-06-22,final,2026-06-22 16:46:29,2026-06-22
US.US_UNEMPLOYMENT_RATE_M.FRED,US,US,USA,美国,United States,US_UNEMPLOYMENT_RATE_M,美国失业率,U.S. Unemployment Rate,2019-04,M,%,SA,level,3.7,FRED,Federal Reserve Economic Data,UNRATE,U.S. Unemployment Rate,https://fred.stlouisfed.org/series/UNRATE,2026-06-22,final,2026-06-22 16:46:29,2026-06-22
US.US_UNEMPLOYMENT_RATE_M.FRED,US,US,USA,美国,United States,US_UNEMPLOYMENT_RATE_M,美国失业率,U.S. Unemployment Rate,2019-05,M,%,SA,level,3.6,FRED,Federal Reserve Economic Data,UNRATE,U.S. Unemployment Rate,https://fred.stlouisfed.org/series/UNRATE,2026-06-22,final,2026-06-22 16:46:29,2026-06-22
US.US_UNEMPLOYMENT_RATE_M.FRED,US,US,USA,美国,United States,US_UNEMPLOYMENT_RATE_M,美国失业率,U.S. Unemployment Rate,2019-06,M,%,SA,level,3.6,FRED,Federal Reserve Economic Data,UNRATE,U.S. Unemployment Rate,https://fred.stlouisfed.org/series/UNRATE,2026-06-22,final,2026-06-22 16:46:29,2026-06-22
US.US_UNEMPLOYMENT_RATE_M.FRED,US,US,USA,美国,United States,US_UNEMPLOYMENT_RATE_M,美国失业率,U.S. Unemployment Rate,2019-07,M,%,SA,level,3.7,FRED,Federal Reserve Economic Data,UNRATE,U.S. Unemployment Rate,https://fred.stlouisfed.org/series/UNRATE,2026-06-22,final,2026-06-22 16:46:29,2026-06-22
US.US_UNEMPLOYMENT_RATE_M.FRED,US,US,USA,美国,United States,US_UNEMPLOYMENT_RATE_M,美国失业率,U.S. Unemployment Rate,2019-08,M,%,SA,level,3.6,FRED,Federal Reserve Economic Data,UNRATE,U.S. Unemployment Rate,https://fred.stlouisfed.org/series/UNRATE,2026-06-22,final,2026-06-22 16:46:29,2026-06-22
US.US_UNEMPLOYMENT_RATE_M.FRED,US,US,USA,美国,United States,US_UNEMPLOYMENT_RATE_M,美国失业率,U.S. Unemployment Rate,2019-09,M,%,SA,level,3.5,FRED,Federal Reserve Economic Data,UNRATE,U.S. Unemployment Rate,https://fred.stlouisfed.org/series/UNRATE,2026-06-22,final,2026-06-22 16:46:29,2026-06-22
US.US_UNEMPLOYMENT_RATE_M.FRED,US,US,USA,美国,United States,US_UNEMPLOYMENT_RATE_M,美国失业率,U.S. Unemployment Rate,2019-10,M,%,SA,level,3.6,FRED,Federal Reserve Economic Data,UNRATE,U.S. Unemployment Rate,https://fred.stlouisfed.org/series/UNRATE,2026-06-22,final,2026-06-22 16:46:29,2026-06-22
US.US_UNEMPLOYMENT_RATE_M.FRED,US,US,USA,美国,United States,US_UNEMPLOYMENT_RATE_M,美国失业率,U.S. Unemployment Rate,2019-11,M,%,SA,level,3.6,FRED,Federal Reserve Economic Data,UNRATE,U.S. Unemployment Rate,https://fred.stlouisfed.org/series/UNRATE,2026-06-22,final,2026-06-22 16:46:29,2026-06-22
US.US_UNEMPLOYMENT_RATE_M.FRED,US,US,USA,美国,United States,US_UNEMPLOYMENT_RATE_M,美国失业率,U.S. Unemployment Rate,2019-12,M,%,SA,level,3.6,FRED,Federal Reserve Economic Data,UNRATE,U.S. Unemployment Rate,https://fred.stlouisfed.org/series/UNRATE,2026-06-22,final,2026-06-22 16:46:29,2026-06-22
US.US_UNEMPLOYMENT_RATE_M.FRED,US,US,USA,美国,United States,US_UNEMPLOYMENT_RATE_M,美国失业率,U.S. Unemployment Rate,2020-01,M,%,SA,level,3.6,FRED,Federal Reserve Economic Data,UNRATE,U.S. Unemployment Rate,https://fred.stlouisfed.org/series/UNRATE,2026-06-22,final,2026-06-22 16:46:29,2026-06-22
US.US_UNEMPLOYMENT_RATE_M.FRED,US,US,USA,美国,United States,US_UNEMPLOYMENT_RATE_M,美国失业率,U.S. Unemployment Rate,2020-02,M,%,SA,level,3.5,FRED,Federal Reserve Economic Data,UNRATE,U.S. Unemployment Rate,https://fred.stlouisfed.org/series/UNRATE,2026-06-22,final,2026-06-22 16:46:29,2026-06-22
US.US_UNEMPLOYMENT_RATE_M.FRED,US,US,USA,美国,United States,US_UNEMPLOYMENT_RATE_M,美国失业率,U.S. Unemployment Rate,2020-03,M,%,SA,level,4.4,FRED,Federal Reserve Economic Data,UNRATE,U.S. Unemployment Rate,https://fred.stlouisfed.org/series/UNRATE,2026-06-22,final,2026-06-22 16:46:29,2026-06-22
US.US_UNEMPLOYMENT_RATE_M.FRED,US,US,USA,美国,United States,US_UNEMPLOYMENT_RATE_M,美国失业率,U.S. Unemployment Rate,2020-04,M,%,SA,level,14.8,FRED,Federal Reserve Economic Data,UNRATE,U.S. Unemployment Rate,https://fred.stlouisfed.org/series/UNRATE,2026-06-22,final,2026-06-22 16:46:29,2026-06-22
US.US_UNEMPLOYMENT_RATE_M.FRED,US,US,USA,美国,United States,US_UNEMPLOYMENT_RATE_M,美国失业率,U.S. Unemployment Rate,2020-05,M,%,SA,level,13.2,FRED,Federal Reserve Economic Data,UNRATE,U.S. Unemployment Rate,https://fred.stlouisfed.org/series/UNRATE,2026-06-22,final,2026-06-22 16:46:29,2026-06-22
US.US_UNEMPLOYMENT_RATE_M.FRED,US,US,USA,美国,United States,US_UNEMPLOYMENT_RATE_M,美国失业率,U.S. Unemployment Rate,2020-06,M,%,SA,level,11.0,FRED,Federal Reserve Economic Data,UNRATE,U.S. Unemployment Rate,https://fred.stlouisfed.org/series/UNRATE,2026-06-22,final,2026-06-22 16:46:29,2026-06-22
US.US_UNEMPLOYMENT_RATE_M.FRED,US,US,USA,美国,United States,US_UNEMPLOYMENT_RATE_M,美国失业率,U.S. Unemployment Rate,2020-07,M,%,SA,level,10.2,FRED,Federal Reserve Economic Data,UNRATE,U.S. Unemployment Rate,https://fred.stlouisfed.org/series/UNRATE,2026-06-22,final,2026-06-22 16:46:29,2026-06-22
US.US_UNEMPLOYMENT_RATE_M.FRED,US,US,USA,美国,United States,US_UNEMPLOYMENT_RATE_M,美国失业率,U.S. Unemployment Rate,2020-08,M,%,SA,level,8.4,FRED,Federal Reserve Economic Data,UNRATE,U.S. Unemployment Rate,https://fred.stlouisfed.org/series/UNRATE,2026-06-22,final,2026-06-22 16:46:29,2026-06-22
US.US_UNEMPLOYMENT_RATE_M.FRED,US,US,USA,美国,United States,US_UNEMPLOYMENT_RATE_M,美国失业率,U.S. Unemployment Rate,2020-09,M,%,SA,level,7.8,FRED,Federal Reserve Economic Data,UNRATE,U.S. Unemployment Rate,https://fred.stlouisfed.org/series/UNRATE,2026-06-22,final,2026-06-22 16:46:29,2026-06-22
US.US_UNEMPLOYMENT_RATE_M.FRED,US,US,USA,美国,United States,US_UNEMPLOYMENT_RATE_M,美国失业率,U.S. Unemployment Rate,2020-10,M,%,SA,level,6.9,FRED,Federal Reserve Economic Data,UNRATE,U.S. Unemployment Rate,https://fred.stlouisfed.org/series/UNRATE,2026-06-22,final,2026-06-22 16:46:29,2026-06-22
US.US_UNEMPLOYMENT_RATE_M.FRED,US,US,USA,美国,United States,US_UNEMPLOYMENT_RATE_M,美国失业率,U.S. Unemployment Rate,2020-11,M,%,SA,level,6.7,FRED,Federal Reserve Economic Data,UNRATE,U.S. Unemployment Rate,https://fred.stlouisfed.org/series/UNRATE,2026-06-22,final,2026-06-22 16:46:29,2026-06-22
US.US_UNEMPLOYMENT_RATE_M.FRED,US,US,USA,美国,United States,US_UNEMPLOYMENT_RATE_M,美国失业率,U.S. Unemployment Rate,2020-12,M,%,SA,level,6.7,FRED,Federal Reserve Economic Data,UNRATE,U.S. Unemployment Rate,https://fred.stlouisfed.org/series/UNRATE,2026-06-22,final,2026-06-22 16:46:29,2026-06-22
US.US_UNEMPLOYMENT_RATE_M.FRED,US,US,USA,美国,United States,US_UNEMPLOYMENT_RATE_M,美国失业率,U.S. Unemployment Rate,2021-01,M,%,SA,level,6.4,FRED,Federal Reserve Economic Data,UNRATE,U.S. Unemployment Rate,https://fred.stlouisfed.org/series/UNRATE,2026-06-22,final,2026-06-22 16:46:29,2026-06-22
US.US_UNEMPLOYMENT_RATE_M.FRED,US,US,USA,美国,United States,US_UNEMPLOYMENT_RATE_M,美国失业率,U.S. Unemployment Rate,2021-02,M,%,SA,level,6.2,FRED,Federal Reserve Economic Data,UNRATE,U.S. Unemployment Rate,https://fred.stlouisfed.org/series/UNRATE,2026-06-22,final,2026-06-22 16:46:29,2026-06-22
US.US_UNEMPLOYMENT_RATE_M.FRED,US,US,USA,美国,United States,US_UNEMPLOYMENT_RATE_M,美国失业率,U.S. Unemployment Rate,2021-03,M,%,SA,level,6.1,FRED,Federal Reserve Economic Data,UNRATE,U.S. Unemployment Rate,https://fred.stlouisfed.org/series/UNRATE,2026-06-22,final,2026-06-22 16:46:29,2026-06-22
US.US_UNEMPLOYMENT_RATE_M.FRED,US,US,USA,美国,United States,US_UNEMPLOYMENT_RATE_M,美国失业率,U.S. Unemployment Rate,2021-04,M,%,SA,level,6.1,FRED,Federal Reserve Economic Data,UNRATE,U.S. Unemployment Rate,https://fred.stlouisfed.org/series/UNRATE,2026-06-22,final,2026-06-22 16:46:29,2026-06-22
US.US_UNEMPLOYMENT_RATE_M.FRED,US,US,USA,美国,United States,US_UNEMPLOYMENT_RATE_M,美国失业率,U.S. Unemployment Rate,2021-05,M,%,SA,level,5.8,FRED,Federal Reserve Economic Data,UNRATE,U.S. Unemployment Rate,https://fred.stlouisfed.org/series/UNRATE,2026-06-22,final,2026-06-22 16:46:29,2026-06-22
US.US_UNEMPLOYMENT_RATE_M.FRED,US,US,USA,美国,United States,US_UNEMPLOYMENT_RATE_M,美国失业率,U.S. Unemployment Rate,2021-06,M,%,SA,level,5.9,FRED,Federal Reserve Economic Data,UNRATE,U.S. Unemployment Rate,https://fred.stlouisfed.org/series/UNRATE,2026-06-22,final,2026-06-22 16:46:29,2026-06-22
US.US_UNEMPLOYMENT_RATE_M.FRED,US,US,USA,美国,United States,US_UNEMPLOYMENT_RATE_M,美国失业率,U.S. Unemployment Rate,2021-07,M,%,SA,level,5.4,FRED,Federal Reserve Economic Data,UNRATE,U.S. Unemployment Rate,https://fred.stlouisfed.org/series/UNRATE,2026-06-22,final,2026-06-22 16:46:29,2026-06-22
US.US_UNEMPLOYMENT_RATE_M.FRED,US,US,USA,美国,United States,US_UNEMPLOYMENT_RATE_M,美国失业率,U.S. Unemployment Rate,2021-08,M,%,SA,level,5.1,FRED,Federal Reserve Economic Data,UNRATE,U.S. Unemployment Rate,https://fred.stlouisfed.org/series/UNRATE,2026-06-22,final,2026-06-22 16:46:29,2026-06-22
US.US_UNEMPLOYMENT_RATE_M.FRED,US,US,USA,美国,United States,US_UNEMPLOYMENT_RATE_M,美国失业率,U.S. Unemployment Rate,2021-09,M,%,SA,level,4.7,FRED,Federal Reserve Economic Data,UNRATE,U.S. Unemployment Rate,https://fred.stlouisfed.org/series/UNRATE,2026-06-22,final,2026-06-22 16:46:29,2026-06-22
US.US_UNEMPLOYMENT_RATE_M.FRED,US,US,USA,美国,United States,US_UNEMPLOYMENT_RATE_M,美国失业率,U.S. Unemployment Rate,2021-10,M,%,SA,level,4.5,FRED,Federal Reserve Economic Data,UNRATE,U.S. Unemployment Rate,https://fred.stlouisfed.org/series/UNRATE,2026-06-22,final,2026-06-22 16:46:29,2026-06-22
US.US_UNEMPLOYMENT_RATE_M.FRED,US,US,USA,美国,United States,US_UNEMPLOYMENT_RATE_M,美国失业率,U.S. Unemployment Rate,2021-11,M,%,SA,level,4.1,FRED,Federal Reserve Economic Data,UNRATE,U.S. Unemployment Rate,https://fred.stlouisfed.org/series/UNRATE,2026-06-22,final,2026-06-22 16:46:29,2026-06-22
US.US_UNEMPLOYMENT_RATE_M.FRED,US,US,USA,美国,United States,US_UNEMPLOYMENT_RATE_M,美国失业率,U.S. Unemployment Rate,2021-12,M,%,SA,level,3.9,FRED,Federal Reserve Economic Data,UNRATE,U.S. Unemployment Rate,https://fred.stlouisfed.org/series/UNRATE,2026-06-22,final,2026-06-22 16:46:29,2026-06-22
US.US_UNEMPLOYMENT_RATE_M.FRED,US,US,USA,美国,United States,US_UNEMPLOYMENT_RATE_M,美国失业率,U.S. Unemployment Rate,2022-01,M,%,SA,level,4.0,FRED,Federal Reserve Economic Data,UNRATE,U.S. Unemployment Rate,https://fred.stlouisfed.org/series/UNRATE,2026-06-22,final,2026-06-22 16:46:29,2026-06-22
US.US_UNEMPLOYMENT_RATE_M.FRED,US,US,USA,美国,United States,US_UNEMPLOYMENT_RATE_M,美国失业率,U.S. Unemployment Rate,2022-02,M,%,SA,level,3.9,FRED,Federal Reserve Economic Data,UNRATE,U.S. Unemployment Rate,https://fred.stlouisfed.org/series/UNRATE,2026-06-22,final,2026-06-22 16:46:29,2026-06-22
US.US_UNEMPLOYMENT_RATE_M.FRED,US,US,USA,美国,United States,US_UNEMPLOYMENT_RATE_M,美国失业率,U.S. Unemployment Rate,2022-03,M,%,SA,level,3.7,FRED,Federal Reserve Economic Data,UNRATE,U.S. Unemployment Rate,https://fred.stlouisfed.org/series/UNRATE,2026-06-22,final,2026-06-22 16:46:29,2026-06-22
US.US_UNEMPLOYMENT_RATE_M.FRED,US,US,USA,美国,United States,US_UNEMPLOYMENT_RATE_M,美国失业率,U.S. Unemployment Rate,2022-04,M,%,SA,level,3.7,FRED,Federal Reserve Economic Data,UNRATE,U.S. Unemployment Rate,https://fred.stlouisfed.org/series/UNRATE,2026-06-22,final,2026-06-22 16:46:29,2026-06-22
US.US_UNEMPLOYMENT_RATE_M.FRED,US,US,USA,美国,United States,US_UNEMPLOYMENT_RATE_M,美国失业率,U.S. Unemployment Rate,2022-05,M,%,SA,level,3.6,FRED,Federal Reserve Economic Data,UNRATE,U.S. Unemployment Rate,https://fred.stlouisfed.org/series/UNRATE,2026-06-22,final,2026-06-22 16:46:29,2026-06-22
US.US_UNEMPLOYMENT_RATE_M.FRED,US,US,USA,美国,United States,US_UNEMPLOYMENT_RATE_M,美国失业率,U.S. Unemployment Rate,2022-06,M,%,SA,level,3.6,FRED,Federal Reserve Economic Data,UNRATE,U.S. Unemployment Rate,https://fred.stlouisfed.org/series/UNRATE,2026-06-22,final,2026-06-22 16:46:29,2026-06-22
US.US_UNEMPLOYMENT_RATE_M.FRED,US,US,USA,美国,United States,US_UNEMPLOYMENT_RATE_M,美国失业率,U.S. Unemployment Rate,2022-07,M,%,SA,level,3.5,FRED,Federal Reserve Economic Data,UNRATE,U.S. Unemployment Rate,https://fred.stlouisfed.org/series/UNRATE,2026-06-22,final,2026-06-22 16:46:29,2026-06-22
US.US_UNEMPLOYMENT_RATE_M.FRED,US,US,USA,美国,United States,US_UNEMPLOYMENT_RATE_M,美国失业率,U.S. Unemployment Rate,2022-08,M,%,SA,level,3.6,FRED,Federal Reserve Economic Data,UNRATE,U.S. Unemployment Rate,https://fred.stlouisfed.org/series/UNRATE,2026-06-22,final,2026-06-22 16:46:29,2026-06-22
US.US_UNEMPLOYMENT_RATE_M.FRED,US,US,USA,美国,United States,US_UNEMPLOYMENT_RATE_M,美国失业率,U.S. Unemployment Rate,2022-09,M,%,SA,level,3.5,FRED,Federal Reserve Economic Data,UNRATE,U.S. Unemployment Rate,https://fred.stlouisfed.org/series/UNRATE,2026-06-22,final,2026-06-22 16:46:29,2026-06-22
US.US_UNEMPLOYMENT_RATE_M.FRED,US,US,USA,美国,United States,US_UNEMPLOYMENT_RATE_M,美国失业率,U.S. Unemployment Rate,2022-10,M,%,SA,level,3.6,FRED,Federal Reserve Economic Data,UNRATE,U.S. Unemployment Rate,https://fred.stlouisfed.org/series/UNRATE,2026-06-22,final,2026-06-22 16:46:29,2026-06-22
US.US_UNEMPLOYMENT_RATE_M.FRED,US,US,USA,美国,United States,US_UNEMPLOYMENT_RATE_M,美国失业率,U.S. Unemployment Rate,2022-11,M,%,SA,level,3.6,FRED,Federal Reserve Economic Data,UNRATE,U.S. Unemployment Rate,https://fred.stlouisfed.org/series/UNRATE,2026-06-22,final,2026-06-22 16:46:29,2026-06-22
US.US_UNEMPLOYMENT_RATE_M.FRED,US,US,USA,美国,United States,US_UNEMPLOYMENT_RATE_M,美国失业率,U.S. Unemployment Rate,2022-12,M,%,SA,level,3.5,FRED,Federal Reserve Economic Data,UNRATE,U.S. Unemployment Rate,https://fred.stlouisfed.org/series/UNRATE,2026-06-22,final,2026-06-22 16:46:29,2026-06-22
US.US_UNEMPLOYMENT_RATE_M.FRED,US,US,USA,美国,United States,US_UNEMPLOYMENT_RATE_M,美国失业率,U.S. Unemployment Rate,2023-01,M,%,SA,level,3.5,FRED,Federal Reserve Economic Data,UNRATE,U.S. Unemployment Rate,https://fred.stlouisfed.org/series/UNRATE,2026-06-22,final,2026-06-22 16:46:29,2026-06-22
US.US_UNEMPLOYMENT_RATE_M.FRED,US,US,USA,美国,United States,US_UNEMPLOYMENT_RATE_M,美国失业率,U.S. Unemployment Rate,2023-02,M,%,SA,level,3.6,FRED,Federal Reserve Economic Data,UNRATE,U.S. Unemployment Rate,https://fred.stlouisfed.org/series/UNRATE,2026-06-22,final,2026-06-22 16:46:29,2026-06-22
US.US_UNEMPLOYMENT_RATE_M.FRED,US,US,USA,美国,United States,US_UNEMPLOYMENT_RATE_M,美国失业率,U.S. Unemployment Rate,2023-03,M,%,SA,level,3.5,FRED,Federal Reserve Economic Data,UNRATE,U.S. Unemployment Rate,https://fred.stlouisfed.org/series/UNRATE,2026-06-22,final,2026-06-22 16:46:29,2026-06-22
US.US_UNEMPLOYMENT_RATE_M.FRED,US,US,USA,美国,United States,US_UNEMPLOYMENT_RATE_M,美国失业率,U.S. Unemployment Rate,2023-04,M,%,SA,level,3.4,FRED,Federal Reserve Economic Data,UNRATE,U.S. Unemployment Rate,https://fred.stlouisfed.org/series/UNRATE,2026-06-22,final,2026-06-22 16:46:29,2026-06-22
US.US_UNEMPLOYMENT_RATE_M.FRED,US,US,USA,美国,United States,US_UNEMPLOYMENT_RATE_M,美国失业率,U.S. Unemployment Rate,2023-05,M,%,SA,level,3.6,FRED,Federal Reserve Economic Data,UNRATE,U.S. Unemployment Rate,https://fred.stlouisfed.org/series/UNRATE,2026-06-22,final,2026-06-22 16:46:29,2026-06-22
US.US_UNEMPLOYMENT_RATE_M.FRED,US,US,USA,美国,United States,US_UNEMPLOYMENT_RATE_M,美国失业率,U.S. Unemployment Rate,2023-06,M,%,SA,level,3.6,FRED,Federal Reserve Economic Data,UNRATE,U.S. Unemployment Rate,https://fred.stlouisfed.org/series/UNRATE,2026-06-22,final,2026-06-22 16:46:29,2026-06-22
US.US_UNEMPLOYMENT_RATE_M.FRED,US,US,USA,美国,United States,US_UNEMPLOYMENT_RATE_M,美国失业率,U.S. Unemployment Rate,2023-07,M,%,SA,level,3.5,FRED,Federal Reserve Economic Data,UNRATE,U.S. Unemployment Rate,https://fred.stlouisfed.org/series/UNRATE,2026-06-22,final,2026-06-22 16:46:29,2026-06-22
US.US_UNEMPLOYMENT_RATE_M.FRED,US,US,USA,美国,United States,US_UNEMPLOYMENT_RATE_M,美国失业率,U.S. Unemployment Rate,2023-08,M,%,SA,level,3.7,FRED,Federal Reserve Economic Data,UNRATE,U.S. Unemployment Rate,https://fred.stlouisfed.org/series/UNRATE,2026-06-22,final,2026-06-22 16:46:29,2026-06-22
US.US_UNEMPLOYMENT_RATE_M.FRED,US,US,USA,美国,United States,US_UNEMPLOYMENT_RATE_M,美国失业率,U.S. Unemployment Rate,2023-09,M,%,SA,level,3.7,FRED,Federal Reserve Economic Data,UNRATE,U.S. Unemployment Rate,https://fred.stlouisfed.org/series/UNRATE,2026-06-22,final,2026-06-22 16:46:29,2026-06-22
US.US_UNEMPLOYMENT_RATE_M.FRED,US,US,USA,美国,United States,US_UNEMPLOYMENT_RATE_M,美国失业率,U.S. Unemployment Rate,2023-10,M,%,SA,level,3.9,FRED,Federal Reserve Economic Data,UNRATE,U.S. Unemployment Rate,https://fred.stlouisfed.org/series/UNRATE,2026-06-22,final,2026-06-22 16:46:29,2026-06-22
US.US_UNEMPLOYMENT_RATE_M.FRED,US,US,USA,美国,United States,US_UNEMPLOYMENT_RATE_M,美国失业率,U.S. Unemployment Rate,2023-11,M,%,SA,level,3.7,FRED,Federal Reserve Economic Data,UNRATE,U.S. Unemployment Rate,https://fred.stlouisfed.org/series/UNRATE,2026-06-22,final,2026-06-22 16:46:29,2026-06-22
US.US_UNEMPLOYMENT_RATE_M.FRED,US,US,USA,美国,United States,US_UNEMPLOYMENT_RATE_M,美国失业率,U.S. Unemployment Rate,2023-12,M,%,SA,level,3.8,FRED,Federal Reserve Economic Data,UNRATE,U.S. Unemployment Rate,https://fred.stlouisfed.org/series/UNRATE,2026-06-22,final,2026-06-22 16:46:29,2026-06-22
US.US_UNEMPLOYMENT_RATE_M.FRED,US,US,USA,美国,United States,US_UNEMPLOYMENT_RATE_M,美国失业率,U.S. Unemployment Rate,2024-01,M,%,SA,level,3.7,FRED,Federal Reserve Economic Data,UNRATE,U.S. Unemployment Rate,https://fred.stlouisfed.org/series/UNRATE,2026-06-22,final,2026-06-22 16:46:29,2026-06-22
US.US_UNEMPLOYMENT_RATE_M.FRED,US,US,USA,美国,United States,US_UNEMPLOYMENT_RATE_M,美国失业率,U.S. Unemployment Rate,2024-02,M,%,SA,level,3.9,FRED,Federal Reserve Economic Data,UNRATE,U.S. Unemployment Rate,https://fred.stlouisfed.org/series/UNRATE,2026-06-22,final,2026-06-22 16:46:29,2026-06-22
US.US_UNEMPLOYMENT_RATE_M.FRED,US,US,USA,美国,United States,US_UNEMPLOYMENT_RATE_M,美国失业率,U.S. Unemployment Rate,2024-03,M,%,SA,level,3.9,FRED,Federal Reserve Economic Data,UNRATE,U.S. Unemployment Rate,https://fred.stlouisfed.org/series/UNRATE,2026-06-22,final,2026-06-22 16:46:29,2026-06-22
US.US_UNEMPLOYMENT_RATE_M.FRED,US,US,USA,美国,United States,US_UNEMPLOYMENT_RATE_M,美国失业率,U.S. Unemployment Rate,2024-04,M,%,SA,level,3.9,FRED,Federal Reserve Economic Data,UNRATE,U.S. Unemployment Rate,https://fred.stlouisfed.org/series/UNRATE,2026-06-22,final,2026-06-22 16:46:29,2026-06-22
US.US_UNEMPLOYMENT_RATE_M.FRED,US,US,USA,美国,United States,US_UNEMPLOYMENT_RATE_M,美国失业率,U.S. Unemployment Rate,2024-05,M,%,SA,level,3.9,FRED,Federal Reserve Economic Data,UNRATE,U.S. Unemployment Rate,https://fred.stlouisfed.org/series/UNRATE,2026-06-22,final,2026-06-22 16:46:29,2026-06-22
US.US_UNEMPLOYMENT_RATE_M.FRED,US,US,USA,美国,United States,US_UNEMPLOYMENT_RATE_M,美国失业率,U.S. Unemployment Rate,2024-06,M,%,SA,level,4.1,FRED,Federal Reserve Economic Data,UNRATE,U.S. Unemployment Rate,https://fred.stlouisfed.org/series/UNRATE,2026-06-22,final,2026-06-22 16:46:29,2026-06-22
US.US_UNEMPLOYMENT_RATE_M.FRED,US,US,USA,美国,United States,US_UNEMPLOYMENT_RATE_M,美国失业率,U.S. Unemployment Rate,2024-07,M,%,SA,level,4.2,FRED,Federal Reserve Economic Data,UNRATE,U.S. Unemployment Rate,https://fred.stlouisfed.org/series/UNRATE,2026-06-22,final,2026-06-22 16:46:29,2026-06-22
US.US_UNEMPLOYMENT_RATE_M.FRED,US,US,USA,美国,United States,US_UNEMPLOYMENT_RATE_M,美国失业率,U.S. Unemployment Rate,2024-08,M,%,SA,level,4.2,FRED,Federal Reserve Economic Data,UNRATE,U.S. Unemployment Rate,https://fred.stlouisfed.org/series/UNRATE,2026-06-22,final,2026-06-22 16:46:29,2026-06-22
US.US_UNEMPLOYMENT_RATE_M.FRED,US,US,USA,美国,United States,US_UNEMPLOYMENT_RATE_M,美国失业率,U.S. Unemployment Rate,2024-09,M,%,SA,level,4.1,FRED,Federal Reserve Economic Data,UNRATE,U.S. Unemployment Rate,https://fred.stlouisfed.org/series/UNRATE,2026-06-22,final,2026-06-22 16:46:29,2026-06-22
US.US_UNEMPLOYMENT_RATE_M.FRED,US,US,USA,美国,United States,US_UNEMPLOYMENT_RATE_M,美国失业率,U.S. Unemployment Rate,2024-10,M,%,SA,level,4.1,FRED,Federal Reserve Economic Data,UNRATE,U.S. Unemployment Rate,https://fred.stlouisfed.org/series/UNRATE,2026-06-22,final,2026-06-22 16:46:29,2026-06-22
US.US_UNEMPLOYMENT_RATE_M.FRED,US,US,USA,美国,United States,US_UNEMPLOYMENT_RATE_M,美国失业率,U.S. Unemployment Rate,2024-11,M,%,SA,level,4.2,FRED,Federal Reserve Economic Data,UNRATE,U.S. Unemployment Rate,https://fred.stlouisfed.org/series/UNRATE,2026-06-22,final,2026-06-22 16:46:29,2026-06-22
US.US_UNEMPLOYMENT_RATE_M.FRED,US,US,USA,美国,United States,US_UNEMPLOYMENT_RATE_M,美国失业率,U.S. Unemployment Rate,2024-12,M,%,SA,level,4.1,FRED,Federal Reserve Economic Data,UNRATE,U.S. Unemployment Rate,https://fred.stlouisfed.org/series/UNRATE,2026-06-22,final,2026-06-22 16:46:29,2026-06-22
US.US_UNEMPLOYMENT_RATE_M.FRED,US,US,USA,美国,United States,US_UNEMPLOYMENT_RATE_M,美国失业率,U.S. Unemployment Rate,2025-01,M,%,SA,level,4.0,FRED,Federal Reserve Economic Data,UNRATE,U.S. Unemployment Rate,https://fred.stlouisfed.org/series/UNRATE,2026-06-22,final,2026-06-22 16:46:29,2026-06-22
US.US_UNEMPLOYMENT_RATE_M.FRED,US,US,USA,美国,United States,US_UNEMPLOYMENT_RATE_M,美国失业率,U.S. Unemployment Rate,2025-02,M,%,SA,level,4.2,FRED,Federal Reserve Economic Data,UNRATE,U.S. Unemployment Rate,https://fred.stlouisfed.org/series/UNRATE,2026-06-22,final,2026-06-22 16:46:29,2026-06-22
US.US_UNEMPLOYMENT_RATE_M.FRED,US,US,USA,美国,United States,US_UNEMPLOYMENT_RATE_M,美国失业率,U.S. Unemployment Rate,2025-03,M,%,SA,level,4.2,FRED,Federal Reserve Economic Data,UNRATE,U.S. Unemployment Rate,https://fred.stlouisfed.org/series/UNRATE,2026-06-22,final,2026-06-22 16:46:29,2026-06-22
US.US_UNEMPLOYMENT_RATE_M.FRED,US,US,USA,美国,United States,US_UNEMPLOYMENT_RATE_M,美国失业率,U.S. Unemployment Rate,2025-04,M,%,SA,level,4.2,FRED,Federal Reserve Economic Data,UNRATE,U.S. Unemployment Rate,https://fred.stlouisfed.org/series/UNRATE,2026-06-22,final,2026-06-22 16:46:29,2026-06-22
US.US_UNEMPLOYMENT_RATE_M.FRED,US,US,USA,美国,United States,US_UNEMPLOYMENT_RATE_M,美国失业率,U.S. Unemployment Rate,2025-05,M,%,SA,level,4.3,FRED,Federal Reserve Economic Data,UNRATE,U.S. Unemployment Rate,https://fred.stlouisfed.org/series/UNRATE,2026-06-22,final,2026-06-22 16:46:29,2026-06-22
US.US_UNEMPLOYMENT_RATE_M.FRED,US,US,USA,美国,United States,US_UNEMPLOYMENT_RATE_M,美国失业率,U.S. Unemployment Rate,2025-06,M,%,SA,level,4.1,FRED,Federal Reserve Economic Data,UNRATE,U.S. Unemployment Rate,https://fred.stlouisfed.org/series/UNRATE,2026-06-22,final,2026-06-22 16:46:29,2026-06-22
US.US_UNEMPLOYMENT_RATE_M.FRED,US,US,USA,美国,United States,US_UNEMPLOYMENT_RATE_M,美国失业率,U.S. Unemployment Rate,2025-07,M,%,SA,level,4.3,FRED,Federal Reserve Economic Data,UNRATE,U.S. Unemployment Rate,https://fred.stlouisfed.org/series/UNRATE,2026-06-22,final,2026-06-22 16:46:29,2026-06-22
US.US_UNEMPLOYMENT_RATE_M.FRED,US,US,USA,美国,United States,US_UNEMPLOYMENT_RATE_M,美国失业率,U.S. Unemployment Rate,2025-08,M,%,SA,level,4.3,FRED,Federal Reserve Economic Data,UNRATE,U.S. Unemployment Rate,https://fred.stlouisfed.org/series/UNRATE,2026-06-22,final,2026-06-22 16:46:29,2026-06-22
US.US_UNEMPLOYMENT_RATE_M.FRED,US,US,USA,美国,United States,US_UNEMPLOYMENT_RATE_M,美国失业率,U.S. Unemployment Rate,2025-09,M,%,SA,level,4.4,FRED,Federal Reserve Economic Data,UNRATE,U.S. Unemployment Rate,https://fred.stlouisfed.org/series/UNRATE,2026-06-22,final,2026-06-22 16:46:29,2026-06-22
US.US_UNEMPLOYMENT_RATE_M.FRED,US,US,USA,美国,United States,US_UNEMPLOYMENT_RATE_M,美国失业率,U.S. Unemployment Rate,2025-10,M,%,SA,level,,FRED,Federal Reserve Economic Data,UNRATE,U.S. Unemployment Rate,https://fred.stlouisfed.org/series/UNRATE,2026-06-22,final,2026-06-22 16:46:29,2026-06-22
US.US_UNEMPLOYMENT_RATE_M.FRED,US,US,USA,美国,United States,US_UNEMPLOYMENT_RATE_M,美国失业率,U.S. Unemployment Rate,2025-11,M,%,SA,level,4.5,FRED,Federal Reserve Economic Data,UNRATE,U.S. Unemployment Rate,https://fred.stlouisfed.org/series/UNRATE,2026-06-22,final,2026-06-22 16:46:29,2026-06-22
US.US_UNEMPLOYMENT_RATE_M.FRED,US,US,USA,美国,United States,US_UNEMPLOYMENT_RATE_M,美国失业率,U.S. Unemployment Rate,2025-12,M,%,SA,level,4.4,FRED,Federal Reserve Economic Data,UNRATE,U.S. Unemployment Rate,https://fred.stlouisfed.org/series/UNRATE,2026-06-22,final,2026-06-22 16:46:29,2026-06-22
US.US_UNEMPLOYMENT_RATE_M.FRED,US,US,USA,美国,United States,US_UNEMPLOYMENT_RATE_M,美国失业率,U.S. Unemployment Rate,2026-01,M,%,SA,level,4.3,FRED,Federal Reserve Economic Data,UNRATE,U.S. Unemployment Rate,https://fred.stlouisfed.org/series/UNRATE,2026-06-22,final,2026-06-22 16:46:29,2026-06-22
US.US_UNEMPLOYMENT_RATE_M.FRED,US,US,USA,美国,United States,US_UNEMPLOYMENT_RATE_M,美国失业率,U.S. Unemployment Rate,2026-02,M,%,SA,level,4.4,FRED,Federal Reserve Economic Data,UNRATE,U.S. Unemployment Rate,https://fred.stlouisfed.org/series/UNRATE,2026-06-22,final,2026-06-22 16:46:29,2026-06-22
US.US_UNEMPLOYMENT_RATE_M.FRED,US,US,USA,美国,United States,US_UNEMPLOYMENT_RATE_M,美国失业率,U.S. Unemployment Rate,2026-03,M,%,SA,level,4.3,FRED,Federal Reserve Economic Data,UNRATE,U.S. Unemployment Rate,https://fred.stlouisfed.org/series/UNRATE,2026-06-22,final,2026-06-22 16:46:29,2026-06-22
US.US_UNEMPLOYMENT_RATE_M.FRED,US,US,USA,美国,United States,US_UNEMPLOYMENT_RATE_M,美国失业率,U.S. Unemployment Rate,2026-04,M,%,SA,level,4.3,FRED,Federal Reserve Economic Data,UNRATE,U.S. Unemployment Rate,https://fred.stlouisfed.org/series/UNRATE,2026-06-22,final,2026-06-22 16:46:29,2026-06-22
US.US_INDUSTRIAL_PRODUCTION_M.FRED,US,US,USA,美国,United States,US_INDUSTRIAL_PRODUCTION_M,美国工业生产指数,U.S. Industrial Production Index,2015-01,M,index 2017=100,SA,level,102.8905,FRED,Federal Reserve Economic Data,INDPRO,U.S. Industrial Production Index,https://fred.stlouisfed.org/series/INDPRO,2026-06-22,final,2026-06-22 16:46:29,2026-06-22
US.US_INDUSTRIAL_PRODUCTION_M.FRED,US,US,USA,美国,United States,US_INDUSTRIAL_PRODUCTION_M,美国工业生产指数,U.S. Industrial Production Index,2015-02,M,index 2017=100,SA,level,102.2335,FRED,Federal Reserve Economic Data,INDPRO,U.S. Industrial Production Index,https://fred.stlouisfed.org/series/INDPRO,2026-06-22,final,2026-06-22 16:46:29,2026-06-22
US.US_INDUSTRIAL_PRODUCTION_M.FRED,US,US,USA,美国,United States,US_INDUSTRIAL_PRODUCTION_M,美国工业生产指数,U.S. Industrial Production Index,2015-03,M,index 2017=100,SA,level,101.8914,FRED,Federal Reserve Economic Data,INDPRO,U.S. Industrial Production Index,https://fred.stlouisfed.org/series/INDPRO,2026-06-22,final,2026-06-22 16:46:29,2026-06-22
US.US_INDUSTRIAL_PRODUCTION_M.FRED,US,US,USA,美国,United States,US_INDUSTRIAL_PRODUCTION_M,美国工业生产指数,U.S. Industrial Production Index,2015-04,M,index 2017=100,SA,level,101.3355,FRED,Federal Reserve Economic Data,INDPRO,U.S. Industrial Production Index,https://fred.stlouisfed.org/series/INDPRO,2026-06-22,final,2026-06-22 16:46:29,2026-06-22
US.US_INDUSTRIAL_PRODUCTION_M.FRED,US,US,USA,美国,United States,US_INDUSTRIAL_PRODUCTION_M,美国工业生产指数,U.S. Industrial Production Index,2015-05,M,index 2017=100,SA,level,100.8883,FRED,Federal Reserve Economic Data,INDPRO,U.S. Industrial Production Index,https://fred.stlouisfed.org/series/INDPRO,2026-06-22,final,2026-06-22 16:46:29,2026-06-22
US.US_INDUSTRIAL_PRODUCTION_M.FRED,US,US,USA,美国,United States,US_INDUSTRIAL_PRODUCTION_M,美国工业生产指数,U.S. Industrial Production Index,2015-06,M,index 2017=100,SA,level,100.571,FRED,Federal Reserve Economic Data,INDPRO,U.S. Industrial Production Index,https://fred.stlouisfed.org/series/INDPRO,2026-06-22,final,2026-06-22 16:46:29,2026-06-22
US.US_INDUSTRIAL_PRODUCTION_M.FRED,US,US,USA,美国,United States,US_INDUSTRIAL_PRODUCTION_M,美国工业生产指数,U.S. Industrial Production Index,2015-07,M,index 2017=100,SA,level,101.2228,FRED,Federal Reserve Economic Data,INDPRO,U.S. Industrial Production Index,https://fred.stlouisfed.org/series/INDPRO,2026-06-22,final,2026-06-22 16:46:29,2026-06-22
US.US_INDUSTRIAL_PRODUCTION_M.FRED,US,US,USA,美国,United States,US_INDUSTRIAL_PRODUCTION_M,美国工业生产指数,U.S. Industrial Production Index,2015-08,M,index 2017=100,SA,level,101.0367,FRED,Federal Reserve Economic Data,INDPRO,U.S. Industrial Production Index,https://fred.stlouisfed.org/series/INDPRO,2026-06-22,final,2026-06-22 16:46:29,2026-06-22
US.US_INDUSTRIAL_PRODUCTION_M.FRED,US,US,USA,美国,United States,US_INDUSTRIAL_PRODUCTION_M,美国工业生产指数,U.S. Industrial Production Index,2015-09,M,index 2017=100,SA,level,100.7547,FRED,Federal Reserve Economic Data,INDPRO,U.S. Industrial Production Index,https://fred.stlouisfed.org/series/INDPRO,2026-06-22,final,2026-06-22 16:46:29,2026-06-22
US.US_INDUSTRIAL_PRODUCTION_M.FRED,US,US,USA,美国,United States,US_INDUSTRIAL_PRODUCTION_M,美国工业生产指数,U.S. Industrial Production Index,2015-10,M,index 2017=100,SA,level,100.2675,FRED,Federal Reserve Economic Data,INDPRO,U.S. Industrial Production Index,https://fred.stlouisfed.org/series/INDPRO,2026-06-22,final,2026-06-22 16:46:29,2026-06-22
US.US_INDUSTRIAL_PRODUCTION_M.FRED,US,US,USA,美国,United States,US_INDUSTRIAL_PRODUCTION_M,美国工业生产指数,U.S. Industrial Production Index,2015-11,M,index 2017=100,SA,level,99.5298,FRED,Federal Reserve Economic Data,INDPRO,U.S. Industrial Production Index,https://fred.stlouisfed.org/series/INDPRO,2026-06-22,final,2026-06-22 16:46:29,2026-06-22
US.US_INDUSTRIAL_PRODUCTION_M.FRED,US,US,USA,美国,United States,US_INDUSTRIAL_PRODUCTION_M,美国工业生产指数,U.S. Industrial Production Index,2015-12,M,index 2017=100,SA,level,99.0417,FRED,Federal Reserve Economic Data,INDPRO,U.S. Industrial Production Index,https://fred.stlouisfed.org/series/INDPRO,2026-06-22,final,2026-06-22 16:46:29,2026-06-22
US.US_INDUSTRIAL_PRODUCTION_M.FRED,US,US,USA,美国,United States,US_INDUSTRIAL_PRODUCTION_M,美国工业生产指数,U.S. Industrial Production Index,2016-01,M,index 2017=100,SA,level,99.5607,FRED,Federal Reserve Economic Data,INDPRO,U.S. Industrial Production Index,https://fred.stlouisfed.org/series/INDPRO,2026-06-22,final,2026-06-22 16:46:29,2026-06-22
US.US_INDUSTRIAL_PRODUCTION_M.FRED,US,US,USA,美国,United States,US_INDUSTRIAL_PRODUCTION_M,美国工业生产指数,U.S. Industrial Production Index,2016-02,M,index 2017=100,SA,level,99.0445,FRED,Federal Reserve Economic Data,INDPRO,U.S. Industrial Production Index,https://fred.stlouisfed.org/series/INDPRO,2026-06-22,final,2026-06-22 16:46:29,2026-06-22
US.US_INDUSTRIAL_PRODUCTION_M.FRED,US,US,USA,美国,United States,US_INDUSTRIAL_PRODUCTION_M,美国工业生产指数,U.S. Industrial Production Index,2016-03,M,index 2017=100,SA,level,98.3096,FRED,Federal Reserve Economic Data,INDPRO,U.S. Industrial Production Index,https://fred.stlouisfed.org/series/INDPRO,2026-06-22,final,2026-06-22 16:46:29,2026-06-22
US.US_INDUSTRIAL_PRODUCTION_M.FRED,US,US,USA,美国,United States,US_INDUSTRIAL_PRODUCTION_M,美国工业生产指数,U.S. Industrial Production Index,2016-04,M,index 2017=100,SA,level,98.6421,FRED,Federal Reserve Economic Data,INDPRO,U.S. Industrial Production Index,https://fred.stlouisfed.org/series/INDPRO,2026-06-22,final,2026-06-22 16:46:29,2026-06-22
US.US_INDUSTRIAL_PRODUCTION_M.FRED,US,US,USA,美国,United States,US_INDUSTRIAL_PRODUCTION_M,美国工业生产指数,U.S. Industrial Production Index,2016-05,M,index 2017=100,SA,level,98.4184,FRED,Federal Reserve Economic Data,INDPRO,U.S. Industrial Production Index,https://fred.stlouisfed.org/series/INDPRO,2026-06-22,final,2026-06-22 16:46:29,2026-06-22
US.US_INDUSTRIAL_PRODUCTION_M.FRED,US,US,USA,美国,United States,US_INDUSTRIAL_PRODUCTION_M,美国工业生产指数,U.S. Industrial Production Index,2016-06,M,index 2017=100,SA,level,98.8833,FRED,Federal Reserve Economic Data,INDPRO,U.S. Industrial Production Index,https://fred.stlouisfed.org/series/INDPRO,2026-06-22,final,2026-06-22 16:46:29,2026-06-22
US.US_INDUSTRIAL_PRODUCTION_M.FRED,US,US,USA,美国,United States,US_INDUSTRIAL_PRODUCTION_M,美国工业生产指数,U.S. Industrial Production Index,2016-07,M,index 2017=100,SA,level,98.9992,FRED,Federal Reserve Economic Data,INDPRO,U.S. Industrial Production Index,https://fred.stlouisfed.org/series/INDPRO,2026-06-22,final,2026-06-22 16:46:29,2026-06-22
US.US_INDUSTRIAL_PRODUCTION_M.FRED,US,US,USA,美国,United States,US_INDUSTRIAL_PRODUCTION_M,美国工业生产指数,U.S. Industrial Production Index,2016-08,M,index 2017=100,SA,level,98.85,FRED,Federal Reserve Economic Data,INDPRO,U.S. Industrial Production Index,https://fred.stlouisfed.org/series/INDPRO,2026-06-22,final,2026-06-22 16:46:29,2026-06-22
US.US_INDUSTRIAL_PRODUCTION_M.FRED,US,US,USA,美国,United States,US_INDUSTRIAL_PRODUCTION_M,美国工业生产指数,U.S. Industrial Production Index,2016-09,M,index 2017=100,SA,level,98.7457,FRED,Federal Reserve Economic Data,INDPRO,U.S. Industrial Production Index,https://fred.stlouisfed.org/series/INDPRO,2026-06-22,final,2026-06-22 16:46:29,2026-06-22
US.US_INDUSTRIAL_PRODUCTION_M.FRED,US,US,USA,美国,United States,US_INDUSTRIAL_PRODUCTION_M,美国工业生产指数,U.S. Industrial Production Index,2016-10,M,index 2017=100,SA,level,98.7611,FRED,Federal Reserve Economic Data,INDPRO,U.S. Industrial Production Index,https://fred.stlouisfed.org/series/INDPRO,2026-06-22,final,2026-06-22 16:46:29,2026-06-22
US.US_INDUSTRIAL_PRODUCTION_M.FRED,US,US,USA,美国,United States,US_INDUSTRIAL_PRODUCTION_M,美国工业生产指数,U.S. Industrial Production Index,2016-11,M,index 2017=100,SA,level,98.3491,FRED,Federal Reserve Economic Data,INDPRO,U.S. Industrial Production Index,https://fred.stlouisfed.org/series/INDPRO,2026-06-22,final,2026-06-22 16:46:29,2026-06-22
US.US_INDUSTRIAL_PRODUCTION_M.FRED,US,US,USA,美国,United States,US_INDUSTRIAL_PRODUCTION_M,美国工业生产指数,U.S. Industrial Production Index,2016-12,M,index 2017=100,SA,level,99.0214,FRED,Federal Reserve Economic Data,INDPRO,U.S. Industrial Production Index,https://fred.stlouisfed.org/series/INDPRO,2026-06-22,final,2026-06-22 16:46:29,2026-06-22
US.US_INDUSTRIAL_PRODUCTION_M.FRED,US,US,USA,美国,United States,US_INDUSTRIAL_PRODUCTION_M,美国工业生产指数,U.S. Industrial Production Index,2017-01,M,index 2017=100,SA,level,98.7611,FRED,Federal Reserve Economic Data,INDPRO,U.S. Industrial Production Index,https://fred.stlouisfed.org/series/INDPRO,2026-06-22,final,2026-06-22 16:46:29,2026-06-22
US.US_INDUSTRIAL_PRODUCTION_M.FRED,US,US,USA,美国,United States,US_INDUSTRIAL_PRODUCTION_M,美国工业生产指数,U.S. Industrial Production Index,2017-02,M,index 2017=100,SA,level,98.3646,FRED,Federal Reserve Economic Data,INDPRO,U.S. Industrial Production Index,https://fred.stlouisfed.org/series/INDPRO,2026-06-22,final,2026-06-22 16:46:29,2026-06-22
US.US_INDUSTRIAL_PRODUCTION_M.FRED,US,US,USA,美国,United States,US_INDUSTRIAL_PRODUCTION_M,美国工业生产指数,U.S. Industrial Production Index,2017-03,M,index 2017=100,SA,level,99.0137,FRED,Federal Reserve Economic Data,INDPRO,U.S. Industrial Production Index,https://fred.stlouisfed.org/series/INDPRO,2026-06-22,final,2026-06-22 16:46:29,2026-06-22
US.US_INDUSTRIAL_PRODUCTION_M.FRED,US,US,USA,美国,United States,US_INDUSTRIAL_PRODUCTION_M,美国工业生产指数,U.S. Industrial Production Index,2017-04,M,index 2017=100,SA,level,100.0224,FRED,Federal Reserve Economic Data,INDPRO,U.S. Industrial Production Index,https://fred.stlouisfed.org/series/INDPRO,2026-06-22,final,2026-06-22 16:46:29,2026-06-22
US.US_INDUSTRIAL_PRODUCTION_M.FRED,US,US,USA,美国,United States,US_INDUSTRIAL_PRODUCTION_M,美国工业生产指数,U.S. Industrial Production Index,2017-05,M,index 2017=100,SA,level,100.1408,FRED,Federal Reserve Economic Data,INDPRO,U.S. Industrial Production Index,https://fred.stlouisfed.org/series/INDPRO,2026-06-22,final,2026-06-22 16:46:29,2026-06-22
US.US_INDUSTRIAL_PRODUCTION_M.FRED,US,US,USA,美国,United States,US_INDUSTRIAL_PRODUCTION_M,美国工业生产指数,U.S. Industrial Production Index,2017-06,M,index 2017=100,SA,level,100.3471,FRED,Federal Reserve Economic Data,INDPRO,U.S. Industrial Production Index,https://fred.stlouisfed.org/series/INDPRO,2026-06-22,final,2026-06-22 16:46:29,2026-06-22
US.US_INDUSTRIAL_PRODUCTION_M.FRED,US,US,USA,美国,United States,US_INDUSTRIAL_PRODUCTION_M,美国工业生产指数,U.S. Industrial Production Index,2017-07,M,index 2017=100,SA,level,100.1068,FRED,Federal Reserve Economic Data,INDPRO,U.S. Industrial Production Index,https://fred.stlouisfed.org/series/INDPRO,2026-06-22,final,2026-06-22 16:46:29,2026-06-22
US.US_INDUSTRIAL_PRODUCTION_M.FRED,US,US,USA,美国,United States,US_INDUSTRIAL_PRODUCTION_M,美国工业生产指数,U.S. Industrial Production Index,2017-08,M,index 2017=100,SA,level,99.6925,FRED,Federal Reserve Economic Data,INDPRO,U.S. Industrial Production Index,https://fred.stlouisfed.org/series/INDPRO,2026-06-22,final,2026-06-22 16:46:29,2026-06-22
US.US_INDUSTRIAL_PRODUCTION_M.FRED,US,US,USA,美国,United States,US_INDUSTRIAL_PRODUCTION_M,美国工业生产指数,U.S. Industrial Production Index,2017-09,M,index 2017=100,SA,level,99.7954,FRED,Federal Reserve Economic Data,INDPRO,U.S. Industrial Production Index,https://fred.stlouisfed.org/series/INDPRO,2026-06-22,final,2026-06-22 16:46:29,2026-06-22
US.US_INDUSTRIAL_PRODUCTION_M.FRED,US,US,USA,美国,United States,US_INDUSTRIAL_PRODUCTION_M,美国工业生产指数,U.S. Industrial Production Index,2017-10,M,index 2017=100,SA,level,101.0247,FRED,Federal Reserve Economic Data,INDPRO,U.S. Industrial Production Index,https://fred.stlouisfed.org/series/INDPRO,2026-06-22,final,2026-06-22 16:46:29,2026-06-22
US.US_INDUSTRIAL_PRODUCTION_M.FRED,US,US,USA,美国,United States,US_INDUSTRIAL_PRODUCTION_M,美国工业生产指数,U.S. Industrial Production Index,2017-11,M,index 2017=100,SA,level,101.2664,FRED,Federal Reserve Economic Data,INDPRO,U.S. Industrial Production Index,https://fred.stlouisfed.org/series/INDPRO,2026-06-22,final,2026-06-22 16:46:29,2026-06-22
US.US_INDUSTRIAL_PRODUCTION_M.FRED,US,US,USA,美国,United States,US_INDUSTRIAL_PRODUCTION_M,美国工业生产指数,U.S. Industrial Production Index,2017-12,M,index 2017=100,SA,level,101.4644,FRED,Federal Reserve Economic Data,INDPRO,U.S. Industrial Production Index,https://fred.stlouisfed.org/series/INDPRO,2026-06-22,final,2026-06-22 16:46:29,2026-06-22
US.US_INDUSTRIAL_PRODUCTION_M.FRED,US,US,USA,美国,United States,US_INDUSTRIAL_PRODUCTION_M,美国工业生产指数,U.S. Industrial Production Index,2018-01,M,index 2017=100,SA,level,101.4625,FRED,Federal Reserve Economic Data,INDPRO,U.S. Industrial Production Index,https://fred.stlouisfed.org/series/INDPRO,2026-06-22,final,2026-06-22 16:46:29,2026-06-22
US.US_INDUSTRIAL_PRODUCTION_M.FRED,US,US,USA,美国,United States,US_INDUSTRIAL_PRODUCTION_M,美国工业生产指数,U.S. Industrial Production Index,2018-02,M,index 2017=100,SA,level,101.7085,FRED,Federal Reserve Economic Data,INDPRO,U.S. Industrial Production Index,https://fred.stlouisfed.org/series/INDPRO,2026-06-22,final,2026-06-22 16:46:29,2026-06-22
US.US_INDUSTRIAL_PRODUCTION_M.FRED,US,US,USA,美国,United States,US_INDUSTRIAL_PRODUCTION_M,美国工业生产指数,U.S. Industrial Production Index,2018-03,M,index 2017=100,SA,level,102.2067,FRED,Federal Reserve Economic Data,INDPRO,U.S. Industrial Production Index,https://fred.stlouisfed.org/series/INDPRO,2026-06-22,final,2026-06-22 16:46:29,2026-06-22
US.US_INDUSTRIAL_PRODUCTION_M.FRED,US,US,USA,美国,United States,US_INDUSTRIAL_PRODUCTION_M,美国工业生产指数,U.S. Industrial Production Index,2018-04,M,index 2017=100,SA,level,103.3329,FRED,Federal Reserve Economic Data,INDPRO,U.S. Industrial Production Index,https://fred.stlouisfed.org/series/INDPRO,2026-06-22,final,2026-06-22 16:46:29,2026-06-22
US.US_INDUSTRIAL_PRODUCTION_M.FRED,US,US,USA,美国,United States,US_INDUSTRIAL_PRODUCTION_M,美国工业生产指数,U.S. Industrial Production Index,2018-05,M,index 2017=100,SA,level,102.4024,FRED,Federal Reserve Economic Data,INDPRO,U.S. Industrial Production Index,https://fred.stlouisfed.org/series/INDPRO,2026-06-22,final,2026-06-22 16:46:29,2026-06-22
US.US_INDUSTRIAL_PRODUCTION_M.FRED,US,US,USA,美国,United States,US_INDUSTRIAL_PRODUCTION_M,美国工业生产指数,U.S. Industrial Production Index,2018-06,M,index 2017=100,SA,level,103.198,FRED,Federal Reserve Economic Data,INDPRO,U.S. Industrial Production Index,https://fred.stlouisfed.org/series/INDPRO,2026-06-22,final,2026-06-22 16:46:29,2026-06-22
US.US_INDUSTRIAL_PRODUCTION_M.FRED,US,US,USA,美国,United States,US_INDUSTRIAL_PRODUCTION_M,美国工业生产指数,U.S. Industrial Production Index,2018-07,M,index 2017=100,SA,level,103.3646,FRED,Federal Reserve Economic Data,INDPRO,U.S. Industrial Production Index,https://fred.stlouisfed.org/series/INDPRO,2026-06-22,final,2026-06-22 16:46:29,2026-06-22
US.US_INDUSTRIAL_PRODUCTION_M.FRED,US,US,USA,美国,United States,US_INDUSTRIAL_PRODUCTION_M,美国工业生产指数,U.S. Industrial Production Index,2018-08,M,index 2017=100,SA,level,104.0327,FRED,Federal Reserve Economic Data,INDPRO,U.S. Industrial Production Index,https://fred.stlouisfed.org/series/INDPRO,2026-06-22,final,2026-06-22 16:46:29,2026-06-22
US.US_INDUSTRIAL_PRODUCTION_M.FRED,US,US,USA,美国,United States,US_INDUSTRIAL_PRODUCTION_M,美国工业生产指数,U.S. Industrial Production Index,2018-09,M,index 2017=100,SA,level,104.1004,FRED,Federal Reserve Economic Data,INDPRO,U.S. Industrial Production Index,https://fred.stlouisfed.org/series/INDPRO,2026-06-22,final,2026-06-22 16:46:29,2026-06-22
US.US_INDUSTRIAL_PRODUCTION_M.FRED,US,US,USA,美国,United States,US_INDUSTRIAL_PRODUCTION_M,美国工业生产指数,U.S. Industrial Production Index,2018-10,M,index 2017=100,SA,level,103.9856,FRED,Federal Reserve Economic Data,INDPRO,U.S. Industrial Production Index,https://fred.stlouisfed.org/series/INDPRO,2026-06-22,final,2026-06-22 16:46:29,2026-06-22
US.US_INDUSTRIAL_PRODUCTION_M.FRED,US,US,USA,美国,United States,US_INDUSTRIAL_PRODUCTION_M,美国工业生产指数,U.S. Industrial Production Index,2018-11,M,index 2017=100,SA,level,104.0681,FRED,Federal Reserve Economic Data,INDPRO,U.S. Industrial Production Index,https://fred.stlouisfed.org/series/INDPRO,2026-06-22,final,2026-06-22 16:46:29,2026-06-22
US.US_INDUSTRIAL_PRODUCTION_M.FRED,US,US,USA,美国,United States,US_INDUSTRIAL_PRODUCTION_M,美国工业生产指数,U.S. Industrial Production Index,2018-12,M,index 2017=100,SA,level,104.0936,FRED,Federal Reserve Economic Data,INDPRO,U.S. Industrial Production Index,https://fred.stlouisfed.org/series/INDPRO,2026-06-22,final,2026-06-22 16:46:29,2026-06-22
US.US_INDUSTRIAL_PRODUCTION_M.FRED,US,US,USA,美国,United States,US_INDUSTRIAL_PRODUCTION_M,美国工业生产指数,U.S. Industrial Production Index,2019-01,M,index 2017=100,SA,level,103.4021,FRED,Federal Reserve Economic Data,INDPRO,U.S. Industrial Production Index,https://fred.stlouisfed.org/series/INDPRO,2026-06-22,final,2026-06-22 16:46:29,2026-06-22
US.US_INDUSTRIAL_PRODUCTION_M.FRED,US,US,USA,美国,United States,US_INDUSTRIAL_PRODUCTION_M,美国工业生产指数,U.S. Industrial Production Index,2019-02,M,index 2017=100,SA,level,102.8371,FRED,Federal Reserve Economic Data,INDPRO,U.S. Industrial Production Index,https://fred.stlouisfed.org/series/INDPRO,2026-06-22,final,2026-06-22 16:46:29,2026-06-22
US.US_INDUSTRIAL_PRODUCTION_M.FRED,US,US,USA,美国,United States,US_INDUSTRIAL_PRODUCTION_M,美国工业生产指数,U.S. Industrial Production Index,2019-03,M,index 2017=100,SA,level,102.8757,FRED,Federal Reserve Economic Data,INDPRO,U.S. Industrial Production Index,https://fred.stlouisfed.org/series/INDPRO,2026-06-22,final,2026-06-22 16:46:29,2026-06-22
US.US_INDUSTRIAL_PRODUCTION_M.FRED,US,US,USA,美国,United States,US_INDUSTRIAL_PRODUCTION_M,美国工业生产指数,U.S. Industrial Production Index,2019-04,M,index 2017=100,SA,level,102.274,FRED,Federal Reserve Economic Data,INDPRO,U.S. Industrial Production Index,https://fred.stlouisfed.org/series/INDPRO,2026-06-22,final,2026-06-22 16:46:29,2026-06-22
US.US_INDUSTRIAL_PRODUCTION_M.FRED,US,US,USA,美国,United States,US_INDUSTRIAL_PRODUCTION_M,美国工业生产指数,U.S. Industrial Production Index,2019-05,M,index 2017=100,SA,level,102.392,FRED,Federal Reserve Economic Data,INDPRO,U.S. Industrial Production Index,https://fred.stlouisfed.org/series/INDPRO,2026-06-22,final,2026-06-22 16:46:29,2026-06-22
US.US_INDUSTRIAL_PRODUCTION_M.FRED,US,US,USA,美国,United States,US_INDUSTRIAL_PRODUCTION_M,美国工业生产指数,U.S. Industrial Production Index,2019-06,M,index 2017=100,SA,level,102.4375,FRED,Federal Reserve Economic Data,INDPRO,U.S. Industrial Production Index,https://fred.stlouisfed.org/series/INDPRO,2026-06-22,final,2026-06-22 16:46:29,2026-06-22
US.US_INDUSTRIAL_PRODUCTION_M.FRED,US,US,USA,美国,United States,US_INDUSTRIAL_PRODUCTION_M,美国工业生产指数,U.S. Industrial Production Index,2019-07,M,index 2017=100,SA,level,101.9408,FRED,Federal Reserve Economic Data,INDPRO,U.S. Industrial Production Index,https://fred.stlouisfed.org/series/INDPRO,2026-06-22,final,2026-06-22 16:46:29,2026-06-22
US.US_INDUSTRIAL_PRODUCTION_M.FRED,US,US,USA,美国,United States,US_INDUSTRIAL_PRODUCTION_M,美国工业生产指数,U.S. Industrial Production Index,2019-08,M,index 2017=100,SA,level,102.639,FRED,Federal Reserve Economic Data,INDPRO,U.S. Industrial Production Index,https://fred.stlouisfed.org/series/INDPRO,2026-06-22,final,2026-06-22 16:46:29,2026-06-22
US.US_INDUSTRIAL_PRODUCTION_M.FRED,US,US,USA,美国,United States,US_INDUSTRIAL_PRODUCTION_M,美国工业生产指数,U.S. Industrial Production Index,2019-09,M,index 2017=100,SA,level,102.2917,FRED,Federal Reserve Economic Data,INDPRO,U.S. Industrial Production Index,https://fred.stlouisfed.org/series/INDPRO,2026-06-22,final,2026-06-22 16:46:29,2026-06-22
US.US_INDUSTRIAL_PRODUCTION_M.FRED,US,US,USA,美国,United States,US_INDUSTRIAL_PRODUCTION_M,美国工业生产指数,U.S. Industrial Production Index,2019-10,M,index 2017=100,SA,level,101.4281,FRED,Federal Reserve Economic Data,INDPRO,U.S. Industrial Production Index,https://fred.stlouisfed.org/series/INDPRO,2026-06-22,final,2026-06-22 16:46:29,2026-06-22
US.US_INDUSTRIAL_PRODUCTION_M.FRED,US,US,USA,美国,United States,US_INDUSTRIAL_PRODUCTION_M,美国工业生产指数,U.S. Industrial Production Index,2019-11,M,index 2017=100,SA,level,101.9372,FRED,Federal Reserve Economic Data,INDPRO,U.S. Industrial Production Index,https://fred.stlouisfed.org/series/INDPRO,2026-06-22,final,2026-06-22 16:46:29,2026-06-22
US.US_INDUSTRIAL_PRODUCTION_M.FRED,US,US,USA,美国,United States,US_INDUSTRIAL_PRODUCTION_M,美国工业生产指数,U.S. Industrial Production Index,2019-12,M,index 2017=100,SA,level,101.7003,FRED,Federal Reserve Economic Data,INDPRO,U.S. Industrial Production Index,https://fred.stlouisfed.org/series/INDPRO,2026-06-22,final,2026-06-22 16:46:29,2026-06-22
US.US_INDUSTRIAL_PRODUCTION_M.FRED,US,US,USA,美国,United States,US_INDUSTRIAL_PRODUCTION_M,美国工业生产指数,U.S. Industrial Production Index,2020-01,M,index 2017=100,SA,level,101.0338,FRED,Federal Reserve Economic Data,INDPRO,U.S. Industrial Production Index,https://fred.stlouisfed.org/series/INDPRO,2026-06-22,final,2026-06-22 16:46:29,2026-06-22
US.US_INDUSTRIAL_PRODUCTION_M.FRED,US,US,USA,美国,United States,US_INDUSTRIAL_PRODUCTION_M,美国工业生产指数,U.S. Industrial Production Index,2020-02,M,index 2017=100,SA,level,101.3735,FRED,Federal Reserve Economic Data,INDPRO,U.S. Industrial Production Index,https://fred.stlouisfed.org/series/INDPRO,2026-06-22,final,2026-06-22 16:46:29,2026-06-22
US.US_INDUSTRIAL_PRODUCTION_M.FRED,US,US,USA,美国,United States,US_INDUSTRIAL_PRODUCTION_M,美国工业生产指数,U.S. Industrial Production Index,2020-03,M,index 2017=100,SA,level,97.4078,FRED,Federal Reserve Economic Data,INDPRO,U.S. Industrial Production Index,https://fred.stlouisfed.org/series/INDPRO,2026-06-22,final,2026-06-22 16:46:29,2026-06-22
US.US_INDUSTRIAL_PRODUCTION_M.FRED,US,US,USA,美国,United States,US_INDUSTRIAL_PRODUCTION_M,美国工业生产指数,U.S. Industrial Production Index,2020-04,M,index 2017=100,SA,level,84.5619,FRED,Federal Reserve Economic Data,INDPRO,U.S. Industrial Production Index,https://fred.stlouisfed.org/series/INDPRO,2026-06-22,final,2026-06-22 16:46:29,2026-06-22
US.US_INDUSTRIAL_PRODUCTION_M.FRED,US,US,USA,美国,United States,US_INDUSTRIAL_PRODUCTION_M,美国工业生产指数,U.S. Industrial Production Index,2020-05,M,index 2017=100,SA,level,85.9604,FRED,Federal Reserve Economic Data,INDPRO,U.S. Industrial Production Index,https://fred.stlouisfed.org/series/INDPRO,2026-06-22,final,2026-06-22 16:46:29,2026-06-22
US.US_INDUSTRIAL_PRODUCTION_M.FRED,US,US,USA,美国,United States,US_INDUSTRIAL_PRODUCTION_M,美国工业生产指数,U.S. Industrial Production Index,2020-06,M,index 2017=100,SA,level,91.5934,FRED,Federal Reserve Economic Data,INDPRO,U.S. Industrial Production Index,https://fred.stlouisfed.org/series/INDPRO,2026-06-22,final,2026-06-22 16:46:29,2026-06-22
US.US_INDUSTRIAL_PRODUCTION_M.FRED,US,US,USA,美国,United States,US_INDUSTRIAL_PRODUCTION_M,美国工业生产指数,U.S. Industrial Production Index,2020-07,M,index 2017=100,SA,level,95.0256,FRED,Federal Reserve Economic Data,INDPRO,U.S. Industrial Production Index,https://fred.stlouisfed.org/series/INDPRO,2026-06-22,final,2026-06-22 16:46:29,2026-06-22
US.US_INDUSTRIAL_PRODUCTION_M.FRED,US,US,USA,美国,United States,US_INDUSTRIAL_PRODUCTION_M,美国工业生产指数,U.S. Industrial Production Index,2020-08,M,index 2017=100,SA,level,95.9549,FRED,Federal Reserve Economic Data,INDPRO,U.S. Industrial Production Index,https://fred.stlouisfed.org/series/INDPRO,2026-06-22,final,2026-06-22 16:46:29,2026-06-22
US.US_INDUSTRIAL_PRODUCTION_M.FRED,US,US,USA,美国,United States,US_INDUSTRIAL_PRODUCTION_M,美国工业生产指数,U.S. Industrial Production Index,2020-09,M,index 2017=100,SA,level,95.9669,FRED,Federal Reserve Economic Data,INDPRO,U.S. Industrial Production Index,https://fred.stlouisfed.org/series/INDPRO,2026-06-22,final,2026-06-22 16:46:29,2026-06-22
US.US_INDUSTRIAL_PRODUCTION_M.FRED,US,US,USA,美国,United States,US_INDUSTRIAL_PRODUCTION_M,美国工业生产指数,U.S. Industrial Production Index,2020-10,M,index 2017=100,SA,level,96.7394,FRED,Federal Reserve Economic Data,INDPRO,U.S. Industrial Production Index,https://fred.stlouisfed.org/series/INDPRO,2026-06-22,final,2026-06-22 16:46:29,2026-06-22
US.US_INDUSTRIAL_PRODUCTION_M.FRED,US,US,USA,美国,United States,US_INDUSTRIAL_PRODUCTION_M,美国工业生产指数,U.S. Industrial Production Index,2020-11,M,index 2017=100,SA,level,97.0816,FRED,Federal Reserve Economic Data,INDPRO,U.S. Industrial Production Index,https://fred.stlouisfed.org/series/INDPRO,2026-06-22,final,2026-06-22 16:46:29,2026-06-22
US.US_INDUSTRIAL_PRODUCTION_M.FRED,US,US,USA,美国,United States,US_INDUSTRIAL_PRODUCTION_M,美国工业生产指数,U.S. Industrial Production Index,2020-12,M,index 2017=100,SA,level,98.363,FRED,Federal Reserve Economic Data,INDPRO,U.S. Industrial Production Index,https://fred.stlouisfed.org/series/INDPRO,2026-06-22,final,2026-06-22 16:46:29,2026-06-22
US.US_INDUSTRIAL_PRODUCTION_M.FRED,US,US,USA,美国,United States,US_INDUSTRIAL_PRODUCTION_M,美国工业生产指数,U.S. Industrial Production Index,2021-01,M,index 2017=100,SA,level,98.8822,FRED,Federal Reserve Economic Data,INDPRO,U.S. Industrial Production Index,https://fred.stlouisfed.org/series/INDPRO,2026-06-22,final,2026-06-22 16:46:29,2026-06-22
US.US_INDUSTRIAL_PRODUCTION_M.FRED,US,US,USA,美国,United States,US_INDUSTRIAL_PRODUCTION_M,美国工业生产指数,U.S. Industrial Production Index,2021-02,M,index 2017=100,SA,level,95.6149,FRED,Federal Reserve Economic Data,INDPRO,U.S. Industrial Production Index,https://fred.stlouisfed.org/series/INDPRO,2026-06-22,final,2026-06-22 16:46:29,2026-06-22
US.US_INDUSTRIAL_PRODUCTION_M.FRED,US,US,USA,美国,United States,US_INDUSTRIAL_PRODUCTION_M,美国工业生产指数,U.S. Industrial Production Index,2021-03,M,index 2017=100,SA,level,98.3856,FRED,Federal Reserve Economic Data,INDPRO,U.S. Industrial Production Index,https://fred.stlouisfed.org/series/INDPRO,2026-06-22,final,2026-06-22 16:46:29,2026-06-22
US.US_INDUSTRIAL_PRODUCTION_M.FRED,US,US,USA,美国,United States,US_INDUSTRIAL_PRODUCTION_M,美国工业生产指数,U.S. Industrial Production Index,2021-04,M,index 2017=100,SA,level,98.5587,FRED,Federal Reserve Economic Data,INDPRO,U.S. Industrial Production Index,https://fred.stlouisfed.org/series/INDPRO,2026-06-22,final,2026-06-22 16:46:29,2026-06-22
US.US_INDUSTRIAL_PRODUCTION_M.FRED,US,US,USA,美国,United States,US_INDUSTRIAL_PRODUCTION_M,美国工业生产指数,U.S. Industrial Production Index,2021-05,M,index 2017=100,SA,level,99.4333,FRED,Federal Reserve Economic Data,INDPRO,U.S. Industrial Production Index,https://fred.stlouisfed.org/series/INDPRO,2026-06-22,final,2026-06-22 16:46:29,2026-06-22
US.US_INDUSTRIAL_PRODUCTION_M.FRED,US,US,USA,美国,United States,US_INDUSTRIAL_PRODUCTION_M,美国工业生产指数,U.S. Industrial Production Index,2021-06,M,index 2017=100,SA,level,99.7987,FRED,Federal Reserve Economic Data,INDPRO,U.S. Industrial Production Index,https://fred.stlouisfed.org/series/INDPRO,2026-06-22,final,2026-06-22 16:46:29,2026-06-22
US.US_INDUSTRIAL_PRODUCTION_M.FRED,US,US,USA,美国,United States,US_INDUSTRIAL_PRODUCTION_M,美国工业生产指数,U.S. Industrial Production Index,2021-07,M,index 2017=100,SA,level,100.2519,FRED,Federal Reserve Economic Data,INDPRO,U.S. Industrial Production Index,https://fred.stlouisfed.org/series/INDPRO,2026-06-22,final,2026-06-22 16:46:29,2026-06-22
US.US_INDUSTRIAL_PRODUCTION_M.FRED,US,US,USA,美国,United States,US_INDUSTRIAL_PRODUCTION_M,美国工业生产指数,U.S. Industrial Production Index,2021-08,M,index 2017=100,SA,level,100.0437,FRED,Federal Reserve Economic Data,INDPRO,U.S. Industrial Production Index,https://fred.stlouisfed.org/series/INDPRO,2026-06-22,final,2026-06-22 16:46:29,2026-06-22
US.US_INDUSTRIAL_PRODUCTION_M.FRED,US,US,USA,美国,United States,US_INDUSTRIAL_PRODUCTION_M,美国工业生产指数,U.S. Industrial Production Index,2021-09,M,index 2017=100,SA,level,98.8579,FRED,Federal Reserve Economic Data,INDPRO,U.S. Industrial Production Index,https://fred.stlouisfed.org/series/INDPRO,2026-06-22,final,2026-06-22 16:46:29,2026-06-22
US.US_INDUSTRIAL_PRODUCTION_M.FRED,US,US,USA,美国,United States,US_INDUSTRIAL_PRODUCTION_M,美国工业生产指数,U.S. Industrial Production Index,2021-10,M,index 2017=100,SA,level,100.1861,FRED,Federal Reserve Economic Data,INDPRO,U.S. Industrial Production Index,https://fred.stlouisfed.org/series/INDPRO,2026-06-22,final,2026-06-22 16:46:29,2026-06-22
US.US_INDUSTRIAL_PRODUCTION_M.FRED,US,US,USA,美国,United States,US_INDUSTRIAL_PRODUCTION_M,美国工业生产指数,U.S. Industrial Production Index,2021-11,M,index 2017=100,SA,level,100.8654,FRED,Federal Reserve Economic Data,INDPRO,U.S. Industrial Production Index,https://fred.stlouisfed.org/series/INDPRO,2026-06-22,final,2026-06-22 16:46:29,2026-06-22
US.US_INDUSTRIAL_PRODUCTION_M.FRED,US,US,USA,美国,United States,US_INDUSTRIAL_PRODUCTION_M,美国工业生产指数,U.S. Industrial Production Index,2021-12,M,index 2017=100,SA,level,100.5726,FRED,Federal Reserve Economic Data,INDPRO,U.S. Industrial Production Index,https://fred.stlouisfed.org/series/INDPRO,2026-06-22,final,2026-06-22 16:46:29,2026-06-22
US.US_INDUSTRIAL_PRODUCTION_M.FRED,US,US,USA,美国,United States,US_INDUSTRIAL_PRODUCTION_M,美国工业生产指数,U.S. Industrial Production Index,2022-01,M,index 2017=100,SA,level,100.1856,FRED,Federal Reserve Economic Data,INDPRO,U.S. Industrial Production Index,https://fred.stlouisfed.org/series/INDPRO,2026-06-22,final,2026-06-22 16:46:29,2026-06-22
US.US_INDUSTRIAL_PRODUCTION_M.FRED,US,US,USA,美国,United States,US_INDUSTRIAL_PRODUCTION_M,美国工业生产指数,U.S. Industrial Production Index,2022-02,M,index 2017=100,SA,level,100.8064,FRED,Federal Reserve Economic Data,INDPRO,U.S. Industrial Production Index,https://fred.stlouisfed.org/series/INDPRO,2026-06-22,final,2026-06-22 16:46:29,2026-06-22
US.US_INDUSTRIAL_PRODUCTION_M.FRED,US,US,USA,美国,United States,US_INDUSTRIAL_PRODUCTION_M,美国工业生产指数,U.S. Industrial Production Index,2022-03,M,index 2017=100,SA,level,101.3907,FRED,Federal Reserve Economic Data,INDPRO,U.S. Industrial Production Index,https://fred.stlouisfed.org/series/INDPRO,2026-06-22,final,2026-06-22 16:46:29,2026-06-22
US.US_INDUSTRIAL_PRODUCTION_M.FRED,US,US,USA,美国,United States,US_INDUSTRIAL_PRODUCTION_M,美国工业生产指数,U.S. Industrial Production Index,2022-04,M,index 2017=100,SA,level,101.44,FRED,Federal Reserve Economic Data,INDPRO,U.S. Industrial Production Index,https://fred.stlouisfed.org/series/INDPRO,2026-06-22,final,2026-06-22 16:46:29,2026-06-22
US.US_INDUSTRIAL_PRODUCTION_M.FRED,US,US,USA,美国,United States,US_INDUSTRIAL_PRODUCTION_M,美国工业生产指数,U.S. Industrial Production Index,2022-05,M,index 2017=100,SA,level,101.3335,FRED,Federal Reserve Economic Data,INDPRO,U.S. Industrial Production Index,https://fred.stlouisfed.org/series/INDPRO,2026-06-22,final,2026-06-22 16:46:29,2026-06-22
US.US_INDUSTRIAL_PRODUCTION_M.FRED,US,US,USA,美国,United States,US_INDUSTRIAL_PRODUCTION_M,美国工业生产指数,U.S. Industrial Production Index,2022-06,M,index 2017=100,SA,level,101.018,FRED,Federal Reserve Economic Data,INDPRO,U.S. Industrial Production Index,https://fred.stlouisfed.org/series/INDPRO,2026-06-22,final,2026-06-22 16:46:29,2026-06-22
US.US_INDUSTRIAL_PRODUCTION_M.FRED,US,US,USA,美国,United States,US_INDUSTRIAL_PRODUCTION_M,美国工业生产指数,U.S. Industrial Production Index,2022-07,M,index 2017=100,SA,level,101.223,FRED,Federal Reserve Economic Data,INDPRO,U.S. Industrial Production Index,https://fred.stlouisfed.org/series/INDPRO,2026-06-22,final,2026-06-22 16:46:29,2026-06-22
US.US_INDUSTRIAL_PRODUCTION_M.FRED,US,US,USA,美国,United States,US_INDUSTRIAL_PRODUCTION_M,美国工业生产指数,U.S. Industrial Production Index,2022-08,M,index 2017=100,SA,level,101.0963,FRED,Federal Reserve Economic Data,INDPRO,U.S. Industrial Production Index,https://fred.stlouisfed.org/series/INDPRO,2026-06-22,final,2026-06-22 16:46:29,2026-06-22
US.US_INDUSTRIAL_PRODUCTION_M.FRED,US,US,USA,美国,United States,US_INDUSTRIAL_PRODUCTION_M,美国工业生产指数,U.S. Industrial Production Index,2022-09,M,index 2017=100,SA,level,101.2918,FRED,Federal Reserve Economic Data,INDPRO,U.S. Industrial Production Index,https://fred.stlouisfed.org/series/INDPRO,2026-06-22,final,2026-06-22 16:46:29,2026-06-22
US.US_INDUSTRIAL_PRODUCTION_M.FRED,US,US,USA,美国,United States,US_INDUSTRIAL_PRODUCTION_M,美国工业生产指数,U.S. Industrial Production Index,2022-10,M,index 2017=100,SA,level,101.2529,FRED,Federal Reserve Economic Data,INDPRO,U.S. Industrial Production Index,https://fred.stlouisfed.org/series/INDPRO,2026-06-22,final,2026-06-22 16:46:29,2026-06-22
US.US_INDUSTRIAL_PRODUCTION_M.FRED,US,US,USA,美国,United States,US_INDUSTRIAL_PRODUCTION_M,美国工业生产指数,U.S. Industrial Production Index,2022-11,M,index 2017=100,SA,level,100.9552,FRED,Federal Reserve Economic Data,INDPRO,U.S. Industrial Production Index,https://fred.stlouisfed.org/series/INDPRO,2026-06-22,final,2026-06-22 16:46:29,2026-06-22
US.US_INDUSTRIAL_PRODUCTION_M.FRED,US,US,USA,美国,United States,US_INDUSTRIAL_PRODUCTION_M,美国工业生产指数,U.S. Industrial Production Index,2022-12,M,index 2017=100,SA,level,99.7664,FRED,Federal Reserve Economic Data,INDPRO,U.S. Industrial Production Index,https://fred.stlouisfed.org/series/INDPRO,2026-06-22,final,2026-06-22 16:46:29,2026-06-22
US.US_INDUSTRIAL_PRODUCTION_M.FRED,US,US,USA,美国,United States,US_INDUSTRIAL_PRODUCTION_M,美国工业生产指数,U.S. Industrial Production Index,2023-01,M,index 2017=100,SA,level,100.505,FRED,Federal Reserve Economic Data,INDPRO,U.S. Industrial Production Index,https://fred.stlouisfed.org/series/INDPRO,2026-06-22,final,2026-06-22 16:46:29,2026-06-22
US.US_INDUSTRIAL_PRODUCTION_M.FRED,US,US,USA,美国,United States,US_INDUSTRIAL_PRODUCTION_M,美国工业生产指数,U.S. Industrial Production Index,2023-02,M,index 2017=100,SA,level,100.6416,FRED,Federal Reserve Economic Data,INDPRO,U.S. Industrial Production Index,https://fred.stlouisfed.org/series/INDPRO,2026-06-22,final,2026-06-22 16:46:29,2026-06-22
US.US_INDUSTRIAL_PRODUCTION_M.FRED,US,US,USA,美国,United States,US_INDUSTRIAL_PRODUCTION_M,美国工业生产指数,U.S. Industrial Production Index,2023-03,M,index 2017=100,SA,level,101.0205,FRED,Federal Reserve Economic Data,INDPRO,U.S. Industrial Production Index,https://fred.stlouisfed.org/series/INDPRO,2026-06-22,final,2026-06-22 16:46:29,2026-06-22
US.US_INDUSTRIAL_PRODUCTION_M.FRED,US,US,USA,美国,United States,US_INDUSTRIAL_PRODUCTION_M,美国工业生产指数,U.S. Industrial Production Index,2023-04,M,index 2017=100,SA,level,101.253,FRED,Federal Reserve Economic Data,INDPRO,U.S. Industrial Production Index,https://fred.stlouisfed.org/series/INDPRO,2026-06-22,final,2026-06-22 16:46:29,2026-06-22
US.US_INDUSTRIAL_PRODUCTION_M.FRED,US,US,USA,美国,United States,US_INDUSTRIAL_PRODUCTION_M,美国工业生产指数,U.S. Industrial Production Index,2023-05,M,index 2017=100,SA,level,100.9286,FRED,Federal Reserve Economic Data,INDPRO,U.S. Industrial Production Index,https://fred.stlouisfed.org/series/INDPRO,2026-06-22,final,2026-06-22 16:46:29,2026-06-22
US.US_INDUSTRIAL_PRODUCTION_M.FRED,US,US,USA,美国,United States,US_INDUSTRIAL_PRODUCTION_M,美国工业生产指数,U.S. Industrial Production Index,2023-06,M,index 2017=100,SA,level,100.1196,FRED,Federal Reserve Economic Data,INDPRO,U.S. Industrial Production Index,https://fred.stlouisfed.org/series/INDPRO,2026-06-22,final,2026-06-22 16:46:29,2026-06-22
US.US_INDUSTRIAL_PRODUCTION_M.FRED,US,US,USA,美国,United States,US_INDUSTRIAL_PRODUCTION_M,美国工业生产指数,U.S. Industrial Production Index,2023-07,M,index 2017=100,SA,level,100.9067,FRED,Federal Reserve Economic Data,INDPRO,U.S. Industrial Production Index,https://fred.stlouisfed.org/series/INDPRO,2026-06-22,final,2026-06-22 16:46:29,2026-06-22
US.US_INDUSTRIAL_PRODUCTION_M.FRED,US,US,USA,美国,United States,US_INDUSTRIAL_PRODUCTION_M,美国工业生产指数,U.S. Industrial Production Index,2023-08,M,index 2017=100,SA,level,100.8393,FRED,Federal Reserve Economic Data,INDPRO,U.S. Industrial Production Index,https://fred.stlouisfed.org/series/INDPRO,2026-06-22,final,2026-06-22 16:46:29,2026-06-22
US.US_INDUSTRIAL_PRODUCTION_M.FRED,US,US,USA,美国,United States,US_INDUSTRIAL_PRODUCTION_M,美国工业生产指数,U.S. Industrial Production Index,2023-09,M,index 2017=100,SA,level,101.0211,FRED,Federal Reserve Economic Data,INDPRO,U.S. Industrial Production Index,https://fred.stlouisfed.org/series/INDPRO,2026-06-22,final,2026-06-22 16:46:29,2026-06-22
US.US_INDUSTRIAL_PRODUCTION_M.FRED,US,US,USA,美国,United States,US_INDUSTRIAL_PRODUCTION_M,美国工业生产指数,U.S. Industrial Production Index,2023-10,M,index 2017=100,SA,level,100.4689,FRED,Federal Reserve Economic Data,INDPRO,U.S. Industrial Production Index,https://fred.stlouisfed.org/series/INDPRO,2026-06-22,final,2026-06-22 16:46:29,2026-06-22
US.US_INDUSTRIAL_PRODUCTION_M.FRED,US,US,USA,美国,United States,US_INDUSTRIAL_PRODUCTION_M,美国工业生产指数,U.S. Industrial Production Index,2023-11,M,index 2017=100,SA,level,100.8639,FRED,Federal Reserve Economic Data,INDPRO,U.S. Industrial Production Index,https://fred.stlouisfed.org/series/INDPRO,2026-06-22,final,2026-06-22 16:46:29,2026-06-22
US.US_INDUSTRIAL_PRODUCTION_M.FRED,US,US,USA,美国,United States,US_INDUSTRIAL_PRODUCTION_M,美国工业生产指数,U.S. Industrial Production Index,2023-12,M,index 2017=100,SA,level,100.6031,FRED,Federal Reserve Economic Data,INDPRO,U.S. Industrial Production Index,https://fred.stlouisfed.org/series/INDPRO,2026-06-22,final,2026-06-22 16:46:29,2026-06-22
US.US_INDUSTRIAL_PRODUCTION_M.FRED,US,US,USA,美国,United States,US_INDUSTRIAL_PRODUCTION_M,美国工业生产指数,U.S. Industrial Production Index,2024-01,M,index 2017=100,SA,level,99.2223,FRED,Federal Reserve Economic Data,INDPRO,U.S. Industrial Production Index,https://fred.stlouisfed.org/series/INDPRO,2026-06-22,final,2026-06-22 16:46:29,2026-06-22
US.US_INDUSTRIAL_PRODUCTION_M.FRED,US,US,USA,美国,United States,US_INDUSTRIAL_PRODUCTION_M,美国工业生产指数,U.S. Industrial Production Index,2024-02,M,index 2017=100,SA,level,100.285,FRED,Federal Reserve Economic Data,INDPRO,U.S. Industrial Production Index,https://fred.stlouisfed.org/series/INDPRO,2026-06-22,final,2026-06-22 16:46:29,2026-06-22
US.US_INDUSTRIAL_PRODUCTION_M.FRED,US,US,USA,美国,United States,US_INDUSTRIAL_PRODUCTION_M,美国工业生产指数,U.S. Industrial Production Index,2024-03,M,index 2017=100,SA,level,100.4575,FRED,Federal Reserve Economic Data,INDPRO,U.S. Industrial Production Index,https://fred.stlouisfed.org/series/INDPRO,2026-06-22,final,2026-06-22 16:46:29,2026-06-22
US.US_INDUSTRIAL_PRODUCTION_M.FRED,US,US,USA,美国,United States,US_INDUSTRIAL_PRODUCTION_M,美国工业生产指数,U.S. Industrial Production Index,2024-04,M,index 2017=100,SA,level,100.2434,FRED,Federal Reserve Economic Data,INDPRO,U.S. Industrial Production Index,https://fred.stlouisfed.org/series/INDPRO,2026-06-22,final,2026-06-22 16:46:29,2026-06-22
US.US_INDUSTRIAL_PRODUCTION_M.FRED,US,US,USA,美国,United States,US_INDUSTRIAL_PRODUCTION_M,美国工业生产指数,U.S. Industrial Production Index,2024-05,M,index 2017=100,SA,level,100.863,FRED,Federal Reserve Economic Data,INDPRO,U.S. Industrial Production Index,https://fred.stlouisfed.org/series/INDPRO,2026-06-22,final,2026-06-22 16:46:29,2026-06-22
US.US_INDUSTRIAL_PRODUCTION_M.FRED,US,US,USA,美国,United States,US_INDUSTRIAL_PRODUCTION_M,美国工业生产指数,U.S. Industrial Production Index,2024-06,M,index 2017=100,SA,level,100.894,FRED,Federal Reserve Economic Data,INDPRO,U.S. Industrial Production Index,https://fred.stlouisfed.org/series/INDPRO,2026-06-22,final,2026-06-22 16:46:29,2026-06-22
US.US_INDUSTRIAL_PRODUCTION_M.FRED,US,US,USA,美国,United States,US_INDUSTRIAL_PRODUCTION_M,美国工业生产指数,U.S. Industrial Production Index,2024-07,M,index 2017=100,SA,level,99.9757,FRED,Federal Reserve Economic Data,INDPRO,U.S. Industrial Production Index,https://fred.stlouisfed.org/series/INDPRO,2026-06-22,final,2026-06-22 16:46:29,2026-06-22
US.US_INDUSTRIAL_PRODUCTION_M.FRED,US,US,USA,美国,United States,US_INDUSTRIAL_PRODUCTION_M,美国工业生产指数,U.S. Industrial Production Index,2024-08,M,index 2017=100,SA,level,100.4309,FRED,Federal Reserve Economic Data,INDPRO,U.S. Industrial Production Index,https://fred.stlouisfed.org/series/INDPRO,2026-06-22,final,2026-06-22 16:46:29,2026-06-22
US.US_INDUSTRIAL_PRODUCTION_M.FRED,US,US,USA,美国,United States,US_INDUSTRIAL_PRODUCTION_M,美国工业生产指数,U.S. Industrial Production Index,2024-09,M,index 2017=100,SA,level,99.8084,FRED,Federal Reserve Economic Data,INDPRO,U.S. Industrial Production Index,https://fred.stlouisfed.org/series/INDPRO,2026-06-22,final,2026-06-22 16:46:29,2026-06-22
US.US_INDUSTRIAL_PRODUCTION_M.FRED,US,US,USA,美国,United States,US_INDUSTRIAL_PRODUCTION_M,美国工业生产指数,U.S. Industrial Production Index,2024-10,M,index 2017=100,SA,level,99.4695,FRED,Federal Reserve Economic Data,INDPRO,U.S. Industrial Production Index,https://fred.stlouisfed.org/series/INDPRO,2026-06-22,final,2026-06-22 16:46:29,2026-06-22
US.US_INDUSTRIAL_PRODUCTION_M.FRED,US,US,USA,美国,United States,US_INDUSTRIAL_PRODUCTION_M,美国工业生产指数,U.S. Industrial Production Index,2024-11,M,index 2017=100,SA,level,99.2925,FRED,Federal Reserve Economic Data,INDPRO,U.S. Industrial Production Index,https://fred.stlouisfed.org/series/INDPRO,2026-06-22,final,2026-06-22 16:46:29,2026-06-22
US.US_INDUSTRIAL_PRODUCTION_M.FRED,US,US,USA,美国,United States,US_INDUSTRIAL_PRODUCTION_M,美国工业生产指数,U.S. Industrial Production Index,2024-12,M,index 2017=100,SA,level,100.3273,FRED,Federal Reserve Economic Data,INDPRO,U.S. Industrial Production Index,https://fred.stlouisfed.org/series/INDPRO,2026-06-22,final,2026-06-22 16:46:29,2026-06-22
US.US_INDUSTRIAL_PRODUCTION_M.FRED,US,US,USA,美国,United States,US_INDUSTRIAL_PRODUCTION_M,美国工业生产指数,U.S. Industrial Production Index,2025-01,M,index 2017=100,SA,level,100.0647,FRED,Federal Reserve Economic Data,INDPRO,U.S. Industrial Production Index,https://fred.stlouisfed.org/series/INDPRO,2026-06-22,final,2026-06-22 16:46:29,2026-06-22
US.US_INDUSTRIAL_PRODUCTION_M.FRED,US,US,USA,美国,United States,US_INDUSTRIAL_PRODUCTION_M,美国工业生产指数,U.S. Industrial Production Index,2025-02,M,index 2017=100,SA,level,101.0993,FRED,Federal Reserve Economic Data,INDPRO,U.S. Industrial Production Index,https://fred.stlouisfed.org/series/INDPRO,2026-06-22,final,2026-06-22 16:46:29,2026-06-22
US.US_INDUSTRIAL_PRODUCTION_M.FRED,US,US,USA,美国,United States,US_INDUSTRIAL_PRODUCTION_M,美国工业生产指数,U.S. Industrial Production Index,2025-03,M,index 2017=100,SA,level,101.0404,FRED,Federal Reserve Economic Data,INDPRO,U.S. Industrial Production Index,https://fred.stlouisfed.org/series/INDPRO,2026-06-22,final,2026-06-22 16:46:29,2026-06-22
US.US_INDUSTRIAL_PRODUCTION_M.FRED,US,US,USA,美国,United States,US_INDUSTRIAL_PRODUCTION_M,美国工业生产指数,U.S. Industrial Production Index,2025-04,M,index 2017=100,SA,level,101.1279,FRED,Federal Reserve Economic Data,INDPRO,U.S. Industrial Production Index,https://fred.stlouisfed.org/series/INDPRO,2026-06-22,final,2026-06-22 16:46:29,2026-06-22
US.US_INDUSTRIAL_PRODUCTION_M.FRED,US,US,USA,美国,United States,US_INDUSTRIAL_PRODUCTION_M,美国工业生产指数,U.S. Industrial Production Index,2025-05,M,index 2017=100,SA,level,100.9655,FRED,Federal Reserve Economic Data,INDPRO,U.S. Industrial Production Index,https://fred.stlouisfed.org/series/INDPRO,2026-06-22,final,2026-06-22 16:46:29,2026-06-22
US.US_INDUSTRIAL_PRODUCTION_M.FRED,US,US,USA,美国,United States,US_INDUSTRIAL_PRODUCTION_M,美国工业生产指数,U.S. Industrial Production Index,2025-06,M,index 2017=100,SA,level,101.4785,FRED,Federal Reserve Economic Data,INDPRO,U.S. Industrial Production Index,https://fred.stlouisfed.org/series/INDPRO,2026-06-22,final,2026-06-22 16:46:29,2026-06-22
US.US_INDUSTRIAL_PRODUCTION_M.FRED,US,US,USA,美国,United States,US_INDUSTRIAL_PRODUCTION_M,美国工业生产指数,U.S. Industrial Production Index,2025-07,M,index 2017=100,SA,level,101.894,FRED,Federal Reserve Economic Data,INDPRO,U.S. Industrial Production Index,https://fred.stlouisfed.org/series/INDPRO,2026-06-22,final,2026-06-22 16:46:29,2026-06-22
US.US_INDUSTRIAL_PRODUCTION_M.FRED,US,US,USA,美国,United States,US_INDUSTRIAL_PRODUCTION_M,美国工业生产指数,U.S. Industrial Production Index,2025-08,M,index 2017=100,SA,level,101.6247,FRED,Federal Reserve Economic Data,INDPRO,U.S. Industrial Production Index,https://fred.stlouisfed.org/series/INDPRO,2026-06-22,final,2026-06-22 16:46:29,2026-06-22
US.US_INDUSTRIAL_PRODUCTION_M.FRED,US,US,USA,美国,United States,US_INDUSTRIAL_PRODUCTION_M,美国工业生产指数,U.S. Industrial Production Index,2025-09,M,index 2017=100,SA,level,101.668,FRED,Federal Reserve Economic Data,INDPRO,U.S. Industrial Production Index,https://fred.stlouisfed.org/series/INDPRO,2026-06-22,final,2026-06-22 16:46:29,2026-06-22
US.US_INDUSTRIAL_PRODUCTION_M.FRED,US,US,USA,美国,United States,US_INDUSTRIAL_PRODUCTION_M,美国工业生产指数,U.S. Industrial Production Index,2025-10,M,index 2017=100,SA,level,101.2195,FRED,Federal Reserve Economic Data,INDPRO,U.S. Industrial Production Index,https://fred.stlouisfed.org/series/INDPRO,2026-06-22,final,2026-06-22 16:46:29,2026-06-22
US.US_INDUSTRIAL_PRODUCTION_M.FRED,US,US,USA,美国,United States,US_INDUSTRIAL_PRODUCTION_M,美国工业生产指数,U.S. Industrial Production Index,2025-11,M,index 2017=100,SA,level,101.0344,FRED,Federal Reserve Economic Data,INDPRO,U.S. Industrial Production Index,https://fred.stlouisfed.org/series/INDPRO,2026-06-22,final,2026-06-22 16:46:29,2026-06-22
US.US_INDUSTRIAL_PRODUCTION_M.FRED,US,US,USA,美国,United States,US_INDUSTRIAL_PRODUCTION_M,美国工业生产指数,U.S. Industrial Production Index,2025-12,M,index 2017=100,SA,level,101.5203,FRED,Federal Reserve Economic Data,INDPRO,U.S. Industrial Production Index,https://fred.stlouisfed.org/series/INDPRO,2026-06-22,final,2026-06-22 16:46:29,2026-06-22
US.US_INDUSTRIAL_PRODUCTION_M.FRED,US,US,USA,美国,United States,US_INDUSTRIAL_PRODUCTION_M,美国工业生产指数,U.S. Industrial Production Index,2026-01,M,index 2017=100,SA,level,101.4737,FRED,Federal Reserve Economic Data,INDPRO,U.S. Industrial Production Index,https://fred.stlouisfed.org/series/INDPRO,2026-06-22,final,2026-06-22 16:46:29,2026-06-22
US.US_INDUSTRIAL_PRODUCTION_M.FRED,US,US,USA,美国,United States,US_INDUSTRIAL_PRODUCTION_M,美国工业生产指数,U.S. Industrial Production Index,2026-02,M,index 2017=100,SA,level,102.1009,FRED,Federal Reserve Economic Data,INDPRO,U.S. Industrial Production Index,https://fred.stlouisfed.org/series/INDPRO,2026-06-22,final,2026-06-22 16:46:29,2026-06-22
US.US_INDUSTRIAL_PRODUCTION_M.FRED,US,US,USA,美国,United States,US_INDUSTRIAL_PRODUCTION_M,美国工业生产指数,U.S. Industrial Production Index,2026-03,M,index 2017=100,SA,level,101.806,FRED,Federal Reserve Economic Data,INDPRO,U.S. Industrial Production Index,https://fred.stlouisfed.org/series/INDPRO,2026-06-22,final,2026-06-22 16:46:29,2026-06-22
US.US_INDUSTRIAL_PRODUCTION_M.FRED,US,US,USA,美国,United States,US_INDUSTRIAL_PRODUCTION_M,美国工业生产指数,U.S. Industrial Production Index,2026-04,M,index 2017=100,SA,level,102.4963,FRED,Federal Reserve Economic Data,INDPRO,U.S. Industrial Production Index,https://fred.stlouisfed.org/series/INDPRO,2026-06-22,final,2026-06-22 16:46:29,2026-06-22
US.US_FED_FUNDS_RATE_M.FRED,US,US,USA,美国,United States,US_FED_FUNDS_RATE_M,美国联邦基金有效利率,U.S. Effective Federal Funds Rate,2015-01,M,%,NSA,level,0.11,FRED,Federal Reserve Economic Data,FEDFUNDS,U.S. Effective Federal Funds Rate,https://fred.stlouisfed.org/series/FEDFUNDS,2026-06-22,final,2026-06-22 16:46:29,2026-06-22
US.US_FED_FUNDS_RATE_M.FRED,US,US,USA,美国,United States,US_FED_FUNDS_RATE_M,美国联邦基金有效利率,U.S. Effective Federal Funds Rate,2015-02,M,%,NSA,level,0.11,FRED,Federal Reserve Economic Data,FEDFUNDS,U.S. Effective Federal Funds Rate,https://fred.stlouisfed.org/series/FEDFUNDS,2026-06-22,final,2026-06-22 16:46:29,2026-06-22
US.US_FED_FUNDS_RATE_M.FRED,US,US,USA,美国,United States,US_FED_FUNDS_RATE_M,美国联邦基金有效利率,U.S. Effective Federal Funds Rate,2015-03,M,%,NSA,level,0.11,FRED,Federal Reserve Economic Data,FEDFUNDS,U.S. Effective Federal Funds Rate,https://fred.stlouisfed.org/series/FEDFUNDS,2026-06-22,final,2026-06-22 16:46:29,2026-06-22
US.US_FED_FUNDS_RATE_M.FRED,US,US,USA,美国,United States,US_FED_FUNDS_RATE_M,美国联邦基金有效利率,U.S. Effective Federal Funds Rate,2015-04,M,%,NSA,level,0.12,FRED,Federal Reserve Economic Data,FEDFUNDS,U.S. Effective Federal Funds Rate,https://fred.stlouisfed.org/series/FEDFUNDS,2026-06-22,final,2026-06-22 16:46:29,2026-06-22
US.US_FED_FUNDS_RATE_M.FRED,US,US,USA,美国,United States,US_FED_FUNDS_RATE_M,美国联邦基金有效利率,U.S. Effective Federal Funds Rate,2015-05,M,%,NSA,level,0.12,FRED,Federal Reserve Economic Data,FEDFUNDS,U.S. Effective Federal Funds Rate,https://fred.stlouisfed.org/series/FEDFUNDS,2026-06-22,final,2026-06-22 16:46:29,2026-06-22
US.US_FED_FUNDS_RATE_M.FRED,US,US,USA,美国,United States,US_FED_FUNDS_RATE_M,美国联邦基金有效利率,U.S. Effective Federal Funds Rate,2015-06,M,%,NSA,level,0.13,FRED,Federal Reserve Economic Data,FEDFUNDS,U.S. Effective Federal Funds Rate,https://fred.stlouisfed.org/series/FEDFUNDS,2026-06-22,final,2026-06-22 16:46:29,2026-06-22
US.US_FED_FUNDS_RATE_M.FRED,US,US,USA,美国,United States,US_FED_FUNDS_RATE_M,美国联邦基金有效利率,U.S. Effective Federal Funds Rate,2015-07,M,%,NSA,level,0.13,FRED,Federal Reserve Economic Data,FEDFUNDS,U.S. Effective Federal Funds Rate,https://fred.stlouisfed.org/series/FEDFUNDS,2026-06-22,final,2026-06-22 16:46:29,2026-06-22
US.US_FED_FUNDS_RATE_M.FRED,US,US,USA,美国,United States,US_FED_FUNDS_RATE_M,美国联邦基金有效利率,U.S. Effective Federal Funds Rate,2015-08,M,%,NSA,level,0.14,FRED,Federal Reserve Economic Data,FEDFUNDS,U.S. Effective Federal Funds Rate,https://fred.stlouisfed.org/series/FEDFUNDS,2026-06-22,final,2026-06-22 16:46:29,2026-06-22
US.US_FED_FUNDS_RATE_M.FRED,US,US,USA,美国,United States,US_FED_FUNDS_RATE_M,美国联邦基金有效利率,U.S. Effective Federal Funds Rate,2015-09,M,%,NSA,level,0.14,FRED,Federal Reserve Economic Data,FEDFUNDS,U.S. Effective Federal Funds Rate,https://fred.stlouisfed.org/series/FEDFUNDS,2026-06-22,final,2026-06-22 16:46:29,2026-06-22
US.US_FED_FUNDS_RATE_M.FRED,US,US,USA,美国,United States,US_FED_FUNDS_RATE_M,美国联邦基金有效利率,U.S. Effective Federal Funds Rate,2015-10,M,%,NSA,level,0.12,FRED,Federal Reserve Economic Data,FEDFUNDS,U.S. Effective Federal Funds Rate,https://fred.stlouisfed.org/series/FEDFUNDS,2026-06-22,final,2026-06-22 16:46:29,2026-06-22
US.US_FED_FUNDS_RATE_M.FRED,US,US,USA,美国,United States,US_FED_FUNDS_RATE_M,美国联邦基金有效利率,U.S. Effective Federal Funds Rate,2015-11,M,%,NSA,level,0.12,FRED,Federal Reserve Economic Data,FEDFUNDS,U.S. Effective Federal Funds Rate,https://fred.stlouisfed.org/series/FEDFUNDS,2026-06-22,final,2026-06-22 16:46:29,2026-06-22
US.US_FED_FUNDS_RATE_M.FRED,US,US,USA,美国,United States,US_FED_FUNDS_RATE_M,美国联邦基金有效利率,U.S. Effective Federal Funds Rate,2015-12,M,%,NSA,level,0.24,FRED,Federal Reserve Economic Data,FEDFUNDS,U.S. Effective Federal Funds Rate,https://fred.stlouisfed.org/series/FEDFUNDS,2026-06-22,final,2026-06-22 16:46:29,2026-06-22
US.US_FED_FUNDS_RATE_M.FRED,US,US,USA,美国,United States,US_FED_FUNDS_RATE_M,美国联邦基金有效利率,U.S. Effective Federal Funds Rate,2016-01,M,%,NSA,level,0.34,FRED,Federal Reserve Economic Data,FEDFUNDS,U.S. Effective Federal Funds Rate,https://fred.stlouisfed.org/series/FEDFUNDS,2026-06-22,final,2026-06-22 16:46:29,2026-06-22
US.US_FED_FUNDS_RATE_M.FRED,US,US,USA,美国,United States,US_FED_FUNDS_RATE_M,美国联邦基金有效利率,U.S. Effective Federal Funds Rate,2016-02,M,%,NSA,level,0.38,FRED,Federal Reserve Economic Data,FEDFUNDS,U.S. Effective Federal Funds Rate,https://fred.stlouisfed.org/series/FEDFUNDS,2026-06-22,final,2026-06-22 16:46:29,2026-06-22
US.US_FED_FUNDS_RATE_M.FRED,US,US,USA,美国,United States,US_FED_FUNDS_RATE_M,美国联邦基金有效利率,U.S. Effective Federal Funds Rate,2016-03,M,%,NSA,level,0.36,FRED,Federal Reserve Economic Data,FEDFUNDS,U.S. Effective Federal Funds Rate,https://fred.stlouisfed.org/series/FEDFUNDS,2026-06-22,final,2026-06-22 16:46:29,2026-06-22
US.US_FED_FUNDS_RATE_M.FRED,US,US,USA,美国,United States,US_FED_FUNDS_RATE_M,美国联邦基金有效利率,U.S. Effective Federal Funds Rate,2016-04,M,%,NSA,level,0.37,FRED,Federal Reserve Economic Data,FEDFUNDS,U.S. Effective Federal Funds Rate,https://fred.stlouisfed.org/series/FEDFUNDS,2026-06-22,final,2026-06-22 16:46:29,2026-06-22
US.US_FED_FUNDS_RATE_M.FRED,US,US,USA,美国,United States,US_FED_FUNDS_RATE_M,美国联邦基金有效利率,U.S. Effective Federal Funds Rate,2016-05,M,%,NSA,level,0.37,FRED,Federal Reserve Economic Data,FEDFUNDS,U.S. Effective Federal Funds Rate,https://fred.stlouisfed.org/series/FEDFUNDS,2026-06-22,final,2026-06-22 16:46:29,2026-06-22
US.US_FED_FUNDS_RATE_M.FRED,US,US,USA,美国,United States,US_FED_FUNDS_RATE_M,美国联邦基金有效利率,U.S. Effective Federal Funds Rate,2016-06,M,%,NSA,level,0.38,FRED,Federal Reserve Economic Data,FEDFUNDS,U.S. Effective Federal Funds Rate,https://fred.stlouisfed.org/series/FEDFUNDS,2026-06-22,final,2026-06-22 16:46:29,2026-06-22
US.US_FED_FUNDS_RATE_M.FRED,US,US,USA,美国,United States,US_FED_FUNDS_RATE_M,美国联邦基金有效利率,U.S. Effective Federal Funds Rate,2016-07,M,%,NSA,level,0.39,FRED,Federal Reserve Economic Data,FEDFUNDS,U.S. Effective Federal Funds Rate,https://fred.stlouisfed.org/series/FEDFUNDS,2026-06-22,final,2026-06-22 16:46:29,2026-06-22
US.US_FED_FUNDS_RATE_M.FRED,US,US,USA,美国,United States,US_FED_FUNDS_RATE_M,美国联邦基金有效利率,U.S. Effective Federal Funds Rate,2016-08,M,%,NSA,level,0.4,FRED,Federal Reserve Economic Data,FEDFUNDS,U.S. Effective Federal Funds Rate,https://fred.stlouisfed.org/series/FEDFUNDS,2026-06-22,final,2026-06-22 16:46:29,2026-06-22
US.US_FED_FUNDS_RATE_M.FRED,US,US,USA,美国,United States,US_FED_FUNDS_RATE_M,美国联邦基金有效利率,U.S. Effective Federal Funds Rate,2016-09,M,%,NSA,level,0.4,FRED,Federal Reserve Economic Data,FEDFUNDS,U.S. Effective Federal Funds Rate,https://fred.stlouisfed.org/series/FEDFUNDS,2026-06-22,final,2026-06-22 16:46:29,2026-06-22
US.US_FED_FUNDS_RATE_M.FRED,US,US,USA,美国,United States,US_FED_FUNDS_RATE_M,美国联邦基金有效利率,U.S. Effective Federal Funds Rate,2016-10,M,%,NSA,level,0.4,FRED,Federal Reserve Economic Data,FEDFUNDS,U.S. Effective Federal Funds Rate,https://fred.stlouisfed.org/series/FEDFUNDS,2026-06-22,final,2026-06-22 16:46:29,2026-06-22
US.US_FED_FUNDS_RATE_M.FRED,US,US,USA,美国,United States,US_FED_FUNDS_RATE_M,美国联邦基金有效利率,U.S. Effective Federal Funds Rate,2016-11,M,%,NSA,level,0.41,FRED,Federal Reserve Economic Data,FEDFUNDS,U.S. Effective Federal Funds Rate,https://fred.stlouisfed.org/series/FEDFUNDS,2026-06-22,final,2026-06-22 16:46:29,2026-06-22
US.US_FED_FUNDS_RATE_M.FRED,US,US,USA,美国,United States,US_FED_FUNDS_RATE_M,美国联邦基金有效利率,U.S. Effective Federal Funds Rate,2016-12,M,%,NSA,level,0.54,FRED,Federal Reserve Economic Data,FEDFUNDS,U.S. Effective Federal Funds Rate,https://fred.stlouisfed.org/series/FEDFUNDS,2026-06-22,final,2026-06-22 16:46:29,2026-06-22
US.US_FED_FUNDS_RATE_M.FRED,US,US,USA,美国,United States,US_FED_FUNDS_RATE_M,美国联邦基金有效利率,U.S. Effective Federal Funds Rate,2017-01,M,%,NSA,level,0.65,FRED,Federal Reserve Economic Data,FEDFUNDS,U.S. Effective Federal Funds Rate,https://fred.stlouisfed.org/series/FEDFUNDS,2026-06-22,final,2026-06-22 16:46:29,2026-06-22
US.US_FED_FUNDS_RATE_M.FRED,US,US,USA,美国,United States,US_FED_FUNDS_RATE_M,美国联邦基金有效利率,U.S. Effective Federal Funds Rate,2017-02,M,%,NSA,level,0.66,FRED,Federal Reserve Economic Data,FEDFUNDS,U.S. Effective Federal Funds Rate,https://fred.stlouisfed.org/series/FEDFUNDS,2026-06-22,final,2026-06-22 16:46:29,2026-06-22
US.US_FED_FUNDS_RATE_M.FRED,US,US,USA,美国,United States,US_FED_FUNDS_RATE_M,美国联邦基金有效利率,U.S. Effective Federal Funds Rate,2017-03,M,%,NSA,level,0.79,FRED,Federal Reserve Economic Data,FEDFUNDS,U.S. Effective Federal Funds Rate,https://fred.stlouisfed.org/series/FEDFUNDS,2026-06-22,final,2026-06-22 16:46:29,2026-06-22
US.US_FED_FUNDS_RATE_M.FRED,US,US,USA,美国,United States,US_FED_FUNDS_RATE_M,美国联邦基金有效利率,U.S. Effective Federal Funds Rate,2017-04,M,%,NSA,level,0.9,FRED,Federal Reserve Economic Data,FEDFUNDS,U.S. Effective Federal Funds Rate,https://fred.stlouisfed.org/series/FEDFUNDS,2026-06-22,final,2026-06-22 16:46:29,2026-06-22
US.US_FED_FUNDS_RATE_M.FRED,US,US,USA,美国,United States,US_FED_FUNDS_RATE_M,美国联邦基金有效利率,U.S. Effective Federal Funds Rate,2017-05,M,%,NSA,level,0.91,FRED,Federal Reserve Economic Data,FEDFUNDS,U.S. Effective Federal Funds Rate,https://fred.stlouisfed.org/series/FEDFUNDS,2026-06-22,final,2026-06-22 16:46:29,2026-06-22
US.US_FED_FUNDS_RATE_M.FRED,US,US,USA,美国,United States,US_FED_FUNDS_RATE_M,美国联邦基金有效利率,U.S. Effective Federal Funds Rate,2017-06,M,%,NSA,level,1.04,FRED,Federal Reserve Economic Data,FEDFUNDS,U.S. Effective Federal Funds Rate,https://fred.stlouisfed.org/series/FEDFUNDS,2026-06-22,final,2026-06-22 16:46:29,2026-06-22
US.US_FED_FUNDS_RATE_M.FRED,US,US,USA,美国,United States,US_FED_FUNDS_RATE_M,美国联邦基金有效利率,U.S. Effective Federal Funds Rate,2017-07,M,%,NSA,level,1.15,FRED,Federal Reserve Economic Data,FEDFUNDS,U.S. Effective Federal Funds Rate,https://fred.stlouisfed.org/series/FEDFUNDS,2026-06-22,final,2026-06-22 16:46:29,2026-06-22
US.US_FED_FUNDS_RATE_M.FRED,US,US,USA,美国,United States,US_FED_FUNDS_RATE_M,美国联邦基金有效利率,U.S. Effective Federal Funds Rate,2017-08,M,%,NSA,level,1.16,FRED,Federal Reserve Economic Data,FEDFUNDS,U.S. Effective Federal Funds Rate,https://fred.stlouisfed.org/series/FEDFUNDS,2026-06-22,final,2026-06-22 16:46:29,2026-06-22
US.US_FED_FUNDS_RATE_M.FRED,US,US,USA,美国,United States,US_FED_FUNDS_RATE_M,美国联邦基金有效利率,U.S. Effective Federal Funds Rate,2017-09,M,%,NSA,level,1.15,FRED,Federal Reserve Economic Data,FEDFUNDS,U.S. Effective Federal Funds Rate,https://fred.stlouisfed.org/series/FEDFUNDS,2026-06-22,final,2026-06-22 16:46:29,2026-06-22
US.US_FED_FUNDS_RATE_M.FRED,US,US,USA,美国,United States,US_FED_FUNDS_RATE_M,美国联邦基金有效利率,U.S. Effective Federal Funds Rate,2017-10,M,%,NSA,level,1.15,FRED,Federal Reserve Economic Data,FEDFUNDS,U.S. Effective Federal Funds Rate,https://fred.stlouisfed.org/series/FEDFUNDS,2026-06-22,final,2026-06-22 16:46:29,2026-06-22
US.US_FED_FUNDS_RATE_M.FRED,US,US,USA,美国,United States,US_FED_FUNDS_RATE_M,美国联邦基金有效利率,U.S. Effective Federal Funds Rate,2017-11,M,%,NSA,level,1.16,FRED,Federal Reserve Economic Data,FEDFUNDS,U.S. Effective Federal Funds Rate,https://fred.stlouisfed.org/series/FEDFUNDS,2026-06-22,final,2026-06-22 16:46:29,2026-06-22
US.US_FED_FUNDS_RATE_M.FRED,US,US,USA,美国,United States,US_FED_FUNDS_RATE_M,美国联邦基金有效利率,U.S. Effective Federal Funds Rate,2017-12,M,%,NSA,level,1.3,FRED,Federal Reserve Economic Data,FEDFUNDS,U.S. Effective Federal Funds Rate,https://fred.stlouisfed.org/series/FEDFUNDS,2026-06-22,final,2026-06-22 16:46:29,2026-06-22
US.US_FED_FUNDS_RATE_M.FRED,US,US,USA,美国,United States,US_FED_FUNDS_RATE_M,美国联邦基金有效利率,U.S. Effective Federal Funds Rate,2018-01,M,%,NSA,level,1.41,FRED,Federal Reserve Economic Data,FEDFUNDS,U.S. Effective Federal Funds Rate,https://fred.stlouisfed.org/series/FEDFUNDS,2026-06-22,final,2026-06-22 16:46:29,2026-06-22
US.US_FED_FUNDS_RATE_M.FRED,US,US,USA,美国,United States,US_FED_FUNDS_RATE_M,美国联邦基金有效利率,U.S. Effective Federal Funds Rate,2018-02,M,%,NSA,level,1.42,FRED,Federal Reserve Economic Data,FEDFUNDS,U.S. Effective Federal Funds Rate,https://fred.stlouisfed.org/series/FEDFUNDS,2026-06-22,final,2026-06-22 16:46:29,2026-06-22
US.US_FED_FUNDS_RATE_M.FRED,US,US,USA,美国,United States,US_FED_FUNDS_RATE_M,美国联邦基金有效利率,U.S. Effective Federal Funds Rate,2018-03,M,%,NSA,level,1.51,FRED,Federal Reserve Economic Data,FEDFUNDS,U.S. Effective Federal Funds Rate,https://fred.stlouisfed.org/series/FEDFUNDS,2026-06-22,final,2026-06-22 16:46:29,2026-06-22
US.US_FED_FUNDS_RATE_M.FRED,US,US,USA,美国,United States,US_FED_FUNDS_RATE_M,美国联邦基金有效利率,U.S. Effective Federal Funds Rate,2018-04,M,%,NSA,level,1.69,FRED,Federal Reserve Economic Data,FEDFUNDS,U.S. Effective Federal Funds Rate,https://fred.stlouisfed.org/series/FEDFUNDS,2026-06-22,final,2026-06-22 16:46:29,2026-06-22
US.US_FED_FUNDS_RATE_M.FRED,US,US,USA,美国,United States,US_FED_FUNDS_RATE_M,美国联邦基金有效利率,U.S. Effective Federal Funds Rate,2018-05,M,%,NSA,level,1.7,FRED,Federal Reserve Economic Data,FEDFUNDS,U.S. Effective Federal Funds Rate,https://fred.stlouisfed.org/series/FEDFUNDS,2026-06-22,final,2026-06-22 16:46:29,2026-06-22
US.US_FED_FUNDS_RATE_M.FRED,US,US,USA,美国,United States,US_FED_FUNDS_RATE_M,美国联邦基金有效利率,U.S. Effective Federal Funds Rate,2018-06,M,%,NSA,level,1.82,FRED,Federal Reserve Economic Data,FEDFUNDS,U.S. Effective Federal Funds Rate,https://fred.stlouisfed.org/series/FEDFUNDS,2026-06-22,final,2026-06-22 16:46:29,2026-06-22
US.US_FED_FUNDS_RATE_M.FRED,US,US,USA,美国,United States,US_FED_FUNDS_RATE_M,美国联邦基金有效利率,U.S. Effective Federal Funds Rate,2018-07,M,%,NSA,level,1.91,FRED,Federal Reserve Economic Data,FEDFUNDS,U.S. Effective Federal Funds Rate,https://fred.stlouisfed.org/series/FEDFUNDS,2026-06-22,final,2026-06-22 16:46:29,2026-06-22
US.US_FED_FUNDS_RATE_M.FRED,US,US,USA,美国,United States,US_FED_FUNDS_RATE_M,美国联邦基金有效利率,U.S. Effective Federal Funds Rate,2018-08,M,%,NSA,level,1.91,FRED,Federal Reserve Economic Data,FEDFUNDS,U.S. Effective Federal Funds Rate,https://fred.stlouisfed.org/series/FEDFUNDS,2026-06-22,final,2026-06-22 16:46:29,2026-06-22
US.US_FED_FUNDS_RATE_M.FRED,US,US,USA,美国,United States,US_FED_FUNDS_RATE_M,美国联邦基金有效利率,U.S. Effective Federal Funds Rate,2018-09,M,%,NSA,level,1.95,FRED,Federal Reserve Economic Data,FEDFUNDS,U.S. Effective Federal Funds Rate,https://fred.stlouisfed.org/series/FEDFUNDS,2026-06-22,final,2026-06-22 16:46:29,2026-06-22
US.US_FED_FUNDS_RATE_M.FRED,US,US,USA,美国,United States,US_FED_FUNDS_RATE_M,美国联邦基金有效利率,U.S. Effective Federal Funds Rate,2018-10,M,%,NSA,level,2.19,FRED,Federal Reserve Economic Data,FEDFUNDS,U.S. Effective Federal Funds Rate,https://fred.stlouisfed.org/series/FEDFUNDS,2026-06-22,final,2026-06-22 16:46:29,2026-06-22
US.US_FED_FUNDS_RATE_M.FRED,US,US,USA,美国,United States,US_FED_FUNDS_RATE_M,美国联邦基金有效利率,U.S. Effective Federal Funds Rate,2018-11,M,%,NSA,level,2.2,FRED,Federal Reserve Economic Data,FEDFUNDS,U.S. Effective Federal Funds Rate,https://fred.stlouisfed.org/series/FEDFUNDS,2026-06-22,final,2026-06-22 16:46:29,2026-06-22
US.US_FED_FUNDS_RATE_M.FRED,US,US,USA,美国,United States,US_FED_FUNDS_RATE_M,美国联邦基金有效利率,U.S. Effective Federal Funds Rate,2018-12,M,%,NSA,level,2.27,FRED,Federal Reserve Economic Data,FEDFUNDS,U.S. Effective Federal Funds Rate,https://fred.stlouisfed.org/series/FEDFUNDS,2026-06-22,final,2026-06-22 16:46:29,2026-06-22
US.US_FED_FUNDS_RATE_M.FRED,US,US,USA,美国,United States,US_FED_FUNDS_RATE_M,美国联邦基金有效利率,U.S. Effective Federal Funds Rate,2019-01,M,%,NSA,level,2.4,FRED,Federal Reserve Economic Data,FEDFUNDS,U.S. Effective Federal Funds Rate,https://fred.stlouisfed.org/series/FEDFUNDS,2026-06-22,final,2026-06-22 16:46:29,2026-06-22
US.US_FED_FUNDS_RATE_M.FRED,US,US,USA,美国,United States,US_FED_FUNDS_RATE_M,美国联邦基金有效利率,U.S. Effective Federal Funds Rate,2019-02,M,%,NSA,level,2.4,FRED,Federal Reserve Economic Data,FEDFUNDS,U.S. Effective Federal Funds Rate,https://fred.stlouisfed.org/series/FEDFUNDS,2026-06-22,final,2026-06-22 16:46:29,2026-06-22
US.US_FED_FUNDS_RATE_M.FRED,US,US,USA,美国,United States,US_FED_FUNDS_RATE_M,美国联邦基金有效利率,U.S. Effective Federal Funds Rate,2019-03,M,%,NSA,level,2.41,FRED,Federal Reserve Economic Data,FEDFUNDS,U.S. Effective Federal Funds Rate,https://fred.stlouisfed.org/series/FEDFUNDS,2026-06-22,final,2026-06-22 16:46:29,2026-06-22
US.US_FED_FUNDS_RATE_M.FRED,US,US,USA,美国,United States,US_FED_FUNDS_RATE_M,美国联邦基金有效利率,U.S. Effective Federal Funds Rate,2019-04,M,%,NSA,level,2.42,FRED,Federal Reserve Economic Data,FEDFUNDS,U.S. Effective Federal Funds Rate,https://fred.stlouisfed.org/series/FEDFUNDS,2026-06-22,final,2026-06-22 16:46:29,2026-06-22
US.US_FED_FUNDS_RATE_M.FRED,US,US,USA,美国,United States,US_FED_FUNDS_RATE_M,美国联邦基金有效利率,U.S. Effective Federal Funds Rate,2019-05,M,%,NSA,level,2.39,FRED,Federal Reserve Economic Data,FEDFUNDS,U.S. Effective Federal Funds Rate,https://fred.stlouisfed.org/series/FEDFUNDS,2026-06-22,final,2026-06-22 16:46:29,2026-06-22
US.US_FED_FUNDS_RATE_M.FRED,US,US,USA,美国,United States,US_FED_FUNDS_RATE_M,美国联邦基金有效利率,U.S. Effective Federal Funds Rate,2019-06,M,%,NSA,level,2.38,FRED,Federal Reserve Economic Data,FEDFUNDS,U.S. Effective Federal Funds Rate,https://fred.stlouisfed.org/series/FEDFUNDS,2026-06-22,final,2026-06-22 16:46:29,2026-06-22
US.US_FED_FUNDS_RATE_M.FRED,US,US,USA,美国,United States,US_FED_FUNDS_RATE_M,美国联邦基金有效利率,U.S. Effective Federal Funds Rate,2019-07,M,%,NSA,level,2.4,FRED,Federal Reserve Economic Data,FEDFUNDS,U.S. Effective Federal Funds Rate,https://fred.stlouisfed.org/series/FEDFUNDS,2026-06-22,final,2026-06-22 16:46:29,2026-06-22
US.US_FED_FUNDS_RATE_M.FRED,US,US,USA,美国,United States,US_FED_FUNDS_RATE_M,美国联邦基金有效利率,U.S. Effective Federal Funds Rate,2019-08,M,%,NSA,level,2.13,FRED,Federal Reserve Economic Data,FEDFUNDS,U.S. Effective Federal Funds Rate,https://fred.stlouisfed.org/series/FEDFUNDS,2026-06-22,final,2026-06-22 16:46:29,2026-06-22
US.US_FED_FUNDS_RATE_M.FRED,US,US,USA,美国,United States,US_FED_FUNDS_RATE_M,美国联邦基金有效利率,U.S. Effective Federal Funds Rate,2019-09,M,%,NSA,level,2.04,FRED,Federal Reserve Economic Data,FEDFUNDS,U.S. Effective Federal Funds Rate,https://fred.stlouisfed.org/series/FEDFUNDS,2026-06-22,final,2026-06-22 16:46:29,2026-06-22
US.US_FED_FUNDS_RATE_M.FRED,US,US,USA,美国,United States,US_FED_FUNDS_RATE_M,美国联邦基金有效利率,U.S. Effective Federal Funds Rate,2019-10,M,%,NSA,level,1.83,FRED,Federal Reserve Economic Data,FEDFUNDS,U.S. Effective Federal Funds Rate,https://fred.stlouisfed.org/series/FEDFUNDS,2026-06-22,final,2026-06-22 16:46:29,2026-06-22
US.US_FED_FUNDS_RATE_M.FRED,US,US,USA,美国,United States,US_FED_FUNDS_RATE_M,美国联邦基金有效利率,U.S. Effective Federal Funds Rate,2019-11,M,%,NSA,level,1.55,FRED,Federal Reserve Economic Data,FEDFUNDS,U.S. Effective Federal Funds Rate,https://fred.stlouisfed.org/series/FEDFUNDS,2026-06-22,final,2026-06-22 16:46:29,2026-06-22
US.US_FED_FUNDS_RATE_M.FRED,US,US,USA,美国,United States,US_FED_FUNDS_RATE_M,美国联邦基金有效利率,U.S. Effective Federal Funds Rate,2019-12,M,%,NSA,level,1.55,FRED,Federal Reserve Economic Data,FEDFUNDS,U.S. Effective Federal Funds Rate,https://fred.stlouisfed.org/series/FEDFUNDS,2026-06-22,final,2026-06-22 16:46:29,2026-06-22
US.US_FED_FUNDS_RATE_M.FRED,US,US,USA,美国,United States,US_FED_FUNDS_RATE_M,美国联邦基金有效利率,U.S. Effective Federal Funds Rate,2020-01,M,%,NSA,level,1.55,FRED,Federal Reserve Economic Data,FEDFUNDS,U.S. Effective Federal Funds Rate,https://fred.stlouisfed.org/series/FEDFUNDS,2026-06-22,final,2026-06-22 16:46:29,2026-06-22
US.US_FED_FUNDS_RATE_M.FRED,US,US,USA,美国,United States,US_FED_FUNDS_RATE_M,美国联邦基金有效利率,U.S. Effective Federal Funds Rate,2020-02,M,%,NSA,level,1.58,FRED,Federal Reserve Economic Data,FEDFUNDS,U.S. Effective Federal Funds Rate,https://fred.stlouisfed.org/series/FEDFUNDS,2026-06-22,final,2026-06-22 16:46:29,2026-06-22
US.US_FED_FUNDS_RATE_M.FRED,US,US,USA,美国,United States,US_FED_FUNDS_RATE_M,美国联邦基金有效利率,U.S. Effective Federal Funds Rate,2020-03,M,%,NSA,level,0.65,FRED,Federal Reserve Economic Data,FEDFUNDS,U.S. Effective Federal Funds Rate,https://fred.stlouisfed.org/series/FEDFUNDS,2026-06-22,final,2026-06-22 16:46:29,2026-06-22
US.US_FED_FUNDS_RATE_M.FRED,US,US,USA,美国,United States,US_FED_FUNDS_RATE_M,美国联邦基金有效利率,U.S. Effective Federal Funds Rate,2020-04,M,%,NSA,level,0.05,FRED,Federal Reserve Economic Data,FEDFUNDS,U.S. Effective Federal Funds Rate,https://fred.stlouisfed.org/series/FEDFUNDS,2026-06-22,final,2026-06-22 16:46:29,2026-06-22
US.US_FED_FUNDS_RATE_M.FRED,US,US,USA,美国,United States,US_FED_FUNDS_RATE_M,美国联邦基金有效利率,U.S. Effective Federal Funds Rate,2020-05,M,%,NSA,level,0.05,FRED,Federal Reserve Economic Data,FEDFUNDS,U.S. Effective Federal Funds Rate,https://fred.stlouisfed.org/series/FEDFUNDS,2026-06-22,final,2026-06-22 16:46:29,2026-06-22
US.US_FED_FUNDS_RATE_M.FRED,US,US,USA,美国,United States,US_FED_FUNDS_RATE_M,美国联邦基金有效利率,U.S. Effective Federal Funds Rate,2020-06,M,%,NSA,level,0.08,FRED,Federal Reserve Economic Data,FEDFUNDS,U.S. Effective Federal Funds Rate,https://fred.stlouisfed.org/series/FEDFUNDS,2026-06-22,final,2026-06-22 16:46:29,2026-06-22
US.US_FED_FUNDS_RATE_M.FRED,US,US,USA,美国,United States,US_FED_FUNDS_RATE_M,美国联邦基金有效利率,U.S. Effective Federal Funds Rate,2020-07,M,%,NSA,level,0.09,FRED,Federal Reserve Economic Data,FEDFUNDS,U.S. Effective Federal Funds Rate,https://fred.stlouisfed.org/series/FEDFUNDS,2026-06-22,final,2026-06-22 16:46:29,2026-06-22
US.US_FED_FUNDS_RATE_M.FRED,US,US,USA,美国,United States,US_FED_FUNDS_RATE_M,美国联邦基金有效利率,U.S. Effective Federal Funds Rate,2020-08,M,%,NSA,level,0.1,FRED,Federal Reserve Economic Data,FEDFUNDS,U.S. Effective Federal Funds Rate,https://fred.stlouisfed.org/series/FEDFUNDS,2026-06-22,final,2026-06-22 16:46:29,2026-06-22
US.US_FED_FUNDS_RATE_M.FRED,US,US,USA,美国,United States,US_FED_FUNDS_RATE_M,美国联邦基金有效利率,U.S. Effective Federal Funds Rate,2020-09,M,%,NSA,level,0.09,FRED,Federal Reserve Economic Data,FEDFUNDS,U.S. Effective Federal Funds Rate,https://fred.stlouisfed.org/series/FEDFUNDS,2026-06-22,final,2026-06-22 16:46:29,2026-06-22
US.US_FED_FUNDS_RATE_M.FRED,US,US,USA,美国,United States,US_FED_FUNDS_RATE_M,美国联邦基金有效利率,U.S. Effective Federal Funds Rate,2020-10,M,%,NSA,level,0.09,FRED,Federal Reserve Economic Data,FEDFUNDS,U.S. Effective Federal Funds Rate,https://fred.stlouisfed.org/series/FEDFUNDS,2026-06-22,final,2026-06-22 16:46:29,2026-06-22
US.US_FED_FUNDS_RATE_M.FRED,US,US,USA,美国,United States,US_FED_FUNDS_RATE_M,美国联邦基金有效利率,U.S. Effective Federal Funds Rate,2020-11,M,%,NSA,level,0.09,FRED,Federal Reserve Economic Data,FEDFUNDS,U.S. Effective Federal Funds Rate,https://fred.stlouisfed.org/series/FEDFUNDS,2026-06-22,final,2026-06-22 16:46:29,2026-06-22
US.US_FED_FUNDS_RATE_M.FRED,US,US,USA,美国,United States,US_FED_FUNDS_RATE_M,美国联邦基金有效利率,U.S. Effective Federal Funds Rate,2020-12,M,%,NSA,level,0.09,FRED,Federal Reserve Economic Data,FEDFUNDS,U.S. Effective Federal Funds Rate,https://fred.stlouisfed.org/series/FEDFUNDS,2026-06-22,final,2026-06-22 16:46:29,2026-06-22
US.US_FED_FUNDS_RATE_M.FRED,US,US,USA,美国,United States,US_FED_FUNDS_RATE_M,美国联邦基金有效利率,U.S. Effective Federal Funds Rate,2021-01,M,%,NSA,level,0.09,FRED,Federal Reserve Economic Data,FEDFUNDS,U.S. Effective Federal Funds Rate,https://fred.stlouisfed.org/series/FEDFUNDS,2026-06-22,final,2026-06-22 16:46:29,2026-06-22
US.US_FED_FUNDS_RATE_M.FRED,US,US,USA,美国,United States,US_FED_FUNDS_RATE_M,美国联邦基金有效利率,U.S. Effective Federal Funds Rate,2021-02,M,%,NSA,level,0.08,FRED,Federal Reserve Economic Data,FEDFUNDS,U.S. Effective Federal Funds Rate,https://fred.stlouisfed.org/series/FEDFUNDS,2026-06-22,final,2026-06-22 16:46:29,2026-06-22
US.US_FED_FUNDS_RATE_M.FRED,US,US,USA,美国,United States,US_FED_FUNDS_RATE_M,美国联邦基金有效利率,U.S. Effective Federal Funds Rate,2021-03,M,%,NSA,level,0.07,FRED,Federal Reserve Economic Data,FEDFUNDS,U.S. Effective Federal Funds Rate,https://fred.stlouisfed.org/series/FEDFUNDS,2026-06-22,final,2026-06-22 16:46:29,2026-06-22
US.US_FED_FUNDS_RATE_M.FRED,US,US,USA,美国,United States,US_FED_FUNDS_RATE_M,美国联邦基金有效利率,U.S. Effective Federal Funds Rate,2021-04,M,%,NSA,level,0.07,FRED,Federal Reserve Economic Data,FEDFUNDS,U.S. Effective Federal Funds Rate,https://fred.stlouisfed.org/series/FEDFUNDS,2026-06-22,final,2026-06-22 16:46:29,2026-06-22
US.US_FED_FUNDS_RATE_M.FRED,US,US,USA,美国,United States,US_FED_FUNDS_RATE_M,美国联邦基金有效利率,U.S. Effective Federal Funds Rate,2021-05,M,%,NSA,level,0.06,FRED,Federal Reserve Economic Data,FEDFUNDS,U.S. Effective Federal Funds Rate,https://fred.stlouisfed.org/series/FEDFUNDS,2026-06-22,final,2026-06-22 16:46:29,2026-06-22
US.US_FED_FUNDS_RATE_M.FRED,US,US,USA,美国,United States,US_FED_FUNDS_RATE_M,美国联邦基金有效利率,U.S. Effective Federal Funds Rate,2021-06,M,%,NSA,level,0.08,FRED,Federal Reserve Economic Data,FEDFUNDS,U.S. Effective Federal Funds Rate,https://fred.stlouisfed.org/series/FEDFUNDS,2026-06-22,final,2026-06-22 16:46:29,2026-06-22
US.US_FED_FUNDS_RATE_M.FRED,US,US,USA,美国,United States,US_FED_FUNDS_RATE_M,美国联邦基金有效利率,U.S. Effective Federal Funds Rate,2021-07,M,%,NSA,level,0.1,FRED,Federal Reserve Economic Data,FEDFUNDS,U.S. Effective Federal Funds Rate,https://fred.stlouisfed.org/series/FEDFUNDS,2026-06-22,final,2026-06-22 16:46:29,2026-06-22
US.US_FED_FUNDS_RATE_M.FRED,US,US,USA,美国,United States,US_FED_FUNDS_RATE_M,美国联邦基金有效利率,U.S. Effective Federal Funds Rate,2021-08,M,%,NSA,level,0.09,FRED,Federal Reserve Economic Data,FEDFUNDS,U.S. Effective Federal Funds Rate,https://fred.stlouisfed.org/series/FEDFUNDS,2026-06-22,final,2026-06-22 16:46:29,2026-06-22
US.US_FED_FUNDS_RATE_M.FRED,US,US,USA,美国,United States,US_FED_FUNDS_RATE_M,美国联邦基金有效利率,U.S. Effective Federal Funds Rate,2021-09,M,%,NSA,level,0.08,FRED,Federal Reserve Economic Data,FEDFUNDS,U.S. Effective Federal Funds Rate,https://fred.stlouisfed.org/series/FEDFUNDS,2026-06-22,final,2026-06-22 16:46:29,2026-06-22
US.US_FED_FUNDS_RATE_M.FRED,US,US,USA,美国,United States,US_FED_FUNDS_RATE_M,美国联邦基金有效利率,U.S. Effective Federal Funds Rate,2021-10,M,%,NSA,level,0.08,FRED,Federal Reserve Economic Data,FEDFUNDS,U.S. Effective Federal Funds Rate,https://fred.stlouisfed.org/series/FEDFUNDS,2026-06-22,final,2026-06-22 16:46:29,2026-06-22
US.US_FED_FUNDS_RATE_M.FRED,US,US,USA,美国,United States,US_FED_FUNDS_RATE_M,美国联邦基金有效利率,U.S. Effective Federal Funds Rate,2021-11,M,%,NSA,level,0.08,FRED,Federal Reserve Economic Data,FEDFUNDS,U.S. Effective Federal Funds Rate,https://fred.stlouisfed.org/series/FEDFUNDS,2026-06-22,final,2026-06-22 16:46:29,2026-06-22
US.US_FED_FUNDS_RATE_M.FRED,US,US,USA,美国,United States,US_FED_FUNDS_RATE_M,美国联邦基金有效利率,U.S. Effective Federal Funds Rate,2021-12,M,%,NSA,level,0.08,FRED,Federal Reserve Economic Data,FEDFUNDS,U.S. Effective Federal Funds Rate,https://fred.stlouisfed.org/series/FEDFUNDS,2026-06-22,final,2026-06-22 16:46:29,2026-06-22
US.US_FED_FUNDS_RATE_M.FRED,US,US,USA,美国,United States,US_FED_FUNDS_RATE_M,美国联邦基金有效利率,U.S. Effective Federal Funds Rate,2022-01,M,%,NSA,level,0.08,FRED,Federal Reserve Economic Data,FEDFUNDS,U.S. Effective Federal Funds Rate,https://fred.stlouisfed.org/series/FEDFUNDS,2026-06-22,final,2026-06-22 16:46:29,2026-06-22
US.US_FED_FUNDS_RATE_M.FRED,US,US,USA,美国,United States,US_FED_FUNDS_RATE_M,美国联邦基金有效利率,U.S. Effective Federal Funds Rate,2022-02,M,%,NSA,level,0.08,FRED,Federal Reserve Economic Data,FEDFUNDS,U.S. Effective Federal Funds Rate,https://fred.stlouisfed.org/series/FEDFUNDS,2026-06-22,final,2026-06-22 16:46:29,2026-06-22
US.US_FED_FUNDS_RATE_M.FRED,US,US,USA,美国,United States,US_FED_FUNDS_RATE_M,美国联邦基金有效利率,U.S. Effective Federal Funds Rate,2022-03,M,%,NSA,level,0.2,FRED,Federal Reserve Economic Data,FEDFUNDS,U.S. Effective Federal Funds Rate,https://fred.stlouisfed.org/series/FEDFUNDS,2026-06-22,final,2026-06-22 16:46:29,2026-06-22
US.US_FED_FUNDS_RATE_M.FRED,US,US,USA,美国,United States,US_FED_FUNDS_RATE_M,美国联邦基金有效利率,U.S. Effective Federal Funds Rate,2022-04,M,%,NSA,level,0.33,FRED,Federal Reserve Economic Data,FEDFUNDS,U.S. Effective Federal Funds Rate,https://fred.stlouisfed.org/series/FEDFUNDS,2026-06-22,final,2026-06-22 16:46:29,2026-06-22
US.US_FED_FUNDS_RATE_M.FRED,US,US,USA,美国,United States,US_FED_FUNDS_RATE_M,美国联邦基金有效利率,U.S. Effective Federal Funds Rate,2022-05,M,%,NSA,level,0.77,FRED,Federal Reserve Economic Data,FEDFUNDS,U.S. Effective Federal Funds Rate,https://fred.stlouisfed.org/series/FEDFUNDS,2026-06-22,final,2026-06-22 16:46:29,2026-06-22
US.US_FED_FUNDS_RATE_M.FRED,US,US,USA,美国,United States,US_FED_FUNDS_RATE_M,美国联邦基金有效利率,U.S. Effective Federal Funds Rate,2022-06,M,%,NSA,level,1.21,FRED,Federal Reserve Economic Data,FEDFUNDS,U.S. Effective Federal Funds Rate,https://fred.stlouisfed.org/series/FEDFUNDS,2026-06-22,final,2026-06-22 16:46:29,2026-06-22
US.US_FED_FUNDS_RATE_M.FRED,US,US,USA,美国,United States,US_FED_FUNDS_RATE_M,美国联邦基金有效利率,U.S. Effective Federal Funds Rate,2022-07,M,%,NSA,level,1.68,FRED,Federal Reserve Economic Data,FEDFUNDS,U.S. Effective Federal Funds Rate,https://fred.stlouisfed.org/series/FEDFUNDS,2026-06-22,final,2026-06-22 16:46:29,2026-06-22
US.US_FED_FUNDS_RATE_M.FRED,US,US,USA,美国,United States,US_FED_FUNDS_RATE_M,美国联邦基金有效利率,U.S. Effective Federal Funds Rate,2022-08,M,%,NSA,level,2.33,FRED,Federal Reserve Economic Data,FEDFUNDS,U.S. Effective Federal Funds Rate,https://fred.stlouisfed.org/series/FEDFUNDS,2026-06-22,final,2026-06-22 16:46:29,2026-06-22
US.US_FED_FUNDS_RATE_M.FRED,US,US,USA,美国,United States,US_FED_FUNDS_RATE_M,美国联邦基金有效利率,U.S. Effective Federal Funds Rate,2022-09,M,%,NSA,level,2.56,FRED,Federal Reserve Economic Data,FEDFUNDS,U.S. Effective Federal Funds Rate,https://fred.stlouisfed.org/series/FEDFUNDS,2026-06-22,final,2026-06-22 16:46:29,2026-06-22
US.US_FED_FUNDS_RATE_M.FRED,US,US,USA,美国,United States,US_FED_FUNDS_RATE_M,美国联邦基金有效利率,U.S. Effective Federal Funds Rate,2022-10,M,%,NSA,level,3.08,FRED,Federal Reserve Economic Data,FEDFUNDS,U.S. Effective Federal Funds Rate,https://fred.stlouisfed.org/series/FEDFUNDS,2026-06-22,final,2026-06-22 16:46:29,2026-06-22
US.US_FED_FUNDS_RATE_M.FRED,US,US,USA,美国,United States,US_FED_FUNDS_RATE_M,美国联邦基金有效利率,U.S. Effective Federal Funds Rate,2022-11,M,%,NSA,level,3.78,FRED,Federal Reserve Economic Data,FEDFUNDS,U.S. Effective Federal Funds Rate,https://fred.stlouisfed.org/series/FEDFUNDS,2026-06-22,final,2026-06-22 16:46:29,2026-06-22
US.US_FED_FUNDS_RATE_M.FRED,US,US,USA,美国,United States,US_FED_FUNDS_RATE_M,美国联邦基金有效利率,U.S. Effective Federal Funds Rate,2022-12,M,%,NSA,level,4.1,FRED,Federal Reserve Economic Data,FEDFUNDS,U.S. Effective Federal Funds Rate,https://fred.stlouisfed.org/series/FEDFUNDS,2026-06-22,final,2026-06-22 16:46:29,2026-06-22
US.US_FED_FUNDS_RATE_M.FRED,US,US,USA,美国,United States,US_FED_FUNDS_RATE_M,美国联邦基金有效利率,U.S. Effective Federal Funds Rate,2023-01,M,%,NSA,level,4.33,FRED,Federal Reserve Economic Data,FEDFUNDS,U.S. Effective Federal Funds Rate,https://fred.stlouisfed.org/series/FEDFUNDS,2026-06-22,final,2026-06-22 16:46:29,2026-06-22
US.US_FED_FUNDS_RATE_M.FRED,US,US,USA,美国,United States,US_FED_FUNDS_RATE_M,美国联邦基金有效利率,U.S. Effective Federal Funds Rate,2023-02,M,%,NSA,level,4.57,FRED,Federal Reserve Economic Data,FEDFUNDS,U.S. Effective Federal Funds Rate,https://fred.stlouisfed.org/series/FEDFUNDS,2026-06-22,final,2026-06-22 16:46:29,2026-06-22
US.US_FED_FUNDS_RATE_M.FRED,US,US,USA,美国,United States,US_FED_FUNDS_RATE_M,美国联邦基金有效利率,U.S. Effective Federal Funds Rate,2023-03,M,%,NSA,level,4.65,FRED,Federal Reserve Economic Data,FEDFUNDS,U.S. Effective Federal Funds Rate,https://fred.stlouisfed.org/series/FEDFUNDS,2026-06-22,final,2026-06-22 16:46:29,2026-06-22
US.US_FED_FUNDS_RATE_M.FRED,US,US,USA,美国,United States,US_FED_FUNDS_RATE_M,美国联邦基金有效利率,U.S. Effective Federal Funds Rate,2023-04,M,%,NSA,level,4.83,FRED,Federal Reserve Economic Data,FEDFUNDS,U.S. Effective Federal Funds Rate,https://fred.stlouisfed.org/series/FEDFUNDS,2026-06-22,final,2026-06-22 16:46:29,2026-06-22
US.US_FED_FUNDS_RATE_M.FRED,US,US,USA,美国,United States,US_FED_FUNDS_RATE_M,美国联邦基金有效利率,U.S. Effective Federal Funds Rate,2023-05,M,%,NSA,level,5.06,FRED,Federal Reserve Economic Data,FEDFUNDS,U.S. Effective Federal Funds Rate,https://fred.stlouisfed.org/series/FEDFUNDS,2026-06-22,final,2026-06-22 16:46:29,2026-06-22
US.US_FED_FUNDS_RATE_M.FRED,US,US,USA,美国,United States,US_FED_FUNDS_RATE_M,美国联邦基金有效利率,U.S. Effective Federal Funds Rate,2023-06,M,%,NSA,level,5.08,FRED,Federal Reserve Economic Data,FEDFUNDS,U.S. Effective Federal Funds Rate,https://fred.stlouisfed.org/series/FEDFUNDS,2026-06-22,final,2026-06-22 16:46:29,2026-06-22
US.US_FED_FUNDS_RATE_M.FRED,US,US,USA,美国,United States,US_FED_FUNDS_RATE_M,美国联邦基金有效利率,U.S. Effective Federal Funds Rate,2023-07,M,%,NSA,level,5.12,FRED,Federal Reserve Economic Data,FEDFUNDS,U.S. Effective Federal Funds Rate,https://fred.stlouisfed.org/series/FEDFUNDS,2026-06-22,final,2026-06-22 16:46:29,2026-06-22
US.US_FED_FUNDS_RATE_M.FRED,US,US,USA,美国,United States,US_FED_FUNDS_RATE_M,美国联邦基金有效利率,U.S. Effective Federal Funds Rate,2023-08,M,%,NSA,level,5.33,FRED,Federal Reserve Economic Data,FEDFUNDS,U.S. Effective Federal Funds Rate,https://fred.stlouisfed.org/series/FEDFUNDS,2026-06-22,final,2026-06-22 16:46:29,2026-06-22
US.US_FED_FUNDS_RATE_M.FRED,US,US,USA,美国,United States,US_FED_FUNDS_RATE_M,美国联邦基金有效利率,U.S. Effective Federal Funds Rate,2023-09,M,%,NSA,level,5.33,FRED,Federal Reserve Economic Data,FEDFUNDS,U.S. Effective Federal Funds Rate,https://fred.stlouisfed.org/series/FEDFUNDS,2026-06-22,final,2026-06-22 16:46:29,2026-06-22
US.US_FED_FUNDS_RATE_M.FRED,US,US,USA,美国,United States,US_FED_FUNDS_RATE_M,美国联邦基金有效利率,U.S. Effective Federal Funds Rate,2023-10,M,%,NSA,level,5.33,FRED,Federal Reserve Economic Data,FEDFUNDS,U.S. Effective Federal Funds Rate,https://fred.stlouisfed.org/series/FEDFUNDS,2026-06-22,final,2026-06-22 16:46:29,2026-06-22
US.US_FED_FUNDS_RATE_M.FRED,US,US,USA,美国,United States,US_FED_FUNDS_RATE_M,美国联邦基金有效利率,U.S. Effective Federal Funds Rate,2023-11,M,%,NSA,level,5.33,FRED,Federal Reserve Economic Data,FEDFUNDS,U.S. Effective Federal Funds Rate,https://fred.stlouisfed.org/series/FEDFUNDS,2026-06-22,final,2026-06-22 16:46:29,2026-06-22
US.US_FED_FUNDS_RATE_M.FRED,US,US,USA,美国,United States,US_FED_FUNDS_RATE_M,美国联邦基金有效利率,U.S. Effective Federal Funds Rate,2023-12,M,%,NSA,level,5.33,FRED,Federal Reserve Economic Data,FEDFUNDS,U.S. Effective Federal Funds Rate,https://fred.stlouisfed.org/series/FEDFUNDS,2026-06-22,final,2026-06-22 16:46:29,2026-06-22
US.US_FED_FUNDS_RATE_M.FRED,US,US,USA,美国,United States,US_FED_FUNDS_RATE_M,美国联邦基金有效利率,U.S. Effective Federal Funds Rate,2024-01,M,%,NSA,level,5.33,FRED,Federal Reserve Economic Data,FEDFUNDS,U.S. Effective Federal Funds Rate,https://fred.stlouisfed.org/series/FEDFUNDS,2026-06-22,final,2026-06-22 16:46:29,2026-06-22
US.US_FED_FUNDS_RATE_M.FRED,US,US,USA,美国,United States,US_FED_FUNDS_RATE_M,美国联邦基金有效利率,U.S. Effective Federal Funds Rate,2024-02,M,%,NSA,level,5.33,FRED,Federal Reserve Economic Data,FEDFUNDS,U.S. Effective Federal Funds Rate,https://fred.stlouisfed.org/series/FEDFUNDS,2026-06-22,final,2026-06-22 16:46:29,2026-06-22
US.US_FED_FUNDS_RATE_M.FRED,US,US,USA,美国,United States,US_FED_FUNDS_RATE_M,美国联邦基金有效利率,U.S. Effective Federal Funds Rate,2024-03,M,%,NSA,level,5.33,FRED,Federal Reserve Economic Data,FEDFUNDS,U.S. Effective Federal Funds Rate,https://fred.stlouisfed.org/series/FEDFUNDS,2026-06-22,final,2026-06-22 16:46:29,2026-06-22
US.US_FED_FUNDS_RATE_M.FRED,US,US,USA,美国,United States,US_FED_FUNDS_RATE_M,美国联邦基金有效利率,U.S. Effective Federal Funds Rate,2024-04,M,%,NSA,level,5.33,FRED,Federal Reserve Economic Data,FEDFUNDS,U.S. Effective Federal Funds Rate,https://fred.stlouisfed.org/series/FEDFUNDS,2026-06-22,final,2026-06-22 16:46:29,2026-06-22
US.US_FED_FUNDS_RATE_M.FRED,US,US,USA,美国,United States,US_FED_FUNDS_RATE_M,美国联邦基金有效利率,U.S. Effective Federal Funds Rate,2024-05,M,%,NSA,level,5.33,FRED,Federal Reserve Economic Data,FEDFUNDS,U.S. Effective Federal Funds Rate,https://fred.stlouisfed.org/series/FEDFUNDS,2026-06-22,final,2026-06-22 16:46:29,2026-06-22
US.US_FED_FUNDS_RATE_M.FRED,US,US,USA,美国,United States,US_FED_FUNDS_RATE_M,美国联邦基金有效利率,U.S. Effective Federal Funds Rate,2024-06,M,%,NSA,level,5.33,FRED,Federal Reserve Economic Data,FEDFUNDS,U.S. Effective Federal Funds Rate,https://fred.stlouisfed.org/series/FEDFUNDS,2026-06-22,final,2026-06-22 16:46:29,2026-06-22
US.US_FED_FUNDS_RATE_M.FRED,US,US,USA,美国,United States,US_FED_FUNDS_RATE_M,美国联邦基金有效利率,U.S. Effective Federal Funds Rate,2024-07,M,%,NSA,level,5.33,FRED,Federal Reserve Economic Data,FEDFUNDS,U.S. Effective Federal Funds Rate,https://fred.stlouisfed.org/series/FEDFUNDS,2026-06-22,final,2026-06-22 16:46:29,2026-06-22
US.US_FED_FUNDS_RATE_M.FRED,US,US,USA,美国,United States,US_FED_FUNDS_RATE_M,美国联邦基金有效利率,U.S. Effective Federal Funds Rate,2024-08,M,%,NSA,level,5.33,FRED,Federal Reserve Economic Data,FEDFUNDS,U.S. Effective Federal Funds Rate,https://fred.stlouisfed.org/series/FEDFUNDS,2026-06-22,final,2026-06-22 16:46:29,2026-06-22
US.US_FED_FUNDS_RATE_M.FRED,US,US,USA,美国,United States,US_FED_FUNDS_RATE_M,美国联邦基金有效利率,U.S. Effective Federal Funds Rate,2024-09,M,%,NSA,level,5.13,FRED,Federal Reserve Economic Data,FEDFUNDS,U.S. Effective Federal Funds Rate,https://fred.stlouisfed.org/series/FEDFUNDS,2026-06-22,final,2026-06-22 16:46:29,2026-06-22
US.US_FED_FUNDS_RATE_M.FRED,US,US,USA,美国,United States,US_FED_FUNDS_RATE_M,美国联邦基金有效利率,U.S. Effective Federal Funds Rate,2024-10,M,%,NSA,level,4.83,FRED,Federal Reserve Economic Data,FEDFUNDS,U.S. Effective Federal Funds Rate,https://fred.stlouisfed.org/series/FEDFUNDS,2026-06-22,final,2026-06-22 16:46:29,2026-06-22
US.US_FED_FUNDS_RATE_M.FRED,US,US,USA,美国,United States,US_FED_FUNDS_RATE_M,美国联邦基金有效利率,U.S. Effective Federal Funds Rate,2024-11,M,%,NSA,level,4.64,FRED,Federal Reserve Economic Data,FEDFUNDS,U.S. Effective Federal Funds Rate,https://fred.stlouisfed.org/series/FEDFUNDS,2026-06-22,final,2026-06-22 16:46:29,2026-06-22
US.US_FED_FUNDS_RATE_M.FRED,US,US,USA,美国,United States,US_FED_FUNDS_RATE_M,美国联邦基金有效利率,U.S. Effective Federal Funds Rate,2024-12,M,%,NSA,level,4.48,FRED,Federal Reserve Economic Data,FEDFUNDS,U.S. Effective Federal Funds Rate,https://fred.stlouisfed.org/series/FEDFUNDS,2026-06-22,final,2026-06-22 16:46:29,2026-06-22
US.US_FED_FUNDS_RATE_M.FRED,US,US,USA,美国,United States,US_FED_FUNDS_RATE_M,美国联邦基金有效利率,U.S. Effective Federal Funds Rate,2025-01,M,%,NSA,level,4.33,FRED,Federal Reserve Economic Data,FEDFUNDS,U.S. Effective Federal Funds Rate,https://fred.stlouisfed.org/series/FEDFUNDS,2026-06-22,final,2026-06-22 16:46:29,2026-06-22
US.US_FED_FUNDS_RATE_M.FRED,US,US,USA,美国,United States,US_FED_FUNDS_RATE_M,美国联邦基金有效利率,U.S. Effective Federal Funds Rate,2025-02,M,%,NSA,level,4.33,FRED,Federal Reserve Economic Data,FEDFUNDS,U.S. Effective Federal Funds Rate,https://fred.stlouisfed.org/series/FEDFUNDS,2026-06-22,final,2026-06-22 16:46:29,2026-06-22
US.US_FED_FUNDS_RATE_M.FRED,US,US,USA,美国,United States,US_FED_FUNDS_RATE_M,美国联邦基金有效利率,U.S. Effective Federal Funds Rate,2025-03,M,%,NSA,level,4.33,FRED,Federal Reserve Economic Data,FEDFUNDS,U.S. Effective Federal Funds Rate,https://fred.stlouisfed.org/series/FEDFUNDS,2026-06-22,final,2026-06-22 16:46:29,2026-06-22
US.US_FED_FUNDS_RATE_M.FRED,US,US,USA,美国,United States,US_FED_FUNDS_RATE_M,美国联邦基金有效利率,U.S. Effective Federal Funds Rate,2025-04,M,%,NSA,level,4.33,FRED,Federal Reserve Economic Data,FEDFUNDS,U.S. Effective Federal Funds Rate,https://fred.stlouisfed.org/series/FEDFUNDS,2026-06-22,final,2026-06-22 16:46:29,2026-06-22
US.US_FED_FUNDS_RATE_M.FRED,US,US,USA,美国,United States,US_FED_FUNDS_RATE_M,美国联邦基金有效利率,U.S. Effective Federal Funds Rate,2025-05,M,%,NSA,level,4.33,FRED,Federal Reserve Economic Data,FEDFUNDS,U.S. Effective Federal Funds Rate,https://fred.stlouisfed.org/series/FEDFUNDS,2026-06-22,final,2026-06-22 16:46:29,2026-06-22
US.US_FED_FUNDS_RATE_M.FRED,US,US,USA,美国,United States,US_FED_FUNDS_RATE_M,美国联邦基金有效利率,U.S. Effective Federal Funds Rate,2025-06,M,%,NSA,level,4.33,FRED,Federal Reserve Economic Data,FEDFUNDS,U.S. Effective Federal Funds Rate,https://fred.stlouisfed.org/series/FEDFUNDS,2026-06-22,final,2026-06-22 16:46:29,2026-06-22
US.US_FED_FUNDS_RATE_M.FRED,US,US,USA,美国,United States,US_FED_FUNDS_RATE_M,美国联邦基金有效利率,U.S. Effective Federal Funds Rate,2025-07,M,%,NSA,level,4.33,FRED,Federal Reserve Economic Data,FEDFUNDS,U.S. Effective Federal Funds Rate,https://fred.stlouisfed.org/series/FEDFUNDS,2026-06-22,final,2026-06-22 16:46:29,2026-06-22
US.US_FED_FUNDS_RATE_M.FRED,US,US,USA,美国,United States,US_FED_FUNDS_RATE_M,美国联邦基金有效利率,U.S. Effective Federal Funds Rate,2025-08,M,%,NSA,level,4.33,FRED,Federal Reserve Economic Data,FEDFUNDS,U.S. Effective Federal Funds Rate,https://fred.stlouisfed.org/series/FEDFUNDS,2026-06-22,final,2026-06-22 16:46:29,2026-06-22
US.US_FED_FUNDS_RATE_M.FRED,US,US,USA,美国,United States,US_FED_FUNDS_RATE_M,美国联邦基金有效利率,U.S. Effective Federal Funds Rate,2025-09,M,%,NSA,level,4.22,FRED,Federal Reserve Economic Data,FEDFUNDS,U.S. Effective Federal Funds Rate,https://fred.stlouisfed.org/series/FEDFUNDS,2026-06-22,final,2026-06-22 16:46:29,2026-06-22
US.US_FED_FUNDS_RATE_M.FRED,US,US,USA,美国,United States,US_FED_FUNDS_RATE_M,美国联邦基金有效利率,U.S. Effective Federal Funds Rate,2025-10,M,%,NSA,level,4.09,FRED,Federal Reserve Economic Data,FEDFUNDS,U.S. Effective Federal Funds Rate,https://fred.stlouisfed.org/series/FEDFUNDS,2026-06-22,final,2026-06-22 16:46:29,2026-06-22
US.US_FED_FUNDS_RATE_M.FRED,US,US,USA,美国,United States,US_FED_FUNDS_RATE_M,美国联邦基金有效利率,U.S. Effective Federal Funds Rate,2025-11,M,%,NSA,level,3.88,FRED,Federal Reserve Economic Data,FEDFUNDS,U.S. Effective Federal Funds Rate,https://fred.stlouisfed.org/series/FEDFUNDS,2026-06-22,final,2026-06-22 16:46:29,2026-06-22
US.US_FED_FUNDS_RATE_M.FRED,US,US,USA,美国,United States,US_FED_FUNDS_RATE_M,美国联邦基金有效利率,U.S. Effective Federal Funds Rate,2025-12,M,%,NSA,level,3.72,FRED,Federal Reserve Economic Data,FEDFUNDS,U.S. Effective Federal Funds Rate,https://fred.stlouisfed.org/series/FEDFUNDS,2026-06-22,final,2026-06-22 16:46:29,2026-06-22
US.US_FED_FUNDS_RATE_M.FRED,US,US,USA,美国,United States,US_FED_FUNDS_RATE_M,美国联邦基金有效利率,U.S. Effective Federal Funds Rate,2026-01,M,%,NSA,level,3.64,FRED,Federal Reserve Economic Data,FEDFUNDS,U.S. Effective Federal Funds Rate,https://fred.stlouisfed.org/series/FEDFUNDS,2026-06-22,final,2026-06-22 16:46:29,2026-06-22
US.US_FED_FUNDS_RATE_M.FRED,US,US,USA,美国,United States,US_FED_FUNDS_RATE_M,美国联邦基金有效利率,U.S. Effective Federal Funds Rate,2026-02,M,%,NSA,level,3.64,FRED,Federal Reserve Economic Data,FEDFUNDS,U.S. Effective Federal Funds Rate,https://fred.stlouisfed.org/series/FEDFUNDS,2026-06-22,final,2026-06-22 16:46:29,2026-06-22
US.US_FED_FUNDS_RATE_M.FRED,US,US,USA,美国,United States,US_FED_FUNDS_RATE_M,美国联邦基金有效利率,U.S. Effective Federal Funds Rate,2026-03,M,%,NSA,level,3.64,FRED,Federal Reserve Economic Data,FEDFUNDS,U.S. Effective Federal Funds Rate,https://fred.stlouisfed.org/series/FEDFUNDS,2026-06-22,final,2026-06-22 16:46:29,2026-06-22
US.US_FED_FUNDS_RATE_M.FRED,US,US,USA,美国,United States,US_FED_FUNDS_RATE_M,美国联邦基金有效利率,U.S. Effective Federal Funds Rate,2026-04,M,%,NSA,level,3.64,FRED,Federal Reserve Economic Data,FEDFUNDS,U.S. Effective Federal Funds Rate,https://fred.stlouisfed.org/series/FEDFUNDS,2026-06-22,final,2026-06-22 16:46:29,2026-06-22
US.US_FED_FUNDS_RATE_M.FRED,US,US,USA,美国,United States,US_FED_FUNDS_RATE_M,美国联邦基金有效利率,U.S. Effective Federal Funds Rate,2026-05,M,%,NSA,level,3.63,FRED,Federal Reserve Economic Data,FEDFUNDS,U.S. Effective Federal Funds Rate,https://fred.stlouisfed.org/series/FEDFUNDS,2026-06-22,final,2026-06-22 16:46:29,2026-06-22
US.US_PPI_INDEX_M.FRED,US,US,USA,美国,United States,US_PPI_INDEX_M,美国生产者价格指数,U.S. Producer Price Index,2015-01,M,index 1982=100,NSA,level,192.0,FRED,Federal Reserve Economic Data,PPIACO,U.S. Producer Price Index,https://fred.stlouisfed.org/series/PPIACO,2026-06-22,final,2026-06-22 16:46:29,2026-06-22
US.US_PPI_INDEX_M.FRED,US,US,USA,美国,United States,US_PPI_INDEX_M,美国生产者价格指数,U.S. Producer Price Index,2015-02,M,index 1982=100,NSA,level,191.1,FRED,Federal Reserve Economic Data,PPIACO,U.S. Producer Price Index,https://fred.stlouisfed.org/series/PPIACO,2026-06-22,final,2026-06-22 16:46:29,2026-06-22
US.US_PPI_INDEX_M.FRED,US,US,USA,美国,United States,US_PPI_INDEX_M,美国生产者价格指数,U.S. Producer Price Index,2015-03,M,index 1982=100,NSA,level,191.5,FRED,Federal Reserve Economic Data,PPIACO,U.S. Producer Price Index,https://fred.stlouisfed.org/series/PPIACO,2026-06-22,final,2026-06-22 16:46:29,2026-06-22
US.US_PPI_INDEX_M.FRED,US,US,USA,美国,United States,US_PPI_INDEX_M,美国生产者价格指数,U.S. Producer Price Index,2015-04,M,index 1982=100,NSA,level,190.9,FRED,Federal Reserve Economic Data,PPIACO,U.S. Producer Price Index,https://fred.stlouisfed.org/series/PPIACO,2026-06-22,final,2026-06-22 16:46:29,2026-06-22
US.US_PPI_INDEX_M.FRED,US,US,USA,美国,United States,US_PPI_INDEX_M,美国生产者价格指数,U.S. Producer Price Index,2015-05,M,index 1982=100,NSA,level,193.4,FRED,Federal Reserve Economic Data,PPIACO,U.S. Producer Price Index,https://fred.stlouisfed.org/series/PPIACO,2026-06-22,final,2026-06-22 16:46:29,2026-06-22
US.US_PPI_INDEX_M.FRED,US,US,USA,美国,United States,US_PPI_INDEX_M,美国生产者价格指数,U.S. Producer Price Index,2015-06,M,index 1982=100,NSA,level,194.8,FRED,Federal Reserve Economic Data,PPIACO,U.S. Producer Price Index,https://fred.stlouisfed.org/series/PPIACO,2026-06-22,final,2026-06-22 16:46:29,2026-06-22
US.US_PPI_INDEX_M.FRED,US,US,USA,美国,United States,US_PPI_INDEX_M,美国生产者价格指数,U.S. Producer Price Index,2015-07,M,index 1982=100,NSA,level,193.9,FRED,Federal Reserve Economic Data,PPIACO,U.S. Producer Price Index,https://fred.stlouisfed.org/series/PPIACO,2026-06-22,final,2026-06-22 16:46:29,2026-06-22
US.US_PPI_INDEX_M.FRED,US,US,USA,美国,United States,US_PPI_INDEX_M,美国生产者价格指数,U.S. Producer Price Index,2015-08,M,index 1982=100,NSA,level,191.9,FRED,Federal Reserve Economic Data,PPIACO,U.S. Producer Price Index,https://fred.stlouisfed.org/series/PPIACO,2026-06-22,final,2026-06-22 16:46:29,2026-06-22
US.US_PPI_INDEX_M.FRED,US,US,USA,美国,United States,US_PPI_INDEX_M,美国生产者价格指数,U.S. Producer Price Index,2015-09,M,index 1982=100,NSA,level,189.1,FRED,Federal Reserve Economic Data,PPIACO,U.S. Producer Price Index,https://fred.stlouisfed.org/series/PPIACO,2026-06-22,final,2026-06-22 16:46:29,2026-06-22
US.US_PPI_INDEX_M.FRED,US,US,USA,美国,United States,US_PPI_INDEX_M,美国生产者价格指数,U.S. Producer Price Index,2015-10,M,index 1982=100,NSA,level,187.5,FRED,Federal Reserve Economic Data,PPIACO,U.S. Producer Price Index,https://fred.stlouisfed.org/series/PPIACO,2026-06-22,final,2026-06-22 16:46:29,2026-06-22
US.US_PPI_INDEX_M.FRED,US,US,USA,美国,United States,US_PPI_INDEX_M,美国生产者价格指数,U.S. Producer Price Index,2015-11,M,index 1982=100,NSA,level,185.7,FRED,Federal Reserve Economic Data,PPIACO,U.S. Producer Price Index,https://fred.stlouisfed.org/series/PPIACO,2026-06-22,final,2026-06-22 16:46:29,2026-06-22
US.US_PPI_INDEX_M.FRED,US,US,USA,美国,United States,US_PPI_INDEX_M,美国生产者价格指数,U.S. Producer Price Index,2015-12,M,index 1982=100,NSA,level,183.5,FRED,Federal Reserve Economic Data,PPIACO,U.S. Producer Price Index,https://fred.stlouisfed.org/series/PPIACO,2026-06-22,final,2026-06-22 16:46:29,2026-06-22
US.US_PPI_INDEX_M.FRED,US,US,USA,美国,United States,US_PPI_INDEX_M,美国生产者价格指数,U.S. Producer Price Index,2016-01,M,index 1982=100,NSA,level,182.6,FRED,Federal Reserve Economic Data,PPIACO,U.S. Producer Price Index,https://fred.stlouisfed.org/series/PPIACO,2026-06-22,final,2026-06-22 16:46:29,2026-06-22
US.US_PPI_INDEX_M.FRED,US,US,USA,美国,United States,US_PPI_INDEX_M,美国生产者价格指数,U.S. Producer Price Index,2016-02,M,index 1982=100,NSA,level,181.3,FRED,Federal Reserve Economic Data,PPIACO,U.S. Producer Price Index,https://fred.stlouisfed.org/series/PPIACO,2026-06-22,final,2026-06-22 16:46:29,2026-06-22
US.US_PPI_INDEX_M.FRED,US,US,USA,美国,United States,US_PPI_INDEX_M,美国生产者价格指数,U.S. Producer Price Index,2016-03,M,index 1982=100,NSA,level,182.1,FRED,Federal Reserve Economic Data,PPIACO,U.S. Producer Price Index,https://fred.stlouisfed.org/series/PPIACO,2026-06-22,final,2026-06-22 16:46:29,2026-06-22
US.US_PPI_INDEX_M.FRED,US,US,USA,美国,United States,US_PPI_INDEX_M,美国生产者价格指数,U.S. Producer Price Index,2016-04,M,index 1982=100,NSA,level,183.2,FRED,Federal Reserve Economic Data,PPIACO,U.S. Producer Price Index,https://fred.stlouisfed.org/series/PPIACO,2026-06-22,final,2026-06-22 16:46:29,2026-06-22
US.US_PPI_INDEX_M.FRED,US,US,USA,美国,United States,US_PPI_INDEX_M,美国生产者价格指数,U.S. Producer Price Index,2016-05,M,index 1982=100,NSA,level,185.3,FRED,Federal Reserve Economic Data,PPIACO,U.S. Producer Price Index,https://fred.stlouisfed.org/series/PPIACO,2026-06-22,final,2026-06-22 16:46:29,2026-06-22
US.US_PPI_INDEX_M.FRED,US,US,USA,美国,United States,US_PPI_INDEX_M,美国生产者价格指数,U.S. Producer Price Index,2016-06,M,index 1982=100,NSA,level,187.6,FRED,Federal Reserve Economic Data,PPIACO,U.S. Producer Price Index,https://fred.stlouisfed.org/series/PPIACO,2026-06-22,final,2026-06-22 16:46:29,2026-06-22
US.US_PPI_INDEX_M.FRED,US,US,USA,美国,United States,US_PPI_INDEX_M,美国生产者价格指数,U.S. Producer Price Index,2016-07,M,index 1982=100,NSA,level,187.7,FRED,Federal Reserve Economic Data,PPIACO,U.S. Producer Price Index,https://fred.stlouisfed.org/series/PPIACO,2026-06-22,final,2026-06-22 16:46:29,2026-06-22
US.US_PPI_INDEX_M.FRED,US,US,USA,美国,United States,US_PPI_INDEX_M,美国生产者价格指数,U.S. Producer Price Index,2016-08,M,index 1982=100,NSA,level,186.6,FRED,Federal Reserve Economic Data,PPIACO,U.S. Producer Price Index,https://fred.stlouisfed.org/series/PPIACO,2026-06-22,final,2026-06-22 16:46:29,2026-06-22
US.US_PPI_INDEX_M.FRED,US,US,USA,美国,United States,US_PPI_INDEX_M,美国生产者价格指数,U.S. Producer Price Index,2016-09,M,index 1982=100,NSA,level,186.9,FRED,Federal Reserve Economic Data,PPIACO,U.S. Producer Price Index,https://fred.stlouisfed.org/series/PPIACO,2026-06-22,final,2026-06-22 16:46:29,2026-06-22
US.US_PPI_INDEX_M.FRED,US,US,USA,美国,United States,US_PPI_INDEX_M,美国生产者价格指数,U.S. Producer Price Index,2016-10,M,index 1982=100,NSA,level,186.7,FRED,Federal Reserve Economic Data,PPIACO,U.S. Producer Price Index,https://fred.stlouisfed.org/series/PPIACO,2026-06-22,final,2026-06-22 16:46:29,2026-06-22
US.US_PPI_INDEX_M.FRED,US,US,USA,美国,United States,US_PPI_INDEX_M,美国生产者价格指数,U.S. Producer Price Index,2016-11,M,index 1982=100,NSA,level,186.3,FRED,Federal Reserve Economic Data,PPIACO,U.S. Producer Price Index,https://fred.stlouisfed.org/series/PPIACO,2026-06-22,final,2026-06-22 16:46:29,2026-06-22
US.US_PPI_INDEX_M.FRED,US,US,USA,美国,United States,US_PPI_INDEX_M,美国生产者价格指数,U.S. Producer Price Index,2016-12,M,index 1982=100,NSA,level,188.2,FRED,Federal Reserve Economic Data,PPIACO,U.S. Producer Price Index,https://fred.stlouisfed.org/series/PPIACO,2026-06-22,final,2026-06-22 16:46:29,2026-06-22
US.US_PPI_INDEX_M.FRED,US,US,USA,美国,United States,US_PPI_INDEX_M,美国生产者价格指数,U.S. Producer Price Index,2017-01,M,index 1982=100,NSA,level,190.7,FRED,Federal Reserve Economic Data,PPIACO,U.S. Producer Price Index,https://fred.stlouisfed.org/series/PPIACO,2026-06-22,final,2026-06-22 16:46:29,2026-06-22
US.US_PPI_INDEX_M.FRED,US,US,USA,美国,United States,US_PPI_INDEX_M,美国生产者价格指数,U.S. Producer Price Index,2017-02,M,index 1982=100,NSA,level,191.6,FRED,Federal Reserve Economic Data,PPIACO,U.S. Producer Price Index,https://fred.stlouisfed.org/series/PPIACO,2026-06-22,final,2026-06-22 16:46:29,2026-06-22
US.US_PPI_INDEX_M.FRED,US,US,USA,美国,United States,US_PPI_INDEX_M,美国生产者价格指数,U.S. Producer Price Index,2017-03,M,index 1982=100,NSA,level,191.5,FRED,Federal Reserve Economic Data,PPIACO,U.S. Producer Price Index,https://fred.stlouisfed.org/series/PPIACO,2026-06-22,final,2026-06-22 16:46:29,2026-06-22
US.US_PPI_INDEX_M.FRED,US,US,USA,美国,United States,US_PPI_INDEX_M,美国生产者价格指数,U.S. Producer Price Index,2017-04,M,index 1982=100,NSA,level,193.0,FRED,Federal Reserve Economic Data,PPIACO,U.S. Producer Price Index,https://fred.stlouisfed.org/series/PPIACO,2026-06-22,final,2026-06-22 16:46:29,2026-06-22
US.US_PPI_INDEX_M.FRED,US,US,USA,美国,United States,US_PPI_INDEX_M,美国生产者价格指数,U.S. Producer Price Index,2017-05,M,index 1982=100,NSA,level,192.8,FRED,Federal Reserve Economic Data,PPIACO,U.S. Producer Price Index,https://fred.stlouisfed.org/series/PPIACO,2026-06-22,final,2026-06-22 16:46:29,2026-06-22
US.US_PPI_INDEX_M.FRED,US,US,USA,美国,United States,US_PPI_INDEX_M,美国生产者价格指数,U.S. Producer Price Index,2017-06,M,index 1982=100,NSA,level,193.6,FRED,Federal Reserve Economic Data,PPIACO,U.S. Producer Price Index,https://fred.stlouisfed.org/series/PPIACO,2026-06-22,final,2026-06-22 16:46:29,2026-06-22
US.US_PPI_INDEX_M.FRED,US,US,USA,美国,United States,US_PPI_INDEX_M,美国生产者价格指数,U.S. Producer Price Index,2017-07,M,index 1982=100,NSA,level,193.5,FRED,Federal Reserve Economic Data,PPIACO,U.S. Producer Price Index,https://fred.stlouisfed.org/series/PPIACO,2026-06-22,final,2026-06-22 16:46:29,2026-06-22
US.US_PPI_INDEX_M.FRED,US,US,USA,美国,United States,US_PPI_INDEX_M,美国生产者价格指数,U.S. Producer Price Index,2017-08,M,index 1982=100,NSA,level,193.8,FRED,Federal Reserve Economic Data,PPIACO,U.S. Producer Price Index,https://fred.stlouisfed.org/series/PPIACO,2026-06-22,final,2026-06-22 16:46:29,2026-06-22
US.US_PPI_INDEX_M.FRED,US,US,USA,美国,United States,US_PPI_INDEX_M,美国生产者价格指数,U.S. Producer Price Index,2017-09,M,index 1982=100,NSA,level,194.8,FRED,Federal Reserve Economic Data,PPIACO,U.S. Producer Price Index,https://fred.stlouisfed.org/series/PPIACO,2026-06-22,final,2026-06-22 16:46:29,2026-06-22
US.US_PPI_INDEX_M.FRED,US,US,USA,美国,United States,US_PPI_INDEX_M,美国生产者价格指数,U.S. Producer Price Index,2017-10,M,index 1982=100,NSA,level,194.9,FRED,Federal Reserve Economic Data,PPIACO,U.S. Producer Price Index,https://fred.stlouisfed.org/series/PPIACO,2026-06-22,final,2026-06-22 16:46:29,2026-06-22
US.US_PPI_INDEX_M.FRED,US,US,USA,美国,United States,US_PPI_INDEX_M,美国生产者价格指数,U.S. Producer Price Index,2017-11,M,index 1982=100,NSA,level,195.9,FRED,Federal Reserve Economic Data,PPIACO,U.S. Producer Price Index,https://fred.stlouisfed.org/series/PPIACO,2026-06-22,final,2026-06-22 16:46:29,2026-06-22
US.US_PPI_INDEX_M.FRED,US,US,USA,美国,United States,US_PPI_INDEX_M,美国生产者价格指数,U.S. Producer Price Index,2017-12,M,index 1982=100,NSA,level,196.3,FRED,Federal Reserve Economic Data,PPIACO,U.S. Producer Price Index,https://fred.stlouisfed.org/series/PPIACO,2026-06-22,final,2026-06-22 16:46:29,2026-06-22
US.US_PPI_INDEX_M.FRED,US,US,USA,美国,United States,US_PPI_INDEX_M,美国生产者价格指数,U.S. Producer Price Index,2018-01,M,index 1982=100,NSA,level,197.9,FRED,Federal Reserve Economic Data,PPIACO,U.S. Producer Price Index,https://fred.stlouisfed.org/series/PPIACO,2026-06-22,final,2026-06-22 16:46:29,2026-06-22
US.US_PPI_INDEX_M.FRED,US,US,USA,美国,United States,US_PPI_INDEX_M,美国生产者价格指数,U.S. Producer Price Index,2018-02,M,index 1982=100,NSA,level,199.3,FRED,Federal Reserve Economic Data,PPIACO,U.S. Producer Price Index,https://fred.stlouisfed.org/series/PPIACO,2026-06-22,final,2026-06-22 16:46:29,2026-06-22
US.US_PPI_INDEX_M.FRED,US,US,USA,美国,United States,US_PPI_INDEX_M,美国生产者价格指数,U.S. Producer Price Index,2018-03,M,index 1982=100,NSA,level,199.3,FRED,Federal Reserve Economic Data,PPIACO,U.S. Producer Price Index,https://fred.stlouisfed.org/series/PPIACO,2026-06-22,final,2026-06-22 16:46:29,2026-06-22
US.US_PPI_INDEX_M.FRED,US,US,USA,美国,United States,US_PPI_INDEX_M,美国生产者价格指数,U.S. Producer Price Index,2018-04,M,index 1982=100,NSA,level,200.3,FRED,Federal Reserve Economic Data,PPIACO,U.S. Producer Price Index,https://fred.stlouisfed.org/series/PPIACO,2026-06-22,final,2026-06-22 16:46:29,2026-06-22
US.US_PPI_INDEX_M.FRED,US,US,USA,美国,United States,US_PPI_INDEX_M,美国生产者价格指数,U.S. Producer Price Index,2018-05,M,index 1982=100,NSA,level,203.2,FRED,Federal Reserve Economic Data,PPIACO,U.S. Producer Price Index,https://fred.stlouisfed.org/series/PPIACO,2026-06-22,final,2026-06-22 16:46:29,2026-06-22
US.US_PPI_INDEX_M.FRED,US,US,USA,美国,United States,US_PPI_INDEX_M,美国生产者价格指数,U.S. Producer Price Index,2018-06,M,index 1982=100,NSA,level,204.2,FRED,Federal Reserve Economic Data,PPIACO,U.S. Producer Price Index,https://fred.stlouisfed.org/series/PPIACO,2026-06-22,final,2026-06-22 16:46:29,2026-06-22
US.US_PPI_INDEX_M.FRED,US,US,USA,美国,United States,US_PPI_INDEX_M,美国生产者价格指数,U.S. Producer Price Index,2018-07,M,index 1982=100,NSA,level,204.3,FRED,Federal Reserve Economic Data,PPIACO,U.S. Producer Price Index,https://fred.stlouisfed.org/series/PPIACO,2026-06-22,final,2026-06-22 16:46:29,2026-06-22
US.US_PPI_INDEX_M.FRED,US,US,USA,美国,United States,US_PPI_INDEX_M,美国生产者价格指数,U.S. Producer Price Index,2018-08,M,index 1982=100,NSA,level,203.4,FRED,Federal Reserve Economic Data,PPIACO,U.S. Producer Price Index,https://fred.stlouisfed.org/series/PPIACO,2026-06-22,final,2026-06-22 16:46:29,2026-06-22
US.US_PPI_INDEX_M.FRED,US,US,USA,美国,United States,US_PPI_INDEX_M,美国生产者价格指数,U.S. Producer Price Index,2018-09,M,index 1982=100,NSA,level,203.6,FRED,Federal Reserve Economic Data,PPIACO,U.S. Producer Price Index,https://fred.stlouisfed.org/series/PPIACO,2026-06-22,final,2026-06-22 16:46:29,2026-06-22
US.US_PPI_INDEX_M.FRED,US,US,USA,美国,United States,US_PPI_INDEX_M,美国生产者价格指数,U.S. Producer Price Index,2018-10,M,index 1982=100,NSA,level,204.6,FRED,Federal Reserve Economic Data,PPIACO,U.S. Producer Price Index,https://fred.stlouisfed.org/series/PPIACO,2026-06-22,final,2026-06-22 16:46:29,2026-06-22
US.US_PPI_INDEX_M.FRED,US,US,USA,美国,United States,US_PPI_INDEX_M,美国生产者价格指数,U.S. Producer Price Index,2018-11,M,index 1982=100,NSA,level,202.3,FRED,Federal Reserve Economic Data,PPIACO,U.S. Producer Price Index,https://fred.stlouisfed.org/series/PPIACO,2026-06-22,final,2026-06-22 16:46:29,2026-06-22
US.US_PPI_INDEX_M.FRED,US,US,USA,美国,United States,US_PPI_INDEX_M,美国生产者价格指数,U.S. Producer Price Index,2018-12,M,index 1982=100,NSA,level,201.0,FRED,Federal Reserve Economic Data,PPIACO,U.S. Producer Price Index,https://fred.stlouisfed.org/series/PPIACO,2026-06-22,final,2026-06-22 16:46:29,2026-06-22
US.US_PPI_INDEX_M.FRED,US,US,USA,美国,United States,US_PPI_INDEX_M,美国生产者价格指数,U.S. Producer Price Index,2019-01,M,index 1982=100,NSA,level,199.1,FRED,Federal Reserve Economic Data,PPIACO,U.S. Producer Price Index,https://fred.stlouisfed.org/series/PPIACO,2026-06-22,final,2026-06-22 16:46:29,2026-06-22
US.US_PPI_INDEX_M.FRED,US,US,USA,美国,United States,US_PPI_INDEX_M,美国生产者价格指数,U.S. Producer Price Index,2019-02,M,index 1982=100,NSA,level,199.2,FRED,Federal Reserve Economic Data,PPIACO,U.S. Producer Price Index,https://fred.stlouisfed.org/series/PPIACO,2026-06-22,final,2026-06-22 16:46:29,2026-06-22
US.US_PPI_INDEX_M.FRED,US,US,USA,美国,United States,US_PPI_INDEX_M,美国生产者价格指数,U.S. Producer Price Index,2019-03,M,index 1982=100,NSA,level,200.8,FRED,Federal Reserve Economic Data,PPIACO,U.S. Producer Price Index,https://fred.stlouisfed.org/series/PPIACO,2026-06-22,final,2026-06-22 16:46:29,2026-06-22
US.US_PPI_INDEX_M.FRED,US,US,USA,美国,United States,US_PPI_INDEX_M,美国生产者价格指数,U.S. Producer Price Index,2019-04,M,index 1982=100,NSA,level,202.1,FRED,Federal Reserve Economic Data,PPIACO,U.S. Producer Price Index,https://fred.stlouisfed.org/series/PPIACO,2026-06-22,final,2026-06-22 16:46:29,2026-06-22
US.US_PPI_INDEX_M.FRED,US,US,USA,美国,United States,US_PPI_INDEX_M,美国生产者价格指数,U.S. Producer Price Index,2019-05,M,index 1982=100,NSA,level,201.7,FRED,Federal Reserve Economic Data,PPIACO,U.S. Producer Price Index,https://fred.stlouisfed.org/series/PPIACO,2026-06-22,final,2026-06-22 16:46:29,2026-06-22
US.US_PPI_INDEX_M.FRED,US,US,USA,美国,United States,US_PPI_INDEX_M,美国生产者价格指数,U.S. Producer Price Index,2019-06,M,index 1982=100,NSA,level,200.3,FRED,Federal Reserve Economic Data,PPIACO,U.S. Producer Price Index,https://fred.stlouisfed.org/series/PPIACO,2026-06-22,final,2026-06-22 16:46:29,2026-06-22
US.US_PPI_INDEX_M.FRED,US,US,USA,美国,United States,US_PPI_INDEX_M,美国生产者价格指数,U.S. Producer Price Index,2019-07,M,index 1982=100,NSA,level,200.7,FRED,Federal Reserve Economic Data,PPIACO,U.S. Producer Price Index,https://fred.stlouisfed.org/series/PPIACO,2026-06-22,final,2026-06-22 16:46:29,2026-06-22
US.US_PPI_INDEX_M.FRED,US,US,USA,美国,United States,US_PPI_INDEX_M,美国生产者价格指数,U.S. Producer Price Index,2019-08,M,index 1982=100,NSA,level,199.2,FRED,Federal Reserve Economic Data,PPIACO,U.S. Producer Price Index,https://fred.stlouisfed.org/series/PPIACO,2026-06-22,final,2026-06-22 16:46:29,2026-06-22
US.US_PPI_INDEX_M.FRED,US,US,USA,美国,United States,US_PPI_INDEX_M,美国生产者价格指数,U.S. Producer Price Index,2019-09,M,index 1982=100,NSA,level,198.4,FRED,Federal Reserve Economic Data,PPIACO,U.S. Producer Price Index,https://fred.stlouisfed.org/series/PPIACO,2026-06-22,final,2026-06-22 16:46:29,2026-06-22
US.US_PPI_INDEX_M.FRED,US,US,USA,美国,United States,US_PPI_INDEX_M,美国生产者价格指数,U.S. Producer Price Index,2019-10,M,index 1982=100,NSA,level,198.6,FRED,Federal Reserve Economic Data,PPIACO,U.S. Producer Price Index,https://fred.stlouisfed.org/series/PPIACO,2026-06-22,final,2026-06-22 16:46:29,2026-06-22
US.US_PPI_INDEX_M.FRED,US,US,USA,美国,United States,US_PPI_INDEX_M,美国生产者价格指数,U.S. Producer Price Index,2019-11,M,index 1982=100,NSA,level,199.0,FRED,Federal Reserve Economic Data,PPIACO,U.S. Producer Price Index,https://fred.stlouisfed.org/series/PPIACO,2026-06-22,final,2026-06-22 16:46:29,2026-06-22
US.US_PPI_INDEX_M.FRED,US,US,USA,美国,United States,US_PPI_INDEX_M,美国生产者价格指数,U.S. Producer Price Index,2019-12,M,index 1982=100,NSA,level,199.0,FRED,Federal Reserve Economic Data,PPIACO,U.S. Producer Price Index,https://fred.stlouisfed.org/series/PPIACO,2026-06-22,final,2026-06-22 16:46:29,2026-06-22
US.US_PPI_INDEX_M.FRED,US,US,USA,美国,United States,US_PPI_INDEX_M,美国生产者价格指数,U.S. Producer Price Index,2020-01,M,index 1982=100,NSA,level,199.3,FRED,Federal Reserve Economic Data,PPIACO,U.S. Producer Price Index,https://fred.stlouisfed.org/series/PPIACO,2026-06-22,final,2026-06-22 16:46:29,2026-06-22
US.US_PPI_INDEX_M.FRED,US,US,USA,美国,United States,US_PPI_INDEX_M,美国生产者价格指数,U.S. Producer Price Index,2020-02,M,index 1982=100,NSA,level,196.7,FRED,Federal Reserve Economic Data,PPIACO,U.S. Producer Price Index,https://fred.stlouisfed.org/series/PPIACO,2026-06-22,final,2026-06-22 16:46:29,2026-06-22
US.US_PPI_INDEX_M.FRED,US,US,USA,美国,United States,US_PPI_INDEX_M,美国生产者价格指数,U.S. Producer Price Index,2020-03,M,index 1982=100,NSA,level,193.1,FRED,Federal Reserve Economic Data,PPIACO,U.S. Producer Price Index,https://fred.stlouisfed.org/series/PPIACO,2026-06-22,final,2026-06-22 16:46:29,2026-06-22
US.US_PPI_INDEX_M.FRED,US,US,USA,美国,United States,US_PPI_INDEX_M,美国生产者价格指数,U.S. Producer Price Index,2020-04,M,index 1982=100,NSA,level,185.5,FRED,Federal Reserve Economic Data,PPIACO,U.S. Producer Price Index,https://fred.stlouisfed.org/series/PPIACO,2026-06-22,final,2026-06-22 16:46:29,2026-06-22
US.US_PPI_INDEX_M.FRED,US,US,USA,美国,United States,US_PPI_INDEX_M,美国生产者价格指数,U.S. Producer Price Index,2020-05,M,index 1982=100,NSA,level,188.6,FRED,Federal Reserve Economic Data,PPIACO,U.S. Producer Price Index,https://fred.stlouisfed.org/series/PPIACO,2026-06-22,final,2026-06-22 16:46:29,2026-06-22
US.US_PPI_INDEX_M.FRED,US,US,USA,美国,United States,US_PPI_INDEX_M,美国生产者价格指数,U.S. Producer Price Index,2020-06,M,index 1982=100,NSA,level,191.2,FRED,Federal Reserve Economic Data,PPIACO,U.S. Producer Price Index,https://fred.stlouisfed.org/series/PPIACO,2026-06-22,final,2026-06-22 16:46:29,2026-06-22
US.US_PPI_INDEX_M.FRED,US,US,USA,美国,United States,US_PPI_INDEX_M,美国生产者价格指数,U.S. Producer Price Index,2020-07,M,index 1982=100,NSA,level,193.0,FRED,Federal Reserve Economic Data,PPIACO,U.S. Producer Price Index,https://fred.stlouisfed.org/series/PPIACO,2026-06-22,final,2026-06-22 16:46:29,2026-06-22
US.US_PPI_INDEX_M.FRED,US,US,USA,美国,United States,US_PPI_INDEX_M,美国生产者价格指数,U.S. Producer Price Index,2020-08,M,index 1982=100,NSA,level,194.3,FRED,Federal Reserve Economic Data,PPIACO,U.S. Producer Price Index,https://fred.stlouisfed.org/series/PPIACO,2026-06-22,final,2026-06-22 16:46:29,2026-06-22
US.US_PPI_INDEX_M.FRED,US,US,USA,美国,United States,US_PPI_INDEX_M,美国生产者价格指数,U.S. Producer Price Index,2020-09,M,index 1982=100,NSA,level,195.5,FRED,Federal Reserve Economic Data,PPIACO,U.S. Producer Price Index,https://fred.stlouisfed.org/series/PPIACO,2026-06-22,final,2026-06-22 16:46:29,2026-06-22
US.US_PPI_INDEX_M.FRED,US,US,USA,美国,United States,US_PPI_INDEX_M,美国生产者价格指数,U.S. Producer Price Index,2020-10,M,index 1982=100,NSA,level,196.5,FRED,Federal Reserve Economic Data,PPIACO,U.S. Producer Price Index,https://fred.stlouisfed.org/series/PPIACO,2026-06-22,final,2026-06-22 16:46:29,2026-06-22
US.US_PPI_INDEX_M.FRED,US,US,USA,美国,United States,US_PPI_INDEX_M,美国生产者价格指数,U.S. Producer Price Index,2020-11,M,index 1982=100,NSA,level,198.3,FRED,Federal Reserve Economic Data,PPIACO,U.S. Producer Price Index,https://fred.stlouisfed.org/series/PPIACO,2026-06-22,final,2026-06-22 16:46:29,2026-06-22
US.US_PPI_INDEX_M.FRED,US,US,USA,美国,United States,US_PPI_INDEX_M,美国生产者价格指数,U.S. Producer Price Index,2020-12,M,index 1982=100,NSA,level,200.5,FRED,Federal Reserve Economic Data,PPIACO,U.S. Producer Price Index,https://fred.stlouisfed.org/series/PPIACO,2026-06-22,final,2026-06-22 16:46:29,2026-06-22
US.US_PPI_INDEX_M.FRED,US,US,USA,美国,United States,US_PPI_INDEX_M,美国生产者价格指数,U.S. Producer Price Index,2021-01,M,index 1982=100,NSA,level,204.8,FRED,Federal Reserve Economic Data,PPIACO,U.S. Producer Price Index,https://fred.stlouisfed.org/series/PPIACO,2026-06-22,final,2026-06-22 16:46:29,2026-06-22
US.US_PPI_INDEX_M.FRED,US,US,USA,美国,United States,US_PPI_INDEX_M,美国生产者价格指数,U.S. Producer Price Index,2021-02,M,index 1982=100,NSA,level,210.6,FRED,Federal Reserve Economic Data,PPIACO,U.S. Producer Price Index,https://fred.stlouisfed.org/series/PPIACO,2026-06-22,final,2026-06-22 16:46:29,2026-06-22
US.US_PPI_INDEX_M.FRED,US,US,USA,美国,United States,US_PPI_INDEX_M,美国生产者价格指数,U.S. Producer Price Index,2021-03,M,index 1982=100,NSA,level,215.0,FRED,Federal Reserve Economic Data,PPIACO,U.S. Producer Price Index,https://fred.stlouisfed.org/series/PPIACO,2026-06-22,final,2026-06-22 16:46:29,2026-06-22
US.US_PPI_INDEX_M.FRED,US,US,USA,美国,United States,US_PPI_INDEX_M,美国生产者价格指数,U.S. Producer Price Index,2021-04,M,index 1982=100,NSA,level,217.9,FRED,Federal Reserve Economic Data,PPIACO,U.S. Producer Price Index,https://fred.stlouisfed.org/series/PPIACO,2026-06-22,final,2026-06-22 16:46:29,2026-06-22
US.US_PPI_INDEX_M.FRED,US,US,USA,美国,United States,US_PPI_INDEX_M,美国生产者价格指数,U.S. Producer Price Index,2021-05,M,index 1982=100,NSA,level,224.9,FRED,Federal Reserve Economic Data,PPIACO,U.S. Producer Price Index,https://fred.stlouisfed.org/series/PPIACO,2026-06-22,final,2026-06-22 16:46:29,2026-06-22
US.US_PPI_INDEX_M.FRED,US,US,USA,美国,United States,US_PPI_INDEX_M,美国生产者价格指数,U.S. Producer Price Index,2021-06,M,index 1982=100,NSA,level,228.9,FRED,Federal Reserve Economic Data,PPIACO,U.S. Producer Price Index,https://fred.stlouisfed.org/series/PPIACO,2026-06-22,final,2026-06-22 16:46:29,2026-06-22
US.US_PPI_INDEX_M.FRED,US,US,USA,美国,United States,US_PPI_INDEX_M,美国生产者价格指数,U.S. Producer Price Index,2021-07,M,index 1982=100,NSA,level,231.85,FRED,Federal Reserve Economic Data,PPIACO,U.S. Producer Price Index,https://fred.stlouisfed.org/series/PPIACO,2026-06-22,final,2026-06-22 16:46:29,2026-06-22
US.US_PPI_INDEX_M.FRED,US,US,USA,美国,United States,US_PPI_INDEX_M,美国生产者价格指数,U.S. Producer Price Index,2021-08,M,index 1982=100,NSA,level,233.415,FRED,Federal Reserve Economic Data,PPIACO,U.S. Producer Price Index,https://fred.stlouisfed.org/series/PPIACO,2026-06-22,final,2026-06-22 16:46:29,2026-06-22
US.US_PPI_INDEX_M.FRED,US,US,USA,美国,United States,US_PPI_INDEX_M,美国生产者价格指数,U.S. Producer Price Index,2021-09,M,index 1982=100,NSA,level,235.678,FRED,Federal Reserve Economic Data,PPIACO,U.S. Producer Price Index,https://fred.stlouisfed.org/series/PPIACO,2026-06-22,final,2026-06-22 16:46:29,2026-06-22
US.US_PPI_INDEX_M.FRED,US,US,USA,美国,United States,US_PPI_INDEX_M,美国生产者价格指数,U.S. Producer Price Index,2021-10,M,index 1982=100,NSA,level,240.465,FRED,Federal Reserve Economic Data,PPIACO,U.S. Producer Price Index,https://fred.stlouisfed.org/series/PPIACO,2026-06-22,final,2026-06-22 16:46:29,2026-06-22
US.US_PPI_INDEX_M.FRED,US,US,USA,美国,United States,US_PPI_INDEX_M,美国生产者价格指数,U.S. Producer Price Index,2021-11,M,index 1982=100,NSA,level,243.287,FRED,Federal Reserve Economic Data,PPIACO,U.S. Producer Price Index,https://fred.stlouisfed.org/series/PPIACO,2026-06-22,final,2026-06-22 16:46:29,2026-06-22
US.US_PPI_INDEX_M.FRED,US,US,USA,美国,United States,US_PPI_INDEX_M,美国生产者价格指数,U.S. Producer Price Index,2021-12,M,index 1982=100,NSA,level,241.338,FRED,Federal Reserve Economic Data,PPIACO,U.S. Producer Price Index,https://fred.stlouisfed.org/series/PPIACO,2026-06-22,final,2026-06-22 16:46:29,2026-06-22
US.US_PPI_INDEX_M.FRED,US,US,USA,美国,United States,US_PPI_INDEX_M,美国生产者价格指数,U.S. Producer Price Index,2022-01,M,index 1982=100,NSA,level,246.453,FRED,Federal Reserve Economic Data,PPIACO,U.S. Producer Price Index,https://fred.stlouisfed.org/series/PPIACO,2026-06-22,final,2026-06-22 16:46:29,2026-06-22
US.US_PPI_INDEX_M.FRED,US,US,USA,美国,United States,US_PPI_INDEX_M,美国生产者价格指数,U.S. Producer Price Index,2022-02,M,index 1982=100,NSA,level,252.66,FRED,Federal Reserve Economic Data,PPIACO,U.S. Producer Price Index,https://fred.stlouisfed.org/series/PPIACO,2026-06-22,final,2026-06-22 16:46:29,2026-06-22
US.US_PPI_INDEX_M.FRED,US,US,USA,美国,United States,US_PPI_INDEX_M,美国生产者价格指数,U.S. Producer Price Index,2022-03,M,index 1982=100,NSA,level,260.014,FRED,Federal Reserve Economic Data,PPIACO,U.S. Producer Price Index,https://fred.stlouisfed.org/series/PPIACO,2026-06-22,final,2026-06-22 16:46:29,2026-06-22
US.US_PPI_INDEX_M.FRED,US,US,USA,美国,United States,US_PPI_INDEX_M,美国生产者价格指数,U.S. Producer Price Index,2022-04,M,index 1982=100,NSA,level,265.31,FRED,Federal Reserve Economic Data,PPIACO,U.S. Producer Price Index,https://fred.stlouisfed.org/series/PPIACO,2026-06-22,final,2026-06-22 16:46:29,2026-06-22
US.US_PPI_INDEX_M.FRED,US,US,USA,美国,United States,US_PPI_INDEX_M,美国生产者价格指数,U.S. Producer Price Index,2022-05,M,index 1982=100,NSA,level,273.251,FRED,Federal Reserve Economic Data,PPIACO,U.S. Producer Price Index,https://fred.stlouisfed.org/series/PPIACO,2026-06-22,final,2026-06-22 16:46:29,2026-06-22
US.US_PPI_INDEX_M.FRED,US,US,USA,美国,United States,US_PPI_INDEX_M,美国生产者价格指数,U.S. Producer Price Index,2022-06,M,index 1982=100,NSA,level,280.251,FRED,Federal Reserve Economic Data,PPIACO,U.S. Producer Price Index,https://fred.stlouisfed.org/series/PPIACO,2026-06-22,final,2026-06-22 16:46:29,2026-06-22
US.US_PPI_INDEX_M.FRED,US,US,USA,美国,United States,US_PPI_INDEX_M,美国生产者价格指数,U.S. Producer Price Index,2022-07,M,index 1982=100,NSA,level,272.274,FRED,Federal Reserve Economic Data,PPIACO,U.S. Producer Price Index,https://fred.stlouisfed.org/series/PPIACO,2026-06-22,final,2026-06-22 16:46:29,2026-06-22
US.US_PPI_INDEX_M.FRED,US,US,USA,美国,United States,US_PPI_INDEX_M,美国生产者价格指数,U.S. Producer Price Index,2022-08,M,index 1982=100,NSA,level,269.546,FRED,Federal Reserve Economic Data,PPIACO,U.S. Producer Price Index,https://fred.stlouisfed.org/series/PPIACO,2026-06-22,final,2026-06-22 16:46:29,2026-06-22
US.US_PPI_INDEX_M.FRED,US,US,USA,美国,United States,US_PPI_INDEX_M,美国生产者价格指数,U.S. Producer Price Index,2022-09,M,index 1982=100,NSA,level,267.898,FRED,Federal Reserve Economic Data,PPIACO,U.S. Producer Price Index,https://fred.stlouisfed.org/series/PPIACO,2026-06-22,final,2026-06-22 16:46:29,2026-06-22
US.US_PPI_INDEX_M.FRED,US,US,USA,美国,United States,US_PPI_INDEX_M,美国生产者价格指数,U.S. Producer Price Index,2022-10,M,index 1982=100,NSA,level,265.061,FRED,Federal Reserve Economic Data,PPIACO,U.S. Producer Price Index,https://fred.stlouisfed.org/series/PPIACO,2026-06-22,final,2026-06-22 16:46:29,2026-06-22
US.US_PPI_INDEX_M.FRED,US,US,USA,美国,United States,US_PPI_INDEX_M,美国生产者价格指数,U.S. Producer Price Index,2022-11,M,index 1982=100,NSA,level,263.157,FRED,Federal Reserve Economic Data,PPIACO,U.S. Producer Price Index,https://fred.stlouisfed.org/series/PPIACO,2026-06-22,final,2026-06-22 16:46:29,2026-06-22
US.US_PPI_INDEX_M.FRED,US,US,USA,美国,United States,US_PPI_INDEX_M,美国生产者价格指数,U.S. Producer Price Index,2022-12,M,index 1982=100,NSA,level,257.897,FRED,Federal Reserve Economic Data,PPIACO,U.S. Producer Price Index,https://fred.stlouisfed.org/series/PPIACO,2026-06-22,final,2026-06-22 16:46:29,2026-06-22
US.US_PPI_INDEX_M.FRED,US,US,USA,美国,United States,US_PPI_INDEX_M,美国生产者价格指数,U.S. Producer Price Index,2023-01,M,index 1982=100,NSA,level,260.227,FRED,Federal Reserve Economic Data,PPIACO,U.S. Producer Price Index,https://fred.stlouisfed.org/series/PPIACO,2026-06-22,final,2026-06-22 16:46:29,2026-06-22
US.US_PPI_INDEX_M.FRED,US,US,USA,美国,United States,US_PPI_INDEX_M,美国生产者价格指数,U.S. Producer Price Index,2023-02,M,index 1982=100,NSA,level,258.669,FRED,Federal Reserve Economic Data,PPIACO,U.S. Producer Price Index,https://fred.stlouisfed.org/series/PPIACO,2026-06-22,final,2026-06-22 16:46:29,2026-06-22
US.US_PPI_INDEX_M.FRED,US,US,USA,美国,United States,US_PPI_INDEX_M,美国生产者价格指数,U.S. Producer Price Index,2023-03,M,index 1982=100,NSA,level,257.062,FRED,Federal Reserve Economic Data,PPIACO,U.S. Producer Price Index,https://fred.stlouisfed.org/series/PPIACO,2026-06-22,final,2026-06-22 16:46:29,2026-06-22
US.US_PPI_INDEX_M.FRED,US,US,USA,美国,United States,US_PPI_INDEX_M,美国生产者价格指数,U.S. Producer Price Index,2023-04,M,index 1982=100,NSA,level,256.908,FRED,Federal Reserve Economic Data,PPIACO,U.S. Producer Price Index,https://fred.stlouisfed.org/series/PPIACO,2026-06-22,final,2026-06-22 16:46:29,2026-06-22
US.US_PPI_INDEX_M.FRED,US,US,USA,美国,United States,US_PPI_INDEX_M,美国生产者价格指数,U.S. Producer Price Index,2023-05,M,index 1982=100,NSA,level,253.67,FRED,Federal Reserve Economic Data,PPIACO,U.S. Producer Price Index,https://fred.stlouisfed.org/series/PPIACO,2026-06-22,final,2026-06-22 16:46:29,2026-06-22
US.US_PPI_INDEX_M.FRED,US,US,USA,美国,United States,US_PPI_INDEX_M,美国生产者价格指数,U.S. Producer Price Index,2023-06,M,index 1982=100,NSA,level,253.86,FRED,Federal Reserve Economic Data,PPIACO,U.S. Producer Price Index,https://fred.stlouisfed.org/series/PPIACO,2026-06-22,final,2026-06-22 16:46:29,2026-06-22
US.US_PPI_INDEX_M.FRED,US,US,USA,美国,United States,US_PPI_INDEX_M,美国生产者价格指数,U.S. Producer Price Index,2023-07,M,index 1982=100,NSA,level,253.835,FRED,Federal Reserve Economic Data,PPIACO,U.S. Producer Price Index,https://fred.stlouisfed.org/series/PPIACO,2026-06-22,final,2026-06-22 16:46:29,2026-06-22
US.US_PPI_INDEX_M.FRED,US,US,USA,美国,United States,US_PPI_INDEX_M,美国生产者价格指数,U.S. Producer Price Index,2023-08,M,index 1982=100,NSA,level,257.68,FRED,Federal Reserve Economic Data,PPIACO,U.S. Producer Price Index,https://fred.stlouisfed.org/series/PPIACO,2026-06-22,final,2026-06-22 16:46:29,2026-06-22
US.US_PPI_INDEX_M.FRED,US,US,USA,美国,United States,US_PPI_INDEX_M,美国生产者价格指数,U.S. Producer Price Index,2023-09,M,index 1982=100,NSA,level,258.934,FRED,Federal Reserve Economic Data,PPIACO,U.S. Producer Price Index,https://fred.stlouisfed.org/series/PPIACO,2026-06-22,final,2026-06-22 16:46:29,2026-06-22
US.US_PPI_INDEX_M.FRED,US,US,USA,美国,United States,US_PPI_INDEX_M,美国生产者价格指数,U.S. Producer Price Index,2023-10,M,index 1982=100,NSA,level,255.192,FRED,Federal Reserve Economic Data,PPIACO,U.S. Producer Price Index,https://fred.stlouisfed.org/series/PPIACO,2026-06-22,final,2026-06-22 16:46:29,2026-06-22
US.US_PPI_INDEX_M.FRED,US,US,USA,美国,United States,US_PPI_INDEX_M,美国生产者价格指数,U.S. Producer Price Index,2023-11,M,index 1982=100,NSA,level,252.856,FRED,Federal Reserve Economic Data,PPIACO,U.S. Producer Price Index,https://fred.stlouisfed.org/series/PPIACO,2026-06-22,final,2026-06-22 16:46:29,2026-06-22
US.US_PPI_INDEX_M.FRED,US,US,USA,美国,United States,US_PPI_INDEX_M,美国生产者价格指数,U.S. Producer Price Index,2023-12,M,index 1982=100,NSA,level,249.866,FRED,Federal Reserve Economic Data,PPIACO,U.S. Producer Price Index,https://fred.stlouisfed.org/series/PPIACO,2026-06-22,final,2026-06-22 16:46:29,2026-06-22
US.US_PPI_INDEX_M.FRED,US,US,USA,美国,United States,US_PPI_INDEX_M,美国生产者价格指数,U.S. Producer Price Index,2024-01,M,index 1982=100,NSA,level,251.306,FRED,Federal Reserve Economic Data,PPIACO,U.S. Producer Price Index,https://fred.stlouisfed.org/series/PPIACO,2026-06-22,final,2026-06-22 16:46:29,2026-06-22
US.US_PPI_INDEX_M.FRED,US,US,USA,美国,United States,US_PPI_INDEX_M,美国生产者价格指数,U.S. Producer Price Index,2024-02,M,index 1982=100,NSA,level,254.926,FRED,Federal Reserve Economic Data,PPIACO,U.S. Producer Price Index,https://fred.stlouisfed.org/series/PPIACO,2026-06-22,final,2026-06-22 16:46:29,2026-06-22
US.US_PPI_INDEX_M.FRED,US,US,USA,美国,United States,US_PPI_INDEX_M,美国生产者价格指数,U.S. Producer Price Index,2024-03,M,index 1982=100,NSA,level,255.095,FRED,Federal Reserve Economic Data,PPIACO,U.S. Producer Price Index,https://fred.stlouisfed.org/series/PPIACO,2026-06-22,final,2026-06-22 16:46:29,2026-06-22
US.US_PPI_INDEX_M.FRED,US,US,USA,美国,United States,US_PPI_INDEX_M,美国生产者价格指数,U.S. Producer Price Index,2024-04,M,index 1982=100,NSA,level,256.978,FRED,Federal Reserve Economic Data,PPIACO,U.S. Producer Price Index,https://fred.stlouisfed.org/series/PPIACO,2026-06-22,final,2026-06-22 16:46:29,2026-06-22
US.US_PPI_INDEX_M.FRED,US,US,USA,美国,United States,US_PPI_INDEX_M,美国生产者价格指数,U.S. Producer Price Index,2024-05,M,index 1982=100,NSA,level,255.313,FRED,Federal Reserve Economic Data,PPIACO,U.S. Producer Price Index,https://fred.stlouisfed.org/series/PPIACO,2026-06-22,final,2026-06-22 16:46:29,2026-06-22
US.US_PPI_INDEX_M.FRED,US,US,USA,美国,United States,US_PPI_INDEX_M,美国生产者价格指数,U.S. Producer Price Index,2024-06,M,index 1982=100,NSA,level,255.914,FRED,Federal Reserve Economic Data,PPIACO,U.S. Producer Price Index,https://fred.stlouisfed.org/series/PPIACO,2026-06-22,final,2026-06-22 16:46:29,2026-06-22
US.US_PPI_INDEX_M.FRED,US,US,USA,美国,United States,US_PPI_INDEX_M,美国生产者价格指数,U.S. Producer Price Index,2024-07,M,index 1982=100,NSA,level,257.321,FRED,Federal Reserve Economic Data,PPIACO,U.S. Producer Price Index,https://fred.stlouisfed.org/series/PPIACO,2026-06-22,final,2026-06-22 16:46:29,2026-06-22
US.US_PPI_INDEX_M.FRED,US,US,USA,美国,United States,US_PPI_INDEX_M,美国生产者价格指数,U.S. Producer Price Index,2024-08,M,index 1982=100,NSA,level,255.463,FRED,Federal Reserve Economic Data,PPIACO,U.S. Producer Price Index,https://fred.stlouisfed.org/series/PPIACO,2026-06-22,final,2026-06-22 16:46:29,2026-06-22
US.US_PPI_INDEX_M.FRED,US,US,USA,美国,United States,US_PPI_INDEX_M,美国生产者价格指数,U.S. Producer Price Index,2024-09,M,index 1982=100,NSA,level,252.682,FRED,Federal Reserve Economic Data,PPIACO,U.S. Producer Price Index,https://fred.stlouisfed.org/series/PPIACO,2026-06-22,final,2026-06-22 16:46:29,2026-06-22
US.US_PPI_INDEX_M.FRED,US,US,USA,美国,United States,US_PPI_INDEX_M,美国生产者价格指数,U.S. Producer Price Index,2024-10,M,index 1982=100,NSA,level,253.081,FRED,Federal Reserve Economic Data,PPIACO,U.S. Producer Price Index,https://fred.stlouisfed.org/series/PPIACO,2026-06-22,final,2026-06-22 16:46:29,2026-06-22
US.US_PPI_INDEX_M.FRED,US,US,USA,美国,United States,US_PPI_INDEX_M,美国生产者价格指数,U.S. Producer Price Index,2024-11,M,index 1982=100,NSA,level,253.211,FRED,Federal Reserve Economic Data,PPIACO,U.S. Producer Price Index,https://fred.stlouisfed.org/series/PPIACO,2026-06-22,final,2026-06-22 16:46:29,2026-06-22
US.US_PPI_INDEX_M.FRED,US,US,USA,美国,United States,US_PPI_INDEX_M,美国生产者价格指数,U.S. Producer Price Index,2024-12,M,index 1982=100,NSA,level,253.423,FRED,Federal Reserve Economic Data,PPIACO,U.S. Producer Price Index,https://fred.stlouisfed.org/series/PPIACO,2026-06-22,final,2026-06-22 16:46:29,2026-06-22
US.US_PPI_INDEX_M.FRED,US,US,USA,美国,United States,US_PPI_INDEX_M,美国生产者价格指数,U.S. Producer Price Index,2025-01,M,index 1982=100,NSA,level,257.36,FRED,Federal Reserve Economic Data,PPIACO,U.S. Producer Price Index,https://fred.stlouisfed.org/series/PPIACO,2026-06-22,final,2026-06-22 16:46:29,2026-06-22
US.US_PPI_INDEX_M.FRED,US,US,USA,美国,United States,US_PPI_INDEX_M,美国生产者价格指数,U.S. Producer Price Index,2025-02,M,index 1982=100,NSA,level,259.498,FRED,Federal Reserve Economic Data,PPIACO,U.S. Producer Price Index,https://fred.stlouisfed.org/series/PPIACO,2026-06-22,final,2026-06-22 16:46:29,2026-06-22
US.US_PPI_INDEX_M.FRED,US,US,USA,美国,United States,US_PPI_INDEX_M,美国生产者价格指数,U.S. Producer Price Index,2025-03,M,index 1982=100,NSA,level,258.525,FRED,Federal Reserve Economic Data,PPIACO,U.S. Producer Price Index,https://fred.stlouisfed.org/series/PPIACO,2026-06-22,final,2026-06-22 16:46:29,2026-06-22
US.US_PPI_INDEX_M.FRED,US,US,USA,美国,United States,US_PPI_INDEX_M,美国生产者价格指数,U.S. Producer Price Index,2025-04,M,index 1982=100,NSA,level,258.392,FRED,Federal Reserve Economic Data,PPIACO,U.S. Producer Price Index,https://fred.stlouisfed.org/series/PPIACO,2026-06-22,final,2026-06-22 16:46:29,2026-06-22
US.US_PPI_INDEX_M.FRED,US,US,USA,美国,United States,US_PPI_INDEX_M,美国生产者价格指数,U.S. Producer Price Index,2025-05,M,index 1982=100,NSA,level,258.678,FRED,Federal Reserve Economic Data,PPIACO,U.S. Producer Price Index,https://fred.stlouisfed.org/series/PPIACO,2026-06-22,final,2026-06-22 16:46:29,2026-06-22
US.US_PPI_INDEX_M.FRED,US,US,USA,美国,United States,US_PPI_INDEX_M,美国生产者价格指数,U.S. Producer Price Index,2025-06,M,index 1982=100,NSA,level,260.491,FRED,Federal Reserve Economic Data,PPIACO,U.S. Producer Price Index,https://fred.stlouisfed.org/series/PPIACO,2026-06-22,final,2026-06-22 16:46:29,2026-06-22
US.US_PPI_INDEX_M.FRED,US,US,USA,美国,United States,US_PPI_INDEX_M,美国生产者价格指数,U.S. Producer Price Index,2025-07,M,index 1982=100,NSA,level,262.358,FRED,Federal Reserve Economic Data,PPIACO,U.S. Producer Price Index,https://fred.stlouisfed.org/series/PPIACO,2026-06-22,final,2026-06-22 16:46:29,2026-06-22
US.US_PPI_INDEX_M.FRED,US,US,USA,美国,United States,US_PPI_INDEX_M,美国生产者价格指数,U.S. Producer Price Index,2025-08,M,index 1982=100,NSA,level,262.11,FRED,Federal Reserve Economic Data,PPIACO,U.S. Producer Price Index,https://fred.stlouisfed.org/series/PPIACO,2026-06-22,final,2026-06-22 16:46:29,2026-06-22
US.US_PPI_INDEX_M.FRED,US,US,USA,美国,United States,US_PPI_INDEX_M,美国生产者价格指数,U.S. Producer Price Index,2025-09,M,index 1982=100,NSA,level,262.054,FRED,Federal Reserve Economic Data,PPIACO,U.S. Producer Price Index,https://fred.stlouisfed.org/series/PPIACO,2026-06-22,final,2026-06-22 16:46:29,2026-06-22
US.US_PPI_INDEX_M.FRED,US,US,USA,美国,United States,US_PPI_INDEX_M,美国生产者价格指数,U.S. Producer Price Index,2025-10,M,index 1982=100,NSA,level,260.591,FRED,Federal Reserve Economic Data,PPIACO,U.S. Producer Price Index,https://fred.stlouisfed.org/series/PPIACO,2026-06-22,final,2026-06-22 16:46:29,2026-06-22
US.US_PPI_INDEX_M.FRED,US,US,USA,美国,United States,US_PPI_INDEX_M,美国生产者价格指数,U.S. Producer Price Index,2025-11,M,index 1982=100,NSA,level,261.914,FRED,Federal Reserve Economic Data,PPIACO,U.S. Producer Price Index,https://fred.stlouisfed.org/series/PPIACO,2026-06-22,final,2026-06-22 16:46:29,2026-06-22
US.US_PPI_INDEX_M.FRED,US,US,USA,美国,United States,US_PPI_INDEX_M,美国生产者价格指数,U.S. Producer Price Index,2025-12,M,index 1982=100,NSA,level,261.333,FRED,Federal Reserve Economic Data,PPIACO,U.S. Producer Price Index,https://fred.stlouisfed.org/series/PPIACO,2026-06-22,final,2026-06-22 16:46:29,2026-06-22
US.US_PPI_INDEX_M.FRED,US,US,USA,美国,United States,US_PPI_INDEX_M,美国生产者价格指数,U.S. Producer Price Index,2026-01,M,index 1982=100,NSA,level,263.608,FRED,Federal Reserve Economic Data,PPIACO,U.S. Producer Price Index,https://fred.stlouisfed.org/series/PPIACO,2026-06-22,final,2026-06-22 16:46:29,2026-06-22
US.US_PPI_INDEX_M.FRED,US,US,USA,美国,United States,US_PPI_INDEX_M,美国生产者价格指数,U.S. Producer Price Index,2026-02,M,index 1982=100,NSA,level,269.553,FRED,Federal Reserve Economic Data,PPIACO,U.S. Producer Price Index,https://fred.stlouisfed.org/series/PPIACO,2026-06-22,final,2026-06-22 16:46:29,2026-06-22
US.US_PPI_INDEX_M.FRED,US,US,USA,美国,United States,US_PPI_INDEX_M,美国生产者价格指数,U.S. Producer Price Index,2026-03,M,index 1982=100,NSA,level,275.979,FRED,Federal Reserve Economic Data,PPIACO,U.S. Producer Price Index,https://fred.stlouisfed.org/series/PPIACO,2026-06-22,final,2026-06-22 16:46:29,2026-06-22
US.US_PPI_INDEX_M.FRED,US,US,USA,美国,United States,US_PPI_INDEX_M,美国生产者价格指数,U.S. Producer Price Index,2026-04,M,index 1982=100,NSA,level,282.7,FRED,Federal Reserve Economic Data,PPIACO,U.S. Producer Price Index,https://fred.stlouisfed.org/series/PPIACO,2026-06-22,final,2026-06-22 16:46:29,2026-06-22
US.US_PPI_INDEX_M.FRED,US,US,USA,美国,United States,US_PPI_INDEX_M,美国生产者价格指数,U.S. Producer Price Index,2026-05,M,index 1982=100,NSA,level,292.504,FRED,Federal Reserve Economic Data,PPIACO,U.S. Producer Price Index,https://fred.stlouisfed.org/series/PPIACO,2026-06-22,final,2026-06-22 16:46:29,2026-06-22
US.US_CORE_CPI_INDEX_M.FRED,US,US,USA,美国,United States,US_CORE_CPI_INDEX_M,美国核心CPI指数,U.S. Core CPI Index,2015-01,M,index 1982-1984=100,SA,level,239.811,FRED,Federal Reserve Economic Data,CPILFESL,U.S. Core CPI Index,https://fred.stlouisfed.org/series/CPILFESL,2026-06-22,final,2026-06-22 16:46:29,2026-06-22
US.US_CORE_CPI_INDEX_M.FRED,US,US,USA,美国,United States,US_CORE_CPI_INDEX_M,美国核心CPI指数,U.S. Core CPI Index,2015-02,M,index 1982-1984=100,SA,level,240.172,FRED,Federal Reserve Economic Data,CPILFESL,U.S. Core CPI Index,https://fred.stlouisfed.org/series/CPILFESL,2026-06-22,final,2026-06-22 16:46:29,2026-06-22
US.US_CORE_CPI_INDEX_M.FRED,US,US,USA,美国,United States,US_CORE_CPI_INDEX_M,美国核心CPI指数,U.S. Core CPI Index,2015-03,M,index 1982-1984=100,SA,level,240.755,FRED,Federal Reserve Economic Data,CPILFESL,U.S. Core CPI Index,https://fred.stlouisfed.org/series/CPILFESL,2026-06-22,final,2026-06-22 16:46:29,2026-06-22
US.US_CORE_CPI_INDEX_M.FRED,US,US,USA,美国,United States,US_CORE_CPI_INDEX_M,美国核心CPI指数,U.S. Core CPI Index,2015-04,M,index 1982-1984=100,SA,level,241.346,FRED,Federal Reserve Economic Data,CPILFESL,U.S. Core CPI Index,https://fred.stlouisfed.org/series/CPILFESL,2026-06-22,final,2026-06-22 16:46:29,2026-06-22
US.US_CORE_CPI_INDEX_M.FRED,US,US,USA,美国,United States,US_CORE_CPI_INDEX_M,美国核心CPI指数,U.S. Core CPI Index,2015-05,M,index 1982-1984=100,SA,level,241.688,FRED,Federal Reserve Economic Data,CPILFESL,U.S. Core CPI Index,https://fred.stlouisfed.org/series/CPILFESL,2026-06-22,final,2026-06-22 16:46:29,2026-06-22
US.US_CORE_CPI_INDEX_M.FRED,US,US,USA,美国,United States,US_CORE_CPI_INDEX_M,美国核心CPI指数,U.S. Core CPI Index,2015-06,M,index 1982-1984=100,SA,level,242.064,FRED,Federal Reserve Economic Data,CPILFESL,U.S. Core CPI Index,https://fred.stlouisfed.org/series/CPILFESL,2026-06-22,final,2026-06-22 16:46:29,2026-06-22
US.US_CORE_CPI_INDEX_M.FRED,US,US,USA,美国,United States,US_CORE_CPI_INDEX_M,美国核心CPI指数,U.S. Core CPI Index,2015-07,M,index 1982-1984=100,SA,level,242.565,FRED,Federal Reserve Economic Data,CPILFESL,U.S. Core CPI Index,https://fred.stlouisfed.org/series/CPILFESL,2026-06-22,final,2026-06-22 16:46:29,2026-06-22
US.US_CORE_CPI_INDEX_M.FRED,US,US,USA,美国,United States,US_CORE_CPI_INDEX_M,美国核心CPI指数,U.S. Core CPI Index,2015-08,M,index 1982-1984=100,SA,level,242.817,FRED,Federal Reserve Economic Data,CPILFESL,U.S. Core CPI Index,https://fred.stlouisfed.org/series/CPILFESL,2026-06-22,final,2026-06-22 16:46:29,2026-06-22
US.US_CORE_CPI_INDEX_M.FRED,US,US,USA,美国,United States,US_CORE_CPI_INDEX_M,美国核心CPI指数,U.S. Core CPI Index,2015-09,M,index 1982-1984=100,SA,level,243.316,FRED,Federal Reserve Economic Data,CPILFESL,U.S. Core CPI Index,https://fred.stlouisfed.org/series/CPILFESL,2026-06-22,final,2026-06-22 16:46:29,2026-06-22
US.US_CORE_CPI_INDEX_M.FRED,US,US,USA,美国,United States,US_CORE_CPI_INDEX_M,美国核心CPI指数,U.S. Core CPI Index,2015-10,M,index 1982-1984=100,SA,level,243.768,FRED,Federal Reserve Economic Data,CPILFESL,U.S. Core CPI Index,https://fred.stlouisfed.org/series/CPILFESL,2026-06-22,final,2026-06-22 16:46:29,2026-06-22
US.US_CORE_CPI_INDEX_M.FRED,US,US,USA,美国,United States,US_CORE_CPI_INDEX_M,美国核心CPI指数,U.S. Core CPI Index,2015-11,M,index 1982-1984=100,SA,level,244.241,FRED,Federal Reserve Economic Data,CPILFESL,U.S. Core CPI Index,https://fred.stlouisfed.org/series/CPILFESL,2026-06-22,final,2026-06-22 16:46:29,2026-06-22
US.US_CORE_CPI_INDEX_M.FRED,US,US,USA,美国,United States,US_CORE_CPI_INDEX_M,美国核心CPI指数,U.S. Core CPI Index,2015-12,M,index 1982-1984=100,SA,level,244.547,FRED,Federal Reserve Economic Data,CPILFESL,U.S. Core CPI Index,https://fred.stlouisfed.org/series/CPILFESL,2026-06-22,final,2026-06-22 16:46:29,2026-06-22
US.US_CORE_CPI_INDEX_M.FRED,US,US,USA,美国,United States,US_CORE_CPI_INDEX_M,美国核心CPI指数,U.S. Core CPI Index,2016-01,M,index 1982-1984=100,SA,level,244.955,FRED,Federal Reserve Economic Data,CPILFESL,U.S. Core CPI Index,https://fred.stlouisfed.org/series/CPILFESL,2026-06-22,final,2026-06-22 16:46:29,2026-06-22
US.US_CORE_CPI_INDEX_M.FRED,US,US,USA,美国,United States,US_CORE_CPI_INDEX_M,美国核心CPI指数,U.S. Core CPI Index,2016-02,M,index 1982-1984=100,SA,level,245.51,FRED,Federal Reserve Economic Data,CPILFESL,U.S. Core CPI Index,https://fred.stlouisfed.org/series/CPILFESL,2026-06-22,final,2026-06-22 16:46:29,2026-06-22
US.US_CORE_CPI_INDEX_M.FRED,US,US,USA,美国,United States,US_CORE_CPI_INDEX_M,美国核心CPI指数,U.S. Core CPI Index,2016-03,M,index 1982-1984=100,SA,level,245.913,FRED,Federal Reserve Economic Data,CPILFESL,U.S. Core CPI Index,https://fred.stlouisfed.org/series/CPILFESL,2026-06-22,final,2026-06-22 16:46:29,2026-06-22
US.US_CORE_CPI_INDEX_M.FRED,US,US,USA,美国,United States,US_CORE_CPI_INDEX_M,美国核心CPI指数,U.S. Core CPI Index,2016-04,M,index 1982-1984=100,SA,level,246.551,FRED,Federal Reserve Economic Data,CPILFESL,U.S. Core CPI Index,https://fred.stlouisfed.org/series/CPILFESL,2026-06-22,final,2026-06-22 16:46:29,2026-06-22
US.US_CORE_CPI_INDEX_M.FRED,US,US,USA,美国,United States,US_CORE_CPI_INDEX_M,美国核心CPI指数,U.S. Core CPI Index,2016-05,M,index 1982-1984=100,SA,level,247.137,FRED,Federal Reserve Economic Data,CPILFESL,U.S. Core CPI Index,https://fred.stlouisfed.org/series/CPILFESL,2026-06-22,final,2026-06-22 16:46:29,2026-06-22
US.US_CORE_CPI_INDEX_M.FRED,US,US,USA,美国,United States,US_CORE_CPI_INDEX_M,美国核心CPI指数,U.S. Core CPI Index,2016-06,M,index 1982-1984=100,SA,level,247.54,FRED,Federal Reserve Economic Data,CPILFESL,U.S. Core CPI Index,https://fred.stlouisfed.org/series/CPILFESL,2026-06-22,final,2026-06-22 16:46:29,2026-06-22
US.US_CORE_CPI_INDEX_M.FRED,US,US,USA,美国,United States,US_CORE_CPI_INDEX_M,美国核心CPI指数,U.S. Core CPI Index,2016-07,M,index 1982-1984=100,SA,level,247.829,FRED,Federal Reserve Economic Data,CPILFESL,U.S. Core CPI Index,https://fred.stlouisfed.org/series/CPILFESL,2026-06-22,final,2026-06-22 16:46:29,2026-06-22
US.US_CORE_CPI_INDEX_M.FRED,US,US,USA,美国,United States,US_CORE_CPI_INDEX_M,美国核心CPI指数,U.S. Core CPI Index,2016-08,M,index 1982-1984=100,SA,level,248.423,FRED,Federal Reserve Economic Data,CPILFESL,U.S. Core CPI Index,https://fred.stlouisfed.org/series/CPILFESL,2026-06-22,final,2026-06-22 16:46:29,2026-06-22
US.US_CORE_CPI_INDEX_M.FRED,US,US,USA,美国,United States,US_CORE_CPI_INDEX_M,美国核心CPI指数,U.S. Core CPI Index,2016-09,M,index 1982-1984=100,SA,level,248.842,FRED,Federal Reserve Economic Data,CPILFESL,U.S. Core CPI Index,https://fred.stlouisfed.org/series/CPILFESL,2026-06-22,final,2026-06-22 16:46:29,2026-06-22
US.US_CORE_CPI_INDEX_M.FRED,US,US,USA,美国,United States,US_CORE_CPI_INDEX_M,美国核心CPI指数,U.S. Core CPI Index,2016-10,M,index 1982-1984=100,SA,level,249.142,FRED,Federal Reserve Economic Data,CPILFESL,U.S. Core CPI Index,https://fred.stlouisfed.org/series/CPILFESL,2026-06-22,final,2026-06-22 16:46:29,2026-06-22
US.US_CORE_CPI_INDEX_M.FRED,US,US,USA,美国,United States,US_CORE_CPI_INDEX_M,美国核心CPI指数,U.S. Core CPI Index,2016-11,M,index 1982-1984=100,SA,level,249.481,FRED,Federal Reserve Economic Data,CPILFESL,U.S. Core CPI Index,https://fred.stlouisfed.org/series/CPILFESL,2026-06-22,final,2026-06-22 16:46:29,2026-06-22
US.US_CORE_CPI_INDEX_M.FRED,US,US,USA,美国,United States,US_CORE_CPI_INDEX_M,美国核心CPI指数,U.S. Core CPI Index,2016-12,M,index 1982-1984=100,SA,level,249.92,FRED,Federal Reserve Economic Data,CPILFESL,U.S. Core CPI Index,https://fred.stlouisfed.org/series/CPILFESL,2026-06-22,final,2026-06-22 16:46:29,2026-06-22
US.US_CORE_CPI_INDEX_M.FRED,US,US,USA,美国,United States,US_CORE_CPI_INDEX_M,美国核心CPI指数,U.S. Core CPI Index,2017-01,M,index 1982-1984=100,SA,level,250.467,FRED,Federal Reserve Economic Data,CPILFESL,U.S. Core CPI Index,https://fred.stlouisfed.org/series/CPILFESL,2026-06-22,final,2026-06-22 16:46:29,2026-06-22
US.US_CORE_CPI_INDEX_M.FRED,US,US,USA,美国,United States,US_CORE_CPI_INDEX_M,美国核心CPI指数,U.S. Core CPI Index,2017-02,M,index 1982-1984=100,SA,level,250.998,FRED,Federal Reserve Economic Data,CPILFESL,U.S. Core CPI Index,https://fred.stlouisfed.org/series/CPILFESL,2026-06-22,final,2026-06-22 16:46:29,2026-06-22
US.US_CORE_CPI_INDEX_M.FRED,US,US,USA,美国,United States,US_CORE_CPI_INDEX_M,美国核心CPI指数,U.S. Core CPI Index,2017-03,M,index 1982-1984=100,SA,level,250.944,FRED,Federal Reserve Economic Data,CPILFESL,U.S. Core CPI Index,https://fred.stlouisfed.org/series/CPILFESL,2026-06-22,final,2026-06-22 16:46:29,2026-06-22
US.US_CORE_CPI_INDEX_M.FRED,US,US,USA,美国,United States,US_CORE_CPI_INDEX_M,美国核心CPI指数,U.S. Core CPI Index,2017-04,M,index 1982-1984=100,SA,level,251.227,FRED,Federal Reserve Economic Data,CPILFESL,U.S. Core CPI Index,https://fred.stlouisfed.org/series/CPILFESL,2026-06-22,final,2026-06-22 16:46:29,2026-06-22
US.US_CORE_CPI_INDEX_M.FRED,US,US,USA,美国,United States,US_CORE_CPI_INDEX_M,美国核心CPI指数,U.S. Core CPI Index,2017-05,M,index 1982-1984=100,SA,level,251.43,FRED,Federal Reserve Economic Data,CPILFESL,U.S. Core CPI Index,https://fred.stlouisfed.org/series/CPILFESL,2026-06-22,final,2026-06-22 16:46:29,2026-06-22
US.US_CORE_CPI_INDEX_M.FRED,US,US,USA,美国,United States,US_CORE_CPI_INDEX_M,美国核心CPI指数,U.S. Core CPI Index,2017-06,M,index 1982-1984=100,SA,level,251.746,FRED,Federal Reserve Economic Data,CPILFESL,U.S. Core CPI Index,https://fred.stlouisfed.org/series/CPILFESL,2026-06-22,final,2026-06-22 16:46:29,2026-06-22
US.US_CORE_CPI_INDEX_M.FRED,US,US,USA,美国,United States,US_CORE_CPI_INDEX_M,美国核心CPI指数,U.S. Core CPI Index,2017-07,M,index 1982-1984=100,SA,level,251.985,FRED,Federal Reserve Economic Data,CPILFESL,U.S. Core CPI Index,https://fred.stlouisfed.org/series/CPILFESL,2026-06-22,final,2026-06-22 16:46:29,2026-06-22
US.US_CORE_CPI_INDEX_M.FRED,US,US,USA,美国,United States,US_CORE_CPI_INDEX_M,美国核心CPI指数,U.S. Core CPI Index,2017-08,M,index 1982-1984=100,SA,level,252.535,FRED,Federal Reserve Economic Data,CPILFESL,U.S. Core CPI Index,https://fred.stlouisfed.org/series/CPILFESL,2026-06-22,final,2026-06-22 16:46:29,2026-06-22
US.US_CORE_CPI_INDEX_M.FRED,US,US,USA,美国,United States,US_CORE_CPI_INDEX_M,美国核心CPI指数,U.S. Core CPI Index,2017-09,M,index 1982-1984=100,SA,level,252.812,FRED,Federal Reserve Economic Data,CPILFESL,U.S. Core CPI Index,https://fred.stlouisfed.org/series/CPILFESL,2026-06-22,final,2026-06-22 16:46:29,2026-06-22
US.US_CORE_CPI_INDEX_M.FRED,US,US,USA,美国,United States,US_CORE_CPI_INDEX_M,美国核心CPI指数,U.S. Core CPI Index,2017-10,M,index 1982-1984=100,SA,level,253.526,FRED,Federal Reserve Economic Data,CPILFESL,U.S. Core CPI Index,https://fred.stlouisfed.org/series/CPILFESL,2026-06-22,final,2026-06-22 16:46:29,2026-06-22
US.US_CORE_CPI_INDEX_M.FRED,US,US,USA,美国,United States,US_CORE_CPI_INDEX_M,美国核心CPI指数,U.S. Core CPI Index,2017-11,M,index 1982-1984=100,SA,level,253.816,FRED,Federal Reserve Economic Data,CPILFESL,U.S. Core CPI Index,https://fred.stlouisfed.org/series/CPILFESL,2026-06-22,final,2026-06-22 16:46:29,2026-06-22
US.US_CORE_CPI_INDEX_M.FRED,US,US,USA,美国,United States,US_CORE_CPI_INDEX_M,美国核心CPI指数,U.S. Core CPI Index,2017-12,M,index 1982-1984=100,SA,level,254.344,FRED,Federal Reserve Economic Data,CPILFESL,U.S. Core CPI Index,https://fred.stlouisfed.org/series/CPILFESL,2026-06-22,final,2026-06-22 16:46:29,2026-06-22
US.US_CORE_CPI_INDEX_M.FRED,US,US,USA,美国,United States,US_CORE_CPI_INDEX_M,美国核心CPI指数,U.S. Core CPI Index,2018-01,M,index 1982-1984=100,SA,level,255.204,FRED,Federal Reserve Economic Data,CPILFESL,U.S. Core CPI Index,https://fred.stlouisfed.org/series/CPILFESL,2026-06-22,final,2026-06-22 16:46:29,2026-06-22
US.US_CORE_CPI_INDEX_M.FRED,US,US,USA,美国,United States,US_CORE_CPI_INDEX_M,美国核心CPI指数,U.S. Core CPI Index,2018-02,M,index 1982-1984=100,SA,level,255.711,FRED,Federal Reserve Economic Data,CPILFESL,U.S. Core CPI Index,https://fred.stlouisfed.org/series/CPILFESL,2026-06-22,final,2026-06-22 16:46:29,2026-06-22
US.US_CORE_CPI_INDEX_M.FRED,US,US,USA,美国,United States,US_CORE_CPI_INDEX_M,美国核心CPI指数,U.S. Core CPI Index,2018-03,M,index 1982-1984=100,SA,level,256.271,FRED,Federal Reserve Economic Data,CPILFESL,U.S. Core CPI Index,https://fred.stlouisfed.org/series/CPILFESL,2026-06-22,final,2026-06-22 16:46:29,2026-06-22
US.US_CORE_CPI_INDEX_M.FRED,US,US,USA,美国,United States,US_CORE_CPI_INDEX_M,美国核心CPI指数,U.S. Core CPI Index,2018-04,M,index 1982-1984=100,SA,level,256.63,FRED,Federal Reserve Economic Data,CPILFESL,U.S. Core CPI Index,https://fred.stlouisfed.org/series/CPILFESL,2026-06-22,final,2026-06-22 16:46:29,2026-06-22
US.US_CORE_CPI_INDEX_M.FRED,US,US,USA,美国,United States,US_CORE_CPI_INDEX_M,美国核心CPI指数,U.S. Core CPI Index,2018-05,M,index 1982-1984=100,SA,level,257.145,FRED,Federal Reserve Economic Data,CPILFESL,U.S. Core CPI Index,https://fred.stlouisfed.org/series/CPILFESL,2026-06-22,final,2026-06-22 16:46:29,2026-06-22
US.US_CORE_CPI_INDEX_M.FRED,US,US,USA,美国,United States,US_CORE_CPI_INDEX_M,美国核心CPI指数,U.S. Core CPI Index,2018-06,M,index 1982-1984=100,SA,level,257.399,FRED,Federal Reserve Economic Data,CPILFESL,U.S. Core CPI Index,https://fred.stlouisfed.org/series/CPILFESL,2026-06-22,final,2026-06-22 16:46:29,2026-06-22
US.US_CORE_CPI_INDEX_M.FRED,US,US,USA,美国,United States,US_CORE_CPI_INDEX_M,美国核心CPI指数,U.S. Core CPI Index,2018-07,M,index 1982-1984=100,SA,level,257.699,FRED,Federal Reserve Economic Data,CPILFESL,U.S. Core CPI Index,https://fred.stlouisfed.org/series/CPILFESL,2026-06-22,final,2026-06-22 16:46:29,2026-06-22
US.US_CORE_CPI_INDEX_M.FRED,US,US,USA,美国,United States,US_CORE_CPI_INDEX_M,美国核心CPI指数,U.S. Core CPI Index,2018-08,M,index 1982-1984=100,SA,level,257.891,FRED,Federal Reserve Economic Data,CPILFESL,U.S. Core CPI Index,https://fred.stlouisfed.org/series/CPILFESL,2026-06-22,final,2026-06-22 16:46:29,2026-06-22
US.US_CORE_CPI_INDEX_M.FRED,US,US,USA,美国,United States,US_CORE_CPI_INDEX_M,美国核心CPI指数,U.S. Core CPI Index,2018-09,M,index 1982-1984=100,SA,level,258.368,FRED,Federal Reserve Economic Data,CPILFESL,U.S. Core CPI Index,https://fred.stlouisfed.org/series/CPILFESL,2026-06-22,final,2026-06-22 16:46:29,2026-06-22
US.US_CORE_CPI_INDEX_M.FRED,US,US,USA,美国,United States,US_CORE_CPI_INDEX_M,美国核心CPI指数,U.S. Core CPI Index,2018-10,M,index 1982-1984=100,SA,level,258.917,FRED,Federal Reserve Economic Data,CPILFESL,U.S. Core CPI Index,https://fred.stlouisfed.org/series/CPILFESL,2026-06-22,final,2026-06-22 16:46:29,2026-06-22
US.US_CORE_CPI_INDEX_M.FRED,US,US,USA,美国,United States,US_CORE_CPI_INDEX_M,美国核心CPI指数,U.S. Core CPI Index,2018-11,M,index 1982-1984=100,SA,level,259.439,FRED,Federal Reserve Economic Data,CPILFESL,U.S. Core CPI Index,https://fred.stlouisfed.org/series/CPILFESL,2026-06-22,final,2026-06-22 16:46:29,2026-06-22
US.US_CORE_CPI_INDEX_M.FRED,US,US,USA,美国,United States,US_CORE_CPI_INDEX_M,美国核心CPI指数,U.S. Core CPI Index,2018-12,M,index 1982-1984=100,SA,level,260.063,FRED,Federal Reserve Economic Data,CPILFESL,U.S. Core CPI Index,https://fred.stlouisfed.org/series/CPILFESL,2026-06-22,final,2026-06-22 16:46:29,2026-06-22
US.US_CORE_CPI_INDEX_M.FRED,US,US,USA,美国,United States,US_CORE_CPI_INDEX_M,美国核心CPI指数,U.S. Core CPI Index,2019-01,M,index 1982-1984=100,SA,level,260.766,FRED,Federal Reserve Economic Data,CPILFESL,U.S. Core CPI Index,https://fred.stlouisfed.org/series/CPILFESL,2026-06-22,final,2026-06-22 16:46:29,2026-06-22
US.US_CORE_CPI_INDEX_M.FRED,US,US,USA,美国,United States,US_CORE_CPI_INDEX_M,美国核心CPI指数,U.S. Core CPI Index,2019-02,M,index 1982-1984=100,SA,level,261.186,FRED,Federal Reserve Economic Data,CPILFESL,U.S. Core CPI Index,https://fred.stlouisfed.org/series/CPILFESL,2026-06-22,final,2026-06-22 16:46:29,2026-06-22
US.US_CORE_CPI_INDEX_M.FRED,US,US,USA,美国,United States,US_CORE_CPI_INDEX_M,美国核心CPI指数,U.S. Core CPI Index,2019-03,M,index 1982-1984=100,SA,level,261.567,FRED,Federal Reserve Economic Data,CPILFESL,U.S. Core CPI Index,https://fred.stlouisfed.org/series/CPILFESL,2026-06-22,final,2026-06-22 16:46:29,2026-06-22
US.US_CORE_CPI_INDEX_M.FRED,US,US,USA,美国,United States,US_CORE_CPI_INDEX_M,美国核心CPI指数,U.S. Core CPI Index,2019-04,M,index 1982-1984=100,SA,level,261.997,FRED,Federal Reserve Economic Data,CPILFESL,U.S. Core CPI Index,https://fred.stlouisfed.org/series/CPILFESL,2026-06-22,final,2026-06-22 16:46:29,2026-06-22
US.US_CORE_CPI_INDEX_M.FRED,US,US,USA,美国,United States,US_CORE_CPI_INDEX_M,美国核心CPI指数,U.S. Core CPI Index,2019-05,M,index 1982-1984=100,SA,level,262.217,FRED,Federal Reserve Economic Data,CPILFESL,U.S. Core CPI Index,https://fred.stlouisfed.org/series/CPILFESL,2026-06-22,final,2026-06-22 16:46:29,2026-06-22
US.US_CORE_CPI_INDEX_M.FRED,US,US,USA,美国,United States,US_CORE_CPI_INDEX_M,美国核心CPI指数,U.S. Core CPI Index,2019-06,M,index 1982-1984=100,SA,level,262.739,FRED,Federal Reserve Economic Data,CPILFESL,U.S. Core CPI Index,https://fred.stlouisfed.org/series/CPILFESL,2026-06-22,final,2026-06-22 16:46:29,2026-06-22
US.US_CORE_CPI_INDEX_M.FRED,US,US,USA,美国,United States,US_CORE_CPI_INDEX_M,美国核心CPI指数,U.S. Core CPI Index,2019-07,M,index 1982-1984=100,SA,level,263.28,FRED,Federal Reserve Economic Data,CPILFESL,U.S. Core CPI Index,https://fred.stlouisfed.org/series/CPILFESL,2026-06-22,final,2026-06-22 16:46:29,2026-06-22
US.US_CORE_CPI_INDEX_M.FRED,US,US,USA,美国,United States,US_CORE_CPI_INDEX_M,美国核心CPI指数,U.S. Core CPI Index,2019-08,M,index 1982-1984=100,SA,level,263.877,FRED,Federal Reserve Economic Data,CPILFESL,U.S. Core CPI Index,https://fred.stlouisfed.org/series/CPILFESL,2026-06-22,final,2026-06-22 16:46:29,2026-06-22
US.US_CORE_CPI_INDEX_M.FRED,US,US,USA,美国,United States,US_CORE_CPI_INDEX_M,美国核心CPI指数,U.S. Core CPI Index,2019-09,M,index 1982-1984=100,SA,level,264.388,FRED,Federal Reserve Economic Data,CPILFESL,U.S. Core CPI Index,https://fred.stlouisfed.org/series/CPILFESL,2026-06-22,final,2026-06-22 16:46:29,2026-06-22
US.US_CORE_CPI_INDEX_M.FRED,US,US,USA,美国,United States,US_CORE_CPI_INDEX_M,美国核心CPI指数,U.S. Core CPI Index,2019-10,M,index 1982-1984=100,SA,level,264.97,FRED,Federal Reserve Economic Data,CPILFESL,U.S. Core CPI Index,https://fred.stlouisfed.org/series/CPILFESL,2026-06-22,final,2026-06-22 16:46:29,2026-06-22
US.US_CORE_CPI_INDEX_M.FRED,US,US,USA,美国,United States,US_CORE_CPI_INDEX_M,美国核心CPI指数,U.S. Core CPI Index,2019-11,M,index 1982-1984=100,SA,level,265.548,FRED,Federal Reserve Economic Data,CPILFESL,U.S. Core CPI Index,https://fred.stlouisfed.org/series/CPILFESL,2026-06-22,final,2026-06-22 16:46:29,2026-06-22
US.US_CORE_CPI_INDEX_M.FRED,US,US,USA,美国,United States,US_CORE_CPI_INDEX_M,美国核心CPI指数,U.S. Core CPI Index,2019-12,M,index 1982-1984=100,SA,level,266.02,FRED,Federal Reserve Economic Data,CPILFESL,U.S. Core CPI Index,https://fred.stlouisfed.org/series/CPILFESL,2026-06-22,final,2026-06-22 16:46:29,2026-06-22
US.US_CORE_CPI_INDEX_M.FRED,US,US,USA,美国,United States,US_CORE_CPI_INDEX_M,美国核心CPI指数,U.S. Core CPI Index,2020-01,M,index 1982-1984=100,SA,level,266.716,FRED,Federal Reserve Economic Data,CPILFESL,U.S. Core CPI Index,https://fred.stlouisfed.org/series/CPILFESL,2026-06-22,final,2026-06-22 16:46:29,2026-06-22
US.US_CORE_CPI_INDEX_M.FRED,US,US,USA,美国,United States,US_CORE_CPI_INDEX_M,美国核心CPI指数,U.S. Core CPI Index,2020-02,M,index 1982-1984=100,SA,level,267.37,FRED,Federal Reserve Economic Data,CPILFESL,U.S. Core CPI Index,https://fred.stlouisfed.org/series/CPILFESL,2026-06-22,final,2026-06-22 16:46:29,2026-06-22
US.US_CORE_CPI_INDEX_M.FRED,US,US,USA,美国,United States,US_CORE_CPI_INDEX_M,美国核心CPI指数,U.S. Core CPI Index,2020-03,M,index 1982-1984=100,SA,level,267.054,FRED,Federal Reserve Economic Data,CPILFESL,U.S. Core CPI Index,https://fred.stlouisfed.org/series/CPILFESL,2026-06-22,final,2026-06-22 16:46:29,2026-06-22
US.US_CORE_CPI_INDEX_M.FRED,US,US,USA,美国,United States,US_CORE_CPI_INDEX_M,美国核心CPI指数,U.S. Core CPI Index,2020-04,M,index 1982-1984=100,SA,level,265.746,FRED,Federal Reserve Economic Data,CPILFESL,U.S. Core CPI Index,https://fred.stlouisfed.org/series/CPILFESL,2026-06-22,final,2026-06-22 16:46:29,2026-06-22
US.US_CORE_CPI_INDEX_M.FRED,US,US,USA,美国,United States,US_CORE_CPI_INDEX_M,美国核心CPI指数,U.S. Core CPI Index,2020-05,M,index 1982-1984=100,SA,level,265.412,FRED,Federal Reserve Economic Data,CPILFESL,U.S. Core CPI Index,https://fred.stlouisfed.org/series/CPILFESL,2026-06-22,final,2026-06-22 16:46:29,2026-06-22
US.US_CORE_CPI_INDEX_M.FRED,US,US,USA,美国,United States,US_CORE_CPI_INDEX_M,美国核心CPI指数,U.S. Core CPI Index,2020-06,M,index 1982-1984=100,SA,level,265.849,FRED,Federal Reserve Economic Data,CPILFESL,U.S. Core CPI Index,https://fred.stlouisfed.org/series/CPILFESL,2026-06-22,final,2026-06-22 16:46:29,2026-06-22
US.US_CORE_CPI_INDEX_M.FRED,US,US,USA,美国,United States,US_CORE_CPI_INDEX_M,美国核心CPI指数,U.S. Core CPI Index,2020-07,M,index 1982-1984=100,SA,level,267.389,FRED,Federal Reserve Economic Data,CPILFESL,U.S. Core CPI Index,https://fred.stlouisfed.org/series/CPILFESL,2026-06-22,final,2026-06-22 16:46:29,2026-06-22
US.US_CORE_CPI_INDEX_M.FRED,US,US,USA,美国,United States,US_CORE_CPI_INDEX_M,美国核心CPI指数,U.S. Core CPI Index,2020-08,M,index 1982-1984=100,SA,level,268.422,FRED,Federal Reserve Economic Data,CPILFESL,U.S. Core CPI Index,https://fred.stlouisfed.org/series/CPILFESL,2026-06-22,final,2026-06-22 16:46:29,2026-06-22
US.US_CORE_CPI_INDEX_M.FRED,US,US,USA,美国,United States,US_CORE_CPI_INDEX_M,美国核心CPI指数,U.S. Core CPI Index,2020-09,M,index 1982-1984=100,SA,level,268.933,FRED,Federal Reserve Economic Data,CPILFESL,U.S. Core CPI Index,https://fred.stlouisfed.org/series/CPILFESL,2026-06-22,final,2026-06-22 16:46:29,2026-06-22
US.US_CORE_CPI_INDEX_M.FRED,US,US,USA,美国,United States,US_CORE_CPI_INDEX_M,美国核心CPI指数,U.S. Core CPI Index,2020-10,M,index 1982-1984=100,SA,level,269.306,FRED,Federal Reserve Economic Data,CPILFESL,U.S. Core CPI Index,https://fred.stlouisfed.org/series/CPILFESL,2026-06-22,final,2026-06-22 16:46:29,2026-06-22
US.US_CORE_CPI_INDEX_M.FRED,US,US,USA,美国,United States,US_CORE_CPI_INDEX_M,美国核心CPI指数,U.S. Core CPI Index,2020-11,M,index 1982-1984=100,SA,level,269.981,FRED,Federal Reserve Economic Data,CPILFESL,U.S. Core CPI Index,https://fred.stlouisfed.org/series/CPILFESL,2026-06-22,final,2026-06-22 16:46:29,2026-06-22
US.US_CORE_CPI_INDEX_M.FRED,US,US,USA,美国,United States,US_CORE_CPI_INDEX_M,美国核心CPI指数,U.S. Core CPI Index,2020-12,M,index 1982-1984=100,SA,level,270.341,FRED,Federal Reserve Economic Data,CPILFESL,U.S. Core CPI Index,https://fred.stlouisfed.org/series/CPILFESL,2026-06-22,final,2026-06-22 16:46:29,2026-06-22
US.US_CORE_CPI_INDEX_M.FRED,US,US,USA,美国,United States,US_CORE_CPI_INDEX_M,美国核心CPI指数,U.S. Core CPI Index,2021-01,M,index 1982-1984=100,SA,level,270.387,FRED,Federal Reserve Economic Data,CPILFESL,U.S. Core CPI Index,https://fred.stlouisfed.org/series/CPILFESL,2026-06-22,final,2026-06-22 16:46:29,2026-06-22
US.US_CORE_CPI_INDEX_M.FRED,US,US,USA,美国,United States,US_CORE_CPI_INDEX_M,美国核心CPI指数,U.S. Core CPI Index,2021-02,M,index 1982-1984=100,SA,level,270.793,FRED,Federal Reserve Economic Data,CPILFESL,U.S. Core CPI Index,https://fred.stlouisfed.org/series/CPILFESL,2026-06-22,final,2026-06-22 16:46:29,2026-06-22
US.US_CORE_CPI_INDEX_M.FRED,US,US,USA,美国,United States,US_CORE_CPI_INDEX_M,美国核心CPI指数,U.S. Core CPI Index,2021-03,M,index 1982-1984=100,SA,level,271.459,FRED,Federal Reserve Economic Data,CPILFESL,U.S. Core CPI Index,https://fred.stlouisfed.org/series/CPILFESL,2026-06-22,final,2026-06-22 16:46:29,2026-06-22
US.US_CORE_CPI_INDEX_M.FRED,US,US,USA,美国,United States,US_CORE_CPI_INDEX_M,美国核心CPI指数,U.S. Core CPI Index,2021-04,M,index 1982-1984=100,SA,level,273.66,FRED,Federal Reserve Economic Data,CPILFESL,U.S. Core CPI Index,https://fred.stlouisfed.org/series/CPILFESL,2026-06-22,final,2026-06-22 16:46:29,2026-06-22
US.US_CORE_CPI_INDEX_M.FRED,US,US,USA,美国,United States,US_CORE_CPI_INDEX_M,美国核心CPI指数,U.S. Core CPI Index,2021-05,M,index 1982-1984=100,SA,level,275.465,FRED,Federal Reserve Economic Data,CPILFESL,U.S. Core CPI Index,https://fred.stlouisfed.org/series/CPILFESL,2026-06-22,final,2026-06-22 16:46:29,2026-06-22
US.US_CORE_CPI_INDEX_M.FRED,US,US,USA,美国,United States,US_CORE_CPI_INDEX_M,美国核心CPI指数,U.S. Core CPI Index,2021-06,M,index 1982-1984=100,SA,level,277.651,FRED,Federal Reserve Economic Data,CPILFESL,U.S. Core CPI Index,https://fred.stlouisfed.org/series/CPILFESL,2026-06-22,final,2026-06-22 16:46:29,2026-06-22
US.US_CORE_CPI_INDEX_M.FRED,US,US,USA,美国,United States,US_CORE_CPI_INDEX_M,美国核心CPI指数,U.S. Core CPI Index,2021-07,M,index 1982-1984=100,SA,level,278.648,FRED,Federal Reserve Economic Data,CPILFESL,U.S. Core CPI Index,https://fred.stlouisfed.org/series/CPILFESL,2026-06-22,final,2026-06-22 16:46:29,2026-06-22
US.US_CORE_CPI_INDEX_M.FRED,US,US,USA,美国,United States,US_CORE_CPI_INDEX_M,美国核心CPI指数,U.S. Core CPI Index,2021-08,M,index 1982-1984=100,SA,level,278.997,FRED,Federal Reserve Economic Data,CPILFESL,U.S. Core CPI Index,https://fred.stlouisfed.org/series/CPILFESL,2026-06-22,final,2026-06-22 16:46:29,2026-06-22
US.US_CORE_CPI_INDEX_M.FRED,US,US,USA,美国,United States,US_CORE_CPI_INDEX_M,美国核心CPI指数,U.S. Core CPI Index,2021-09,M,index 1982-1984=100,SA,level,279.698,FRED,Federal Reserve Economic Data,CPILFESL,U.S. Core CPI Index,https://fred.stlouisfed.org/series/CPILFESL,2026-06-22,final,2026-06-22 16:46:29,2026-06-22
US.US_CORE_CPI_INDEX_M.FRED,US,US,USA,美国,United States,US_CORE_CPI_INDEX_M,美国核心CPI指数,U.S. Core CPI Index,2021-10,M,index 1982-1984=100,SA,level,281.668,FRED,Federal Reserve Economic Data,CPILFESL,U.S. Core CPI Index,https://fred.stlouisfed.org/series/CPILFESL,2026-06-22,final,2026-06-22 16:46:29,2026-06-22
US.US_CORE_CPI_INDEX_M.FRED,US,US,USA,美国,United States,US_CORE_CPI_INDEX_M,美国核心CPI指数,U.S. Core CPI Index,2021-11,M,index 1982-1984=100,SA,level,283.406,FRED,Federal Reserve Economic Data,CPILFESL,U.S. Core CPI Index,https://fred.stlouisfed.org/series/CPILFESL,2026-06-22,final,2026-06-22 16:46:29,2026-06-22
US.US_CORE_CPI_INDEX_M.FRED,US,US,USA,美国,United States,US_CORE_CPI_INDEX_M,美国核心CPI指数,U.S. Core CPI Index,2021-12,M,index 1982-1984=100,SA,level,285.18,FRED,Federal Reserve Economic Data,CPILFESL,U.S. Core CPI Index,https://fred.stlouisfed.org/series/CPILFESL,2026-06-22,final,2026-06-22 16:46:29,2026-06-22
US.US_CORE_CPI_INDEX_M.FRED,US,US,USA,美国,United States,US_CORE_CPI_INDEX_M,美国核心CPI指数,U.S. Core CPI Index,2022-01,M,index 1982-1984=100,SA,level,286.757,FRED,Federal Reserve Economic Data,CPILFESL,U.S. Core CPI Index,https://fred.stlouisfed.org/series/CPILFESL,2026-06-22,final,2026-06-22 16:46:29,2026-06-22
US.US_CORE_CPI_INDEX_M.FRED,US,US,USA,美国,United States,US_CORE_CPI_INDEX_M,美国核心CPI指数,U.S. Core CPI Index,2022-02,M,index 1982-1984=100,SA,level,288.273,FRED,Federal Reserve Economic Data,CPILFESL,U.S. Core CPI Index,https://fred.stlouisfed.org/series/CPILFESL,2026-06-22,final,2026-06-22 16:46:29,2026-06-22
US.US_CORE_CPI_INDEX_M.FRED,US,US,USA,美国,United States,US_CORE_CPI_INDEX_M,美国核心CPI指数,U.S. Core CPI Index,2022-03,M,index 1982-1984=100,SA,level,289.056,FRED,Federal Reserve Economic Data,CPILFESL,U.S. Core CPI Index,https://fred.stlouisfed.org/series/CPILFESL,2026-06-22,final,2026-06-22 16:46:29,2026-06-22
US.US_CORE_CPI_INDEX_M.FRED,US,US,USA,美国,United States,US_CORE_CPI_INDEX_M,美国核心CPI指数,U.S. Core CPI Index,2022-04,M,index 1982-1984=100,SA,level,290.514,FRED,Federal Reserve Economic Data,CPILFESL,U.S. Core CPI Index,https://fred.stlouisfed.org/series/CPILFESL,2026-06-22,final,2026-06-22 16:46:29,2026-06-22
US.US_CORE_CPI_INDEX_M.FRED,US,US,USA,美国,United States,US_CORE_CPI_INDEX_M,美国核心CPI指数,U.S. Core CPI Index,2022-05,M,index 1982-1984=100,SA,level,292.063,FRED,Federal Reserve Economic Data,CPILFESL,U.S. Core CPI Index,https://fred.stlouisfed.org/series/CPILFESL,2026-06-22,final,2026-06-22 16:46:29,2026-06-22
US.US_CORE_CPI_INDEX_M.FRED,US,US,USA,美国,United States,US_CORE_CPI_INDEX_M,美国核心CPI指数,U.S. Core CPI Index,2022-06,M,index 1982-1984=100,SA,level,294.05,FRED,Federal Reserve Economic Data,CPILFESL,U.S. Core CPI Index,https://fred.stlouisfed.org/series/CPILFESL,2026-06-22,final,2026-06-22 16:46:29,2026-06-22
US.US_CORE_CPI_INDEX_M.FRED,US,US,USA,美国,United States,US_CORE_CPI_INDEX_M,美国核心CPI指数,U.S. Core CPI Index,2022-07,M,index 1982-1984=100,SA,level,295.088,FRED,Federal Reserve Economic Data,CPILFESL,U.S. Core CPI Index,https://fred.stlouisfed.org/series/CPILFESL,2026-06-22,final,2026-06-22 16:46:29,2026-06-22
US.US_CORE_CPI_INDEX_M.FRED,US,US,USA,美国,United States,US_CORE_CPI_INDEX_M,美国核心CPI指数,U.S. Core CPI Index,2022-08,M,index 1982-1984=100,SA,level,296.535,FRED,Federal Reserve Economic Data,CPILFESL,U.S. Core CPI Index,https://fred.stlouisfed.org/series/CPILFESL,2026-06-22,final,2026-06-22 16:46:29,2026-06-22
US.US_CORE_CPI_INDEX_M.FRED,US,US,USA,美国,United States,US_CORE_CPI_INDEX_M,美国核心CPI指数,U.S. Core CPI Index,2022-09,M,index 1982-1984=100,SA,level,298.226,FRED,Federal Reserve Economic Data,CPILFESL,U.S. Core CPI Index,https://fred.stlouisfed.org/series/CPILFESL,2026-06-22,final,2026-06-22 16:46:29,2026-06-22
US.US_CORE_CPI_INDEX_M.FRED,US,US,USA,美国,United States,US_CORE_CPI_INDEX_M,美国核心CPI指数,U.S. Core CPI Index,2022-10,M,index 1982-1984=100,SA,level,299.399,FRED,Federal Reserve Economic Data,CPILFESL,U.S. Core CPI Index,https://fred.stlouisfed.org/series/CPILFESL,2026-06-22,final,2026-06-22 16:46:29,2026-06-22
US.US_CORE_CPI_INDEX_M.FRED,US,US,USA,美国,United States,US_CORE_CPI_INDEX_M,美国核心CPI指数,U.S. Core CPI Index,2022-11,M,index 1982-1984=100,SA,level,300.325,FRED,Federal Reserve Economic Data,CPILFESL,U.S. Core CPI Index,https://fred.stlouisfed.org/series/CPILFESL,2026-06-22,final,2026-06-22 16:46:29,2026-06-22
US.US_CORE_CPI_INDEX_M.FRED,US,US,USA,美国,United States,US_CORE_CPI_INDEX_M,美国核心CPI指数,U.S. Core CPI Index,2022-12,M,index 1982-1984=100,SA,level,301.394,FRED,Federal Reserve Economic Data,CPILFESL,U.S. Core CPI Index,https://fred.stlouisfed.org/series/CPILFESL,2026-06-22,final,2026-06-22 16:46:29,2026-06-22
US.US_CORE_CPI_INDEX_M.FRED,US,US,USA,美国,United States,US_CORE_CPI_INDEX_M,美国核心CPI指数,U.S. Core CPI Index,2023-01,M,index 1982-1984=100,SA,level,302.642,FRED,Federal Reserve Economic Data,CPILFESL,U.S. Core CPI Index,https://fred.stlouisfed.org/series/CPILFESL,2026-06-22,final,2026-06-22 16:46:29,2026-06-22
US.US_CORE_CPI_INDEX_M.FRED,US,US,USA,美国,United States,US_CORE_CPI_INDEX_M,美国核心CPI指数,U.S. Core CPI Index,2023-02,M,index 1982-1984=100,SA,level,304.123,FRED,Federal Reserve Economic Data,CPILFESL,U.S. Core CPI Index,https://fred.stlouisfed.org/series/CPILFESL,2026-06-22,final,2026-06-22 16:46:29,2026-06-22
US.US_CORE_CPI_INDEX_M.FRED,US,US,USA,美国,United States,US_CORE_CPI_INDEX_M,美国核心CPI指数,U.S. Core CPI Index,2023-03,M,index 1982-1984=100,SA,level,305.147,FRED,Federal Reserve Economic Data,CPILFESL,U.S. Core CPI Index,https://fred.stlouisfed.org/series/CPILFESL,2026-06-22,final,2026-06-22 16:46:29,2026-06-22
US.US_CORE_CPI_INDEX_M.FRED,US,US,USA,美国,United States,US_CORE_CPI_INDEX_M,美国核心CPI指数,U.S. Core CPI Index,2023-04,M,index 1982-1984=100,SA,level,306.534,FRED,Federal Reserve Economic Data,CPILFESL,U.S. Core CPI Index,https://fred.stlouisfed.org/series/CPILFESL,2026-06-22,final,2026-06-22 16:46:29,2026-06-22
US.US_CORE_CPI_INDEX_M.FRED,US,US,USA,美国,United States,US_CORE_CPI_INDEX_M,美国核心CPI指数,U.S. Core CPI Index,2023-05,M,index 1982-1984=100,SA,level,307.652,FRED,Federal Reserve Economic Data,CPILFESL,U.S. Core CPI Index,https://fred.stlouisfed.org/series/CPILFESL,2026-06-22,final,2026-06-22 16:46:29,2026-06-22
US.US_CORE_CPI_INDEX_M.FRED,US,US,USA,美国,United States,US_CORE_CPI_INDEX_M,美国核心CPI指数,U.S. Core CPI Index,2023-06,M,index 1982-1984=100,SA,level,308.322,FRED,Federal Reserve Economic Data,CPILFESL,U.S. Core CPI Index,https://fred.stlouisfed.org/series/CPILFESL,2026-06-22,final,2026-06-22 16:46:29,2026-06-22
US.US_CORE_CPI_INDEX_M.FRED,US,US,USA,美国,United States,US_CORE_CPI_INDEX_M,美国核心CPI指数,U.S. Core CPI Index,2023-07,M,index 1982-1984=100,SA,level,308.96,FRED,Federal Reserve Economic Data,CPILFESL,U.S. Core CPI Index,https://fred.stlouisfed.org/series/CPILFESL,2026-06-22,final,2026-06-22 16:46:29,2026-06-22
US.US_CORE_CPI_INDEX_M.FRED,US,US,USA,美国,United States,US_CORE_CPI_INDEX_M,美国核心CPI指数,U.S. Core CPI Index,2023-08,M,index 1982-1984=100,SA,level,309.58,FRED,Federal Reserve Economic Data,CPILFESL,U.S. Core CPI Index,https://fred.stlouisfed.org/series/CPILFESL,2026-06-22,final,2026-06-22 16:46:29,2026-06-22
US.US_CORE_CPI_INDEX_M.FRED,US,US,USA,美国,United States,US_CORE_CPI_INDEX_M,美国核心CPI指数,U.S. Core CPI Index,2023-09,M,index 1982-1984=100,SA,level,310.539,FRED,Federal Reserve Economic Data,CPILFESL,U.S. Core CPI Index,https://fred.stlouisfed.org/series/CPILFESL,2026-06-22,final,2026-06-22 16:46:29,2026-06-22
US.US_CORE_CPI_INDEX_M.FRED,US,US,USA,美国,United States,US_CORE_CPI_INDEX_M,美国核心CPI指数,U.S. Core CPI Index,2023-10,M,index 1982-1984=100,SA,level,311.457,FRED,Federal Reserve Economic Data,CPILFESL,U.S. Core CPI Index,https://fred.stlouisfed.org/series/CPILFESL,2026-06-22,final,2026-06-22 16:46:29,2026-06-22
US.US_CORE_CPI_INDEX_M.FRED,US,US,USA,美国,United States,US_CORE_CPI_INDEX_M,美国核心CPI指数,U.S. Core CPI Index,2023-11,M,index 1982-1984=100,SA,level,312.392,FRED,Federal Reserve Economic Data,CPILFESL,U.S. Core CPI Index,https://fred.stlouisfed.org/series/CPILFESL,2026-06-22,final,2026-06-22 16:46:29,2026-06-22
US.US_CORE_CPI_INDEX_M.FRED,US,US,USA,美国,United States,US_CORE_CPI_INDEX_M,美国核心CPI指数,U.S. Core CPI Index,2023-12,M,index 1982-1984=100,SA,level,313.195,FRED,Federal Reserve Economic Data,CPILFESL,U.S. Core CPI Index,https://fred.stlouisfed.org/series/CPILFESL,2026-06-22,final,2026-06-22 16:46:29,2026-06-22
US.US_CORE_CPI_INDEX_M.FRED,US,US,USA,美国,United States,US_CORE_CPI_INDEX_M,美国核心CPI指数,U.S. Core CPI Index,2024-01,M,index 1982-1984=100,SA,level,314.319,FRED,Federal Reserve Economic Data,CPILFESL,U.S. Core CPI Index,https://fred.stlouisfed.org/series/CPILFESL,2026-06-22,final,2026-06-22 16:46:29,2026-06-22
US.US_CORE_CPI_INDEX_M.FRED,US,US,USA,美国,United States,US_CORE_CPI_INDEX_M,美国核心CPI指数,U.S. Core CPI Index,2024-02,M,index 1982-1984=100,SA,level,315.564,FRED,Federal Reserve Economic Data,CPILFESL,U.S. Core CPI Index,https://fred.stlouisfed.org/series/CPILFESL,2026-06-22,final,2026-06-22 16:46:29,2026-06-22
US.US_CORE_CPI_INDEX_M.FRED,US,US,USA,美国,United States,US_CORE_CPI_INDEX_M,美国核心CPI指数,U.S. Core CPI Index,2024-03,M,index 1982-1984=100,SA,level,316.792,FRED,Federal Reserve Economic Data,CPILFESL,U.S. Core CPI Index,https://fred.stlouisfed.org/series/CPILFESL,2026-06-22,final,2026-06-22 16:46:29,2026-06-22
US.US_CORE_CPI_INDEX_M.FRED,US,US,USA,美国,United States,US_CORE_CPI_INDEX_M,美国核心CPI指数,U.S. Core CPI Index,2024-04,M,index 1982-1984=100,SA,level,317.649,FRED,Federal Reserve Economic Data,CPILFESL,U.S. Core CPI Index,https://fred.stlouisfed.org/series/CPILFESL,2026-06-22,final,2026-06-22 16:46:29,2026-06-22
US.US_CORE_CPI_INDEX_M.FRED,US,US,USA,美国,United States,US_CORE_CPI_INDEX_M,美国核心CPI指数,U.S. Core CPI Index,2024-05,M,index 1982-1984=100,SA,level,318.095,FRED,Federal Reserve Economic Data,CPILFESL,U.S. Core CPI Index,https://fred.stlouisfed.org/series/CPILFESL,2026-06-22,final,2026-06-22 16:46:29,2026-06-22
US.US_CORE_CPI_INDEX_M.FRED,US,US,USA,美国,United States,US_CORE_CPI_INDEX_M,美国核心CPI指数,U.S. Core CPI Index,2024-06,M,index 1982-1984=100,SA,level,318.39,FRED,Federal Reserve Economic Data,CPILFESL,U.S. Core CPI Index,https://fred.stlouisfed.org/series/CPILFESL,2026-06-22,final,2026-06-22 16:46:29,2026-06-22
US.US_CORE_CPI_INDEX_M.FRED,US,US,USA,美国,United States,US_CORE_CPI_INDEX_M,美国核心CPI指数,U.S. Core CPI Index,2024-07,M,index 1982-1984=100,SA,level,318.94,FRED,Federal Reserve Economic Data,CPILFESL,U.S. Core CPI Index,https://fred.stlouisfed.org/series/CPILFESL,2026-06-22,final,2026-06-22 16:46:29,2026-06-22
US.US_CORE_CPI_INDEX_M.FRED,US,US,USA,美国,United States,US_CORE_CPI_INDEX_M,美国核心CPI指数,U.S. Core CPI Index,2024-08,M,index 1982-1984=100,SA,level,319.75,FRED,Federal Reserve Economic Data,CPILFESL,U.S. Core CPI Index,https://fred.stlouisfed.org/series/CPILFESL,2026-06-22,final,2026-06-22 16:46:29,2026-06-22
US.US_CORE_CPI_INDEX_M.FRED,US,US,USA,美国,United States,US_CORE_CPI_INDEX_M,美国核心CPI指数,U.S. Core CPI Index,2024-09,M,index 1982-1984=100,SA,level,320.732,FRED,Federal Reserve Economic Data,CPILFESL,U.S. Core CPI Index,https://fred.stlouisfed.org/series/CPILFESL,2026-06-22,final,2026-06-22 16:46:29,2026-06-22
US.US_CORE_CPI_INDEX_M.FRED,US,US,USA,美国,United States,US_CORE_CPI_INDEX_M,美国核心CPI指数,U.S. Core CPI Index,2024-10,M,index 1982-1984=100,SA,level,321.731,FRED,Federal Reserve Economic Data,CPILFESL,U.S. Core CPI Index,https://fred.stlouisfed.org/series/CPILFESL,2026-06-22,final,2026-06-22 16:46:29,2026-06-22
US.US_CORE_CPI_INDEX_M.FRED,US,US,USA,美国,United States,US_CORE_CPI_INDEX_M,美国核心CPI指数,U.S. Core CPI Index,2024-11,M,index 1982-1984=100,SA,level,322.657,FRED,Federal Reserve Economic Data,CPILFESL,U.S. Core CPI Index,https://fred.stlouisfed.org/series/CPILFESL,2026-06-22,final,2026-06-22 16:46:29,2026-06-22
US.US_CORE_CPI_INDEX_M.FRED,US,US,USA,美国,United States,US_CORE_CPI_INDEX_M,美国核心CPI指数,U.S. Core CPI Index,2024-12,M,index 1982-1984=100,SA,level,323.259,FRED,Federal Reserve Economic Data,CPILFESL,U.S. Core CPI Index,https://fred.stlouisfed.org/series/CPILFESL,2026-06-22,final,2026-06-22 16:46:29,2026-06-22
US.US_CORE_CPI_INDEX_M.FRED,US,US,USA,美国,United States,US_CORE_CPI_INDEX_M,美国核心CPI指数,U.S. Core CPI Index,2025-01,M,index 1982-1984=100,SA,level,324.638,FRED,Federal Reserve Economic Data,CPILFESL,U.S. Core CPI Index,https://fred.stlouisfed.org/series/CPILFESL,2026-06-22,final,2026-06-22 16:46:29,2026-06-22
US.US_CORE_CPI_INDEX_M.FRED,US,US,USA,美国,United States,US_CORE_CPI_INDEX_M,美国核心CPI指数,U.S. Core CPI Index,2025-02,M,index 1982-1984=100,SA,level,325.465,FRED,Federal Reserve Economic Data,CPILFESL,U.S. Core CPI Index,https://fred.stlouisfed.org/series/CPILFESL,2026-06-22,final,2026-06-22 16:46:29,2026-06-22
US.US_CORE_CPI_INDEX_M.FRED,US,US,USA,美国,United States,US_CORE_CPI_INDEX_M,美国核心CPI指数,U.S. Core CPI Index,2025-03,M,index 1982-1984=100,SA,level,325.69,FRED,Federal Reserve Economic Data,CPILFESL,U.S. Core CPI Index,https://fred.stlouisfed.org/series/CPILFESL,2026-06-22,final,2026-06-22 16:46:29,2026-06-22
US.US_CORE_CPI_INDEX_M.FRED,US,US,USA,美国,United States,US_CORE_CPI_INDEX_M,美国核心CPI指数,U.S. Core CPI Index,2025-04,M,index 1982-1984=100,SA,level,326.467,FRED,Federal Reserve Economic Data,CPILFESL,U.S. Core CPI Index,https://fred.stlouisfed.org/series/CPILFESL,2026-06-22,final,2026-06-22 16:46:29,2026-06-22
US.US_CORE_CPI_INDEX_M.FRED,US,US,USA,美国,United States,US_CORE_CPI_INDEX_M,美国核心CPI指数,U.S. Core CPI Index,2025-05,M,index 1982-1984=100,SA,level,326.893,FRED,Federal Reserve Economic Data,CPILFESL,U.S. Core CPI Index,https://fred.stlouisfed.org/series/CPILFESL,2026-06-22,final,2026-06-22 16:46:29,2026-06-22
US.US_CORE_CPI_INDEX_M.FRED,US,US,USA,美国,United States,US_CORE_CPI_INDEX_M,美国核心CPI指数,U.S. Core CPI Index,2025-06,M,index 1982-1984=100,SA,level,327.658,FRED,Federal Reserve Economic Data,CPILFESL,U.S. Core CPI Index,https://fred.stlouisfed.org/series/CPILFESL,2026-06-22,final,2026-06-22 16:46:29,2026-06-22
US.US_CORE_CPI_INDEX_M.FRED,US,US,USA,美国,United States,US_CORE_CPI_INDEX_M,美国核心CPI指数,U.S. Core CPI Index,2025-07,M,index 1982-1984=100,SA,level,328.682,FRED,Federal Reserve Economic Data,CPILFESL,U.S. Core CPI Index,https://fred.stlouisfed.org/series/CPILFESL,2026-06-22,final,2026-06-22 16:46:29,2026-06-22
US.US_CORE_CPI_INDEX_M.FRED,US,US,USA,美国,United States,US_CORE_CPI_INDEX_M,美国核心CPI指数,U.S. Core CPI Index,2025-08,M,index 1982-1984=100,SA,level,329.7,FRED,Federal Reserve Economic Data,CPILFESL,U.S. Core CPI Index,https://fred.stlouisfed.org/series/CPILFESL,2026-06-22,final,2026-06-22 16:46:29,2026-06-22
US.US_CORE_CPI_INDEX_M.FRED,US,US,USA,美国,United States,US_CORE_CPI_INDEX_M,美国核心CPI指数,U.S. Core CPI Index,2025-09,M,index 1982-1984=100,SA,level,330.418,FRED,Federal Reserve Economic Data,CPILFESL,U.S. Core CPI Index,https://fred.stlouisfed.org/series/CPILFESL,2026-06-22,final,2026-06-22 16:46:29,2026-06-22
US.US_CORE_CPI_INDEX_M.FRED,US,US,USA,美国,United States,US_CORE_CPI_INDEX_M,美国核心CPI指数,U.S. Core CPI Index,2025-10,M,index 1982-1984=100,SA,level,,FRED,Federal Reserve Economic Data,CPILFESL,U.S. Core CPI Index,https://fred.stlouisfed.org/series/CPILFESL,2026-06-22,final,2026-06-22 16:46:29,2026-06-22
US.US_CORE_CPI_INDEX_M.FRED,US,US,USA,美国,United States,US_CORE_CPI_INDEX_M,美国核心CPI指数,U.S. Core CPI Index,2025-11,M,index 1982-1984=100,SA,level,331.043,FRED,Federal Reserve Economic Data,CPILFESL,U.S. Core CPI Index,https://fred.stlouisfed.org/series/CPILFESL,2026-06-22,final,2026-06-22 16:46:29,2026-06-22
US.US_CORE_CPI_INDEX_M.FRED,US,US,USA,美国,United States,US_CORE_CPI_INDEX_M,美国核心CPI指数,U.S. Core CPI Index,2025-12,M,index 1982-1984=100,SA,level,331.814,FRED,Federal Reserve Economic Data,CPILFESL,U.S. Core CPI Index,https://fred.stlouisfed.org/series/CPILFESL,2026-06-22,final,2026-06-22 16:46:29,2026-06-22
US.US_CORE_CPI_INDEX_M.FRED,US,US,USA,美国,United States,US_CORE_CPI_INDEX_M,美国核心CPI指数,U.S. Core CPI Index,2026-01,M,index 1982-1984=100,SA,level,332.793,FRED,Federal Reserve Economic Data,CPILFESL,U.S. Core CPI Index,https://fred.stlouisfed.org/series/CPILFESL,2026-06-22,final,2026-06-22 16:46:29,2026-06-22
US.US_CORE_CPI_INDEX_M.FRED,US,US,USA,美国,United States,US_CORE_CPI_INDEX_M,美国核心CPI指数,U.S. Core CPI Index,2026-02,M,index 1982-1984=100,SA,level,333.512,FRED,Federal Reserve Economic Data,CPILFESL,U.S. Core CPI Index,https://fred.stlouisfed.org/series/CPILFESL,2026-06-22,final,2026-06-22 16:46:29,2026-06-22
US.US_CORE_CPI_INDEX_M.FRED,US,US,USA,美国,United States,US_CORE_CPI_INDEX_M,美国核心CPI指数,U.S. Core CPI Index,2026-03,M,index 1982-1984=100,SA,level,334.165,FRED,Federal Reserve Economic Data,CPILFESL,U.S. Core CPI Index,https://fred.stlouisfed.org/series/CPILFESL,2026-06-22,final,2026-06-22 16:46:29,2026-06-22
US.US_CORE_CPI_INDEX_M.FRED,US,US,USA,美国,United States,US_CORE_CPI_INDEX_M,美国核心CPI指数,U.S. Core CPI Index,2026-04,M,index 1982-1984=100,SA,level,335.423,FRED,Federal Reserve Economic Data,CPILFESL,U.S. Core CPI Index,https://fred.stlouisfed.org/series/CPILFESL,2026-06-22,final,2026-06-22 16:46:29,2026-06-22
US.US_CORE_CPI_INDEX_M.FRED,US,US,USA,美国,United States,US_CORE_CPI_INDEX_M,美国核心CPI指数,U.S. Core CPI Index,2026-05,M,index 1982-1984=100,SA,level,336.121,FRED,Federal Reserve Economic Data,CPILFESL,U.S. Core CPI Index,https://fred.stlouisfed.org/series/CPILFESL,2026-06-22,final,2026-06-22 16:46:29,2026-06-22
US.US_RETAIL_SALES_M.FRED,US,US,USA,美国,United States,US_RETAIL_SALES_M,美国零售销售额,U.S. Retail Sales,2015-01,M,millions of dollars,SA,level,428208.0,FRED,Federal Reserve Economic Data,RSAFS,U.S. Retail Sales,https://fred.stlouisfed.org/series/RSAFS,2026-06-22,final,2026-06-22 16:46:29,2026-06-22
US.US_RETAIL_SALES_M.FRED,US,US,USA,美国,United States,US_RETAIL_SALES_M,美国零售销售额,U.S. Retail Sales,2015-02,M,millions of dollars,SA,level,427119.0,FRED,Federal Reserve Economic Data,RSAFS,U.S. Retail Sales,https://fred.stlouisfed.org/series/RSAFS,2026-06-22,final,2026-06-22 16:46:29,2026-06-22
US.US_RETAIL_SALES_M.FRED,US,US,USA,美国,United States,US_RETAIL_SALES_M,美国零售销售额,U.S. Retail Sales,2015-03,M,millions of dollars,SA,level,433647.0,FRED,Federal Reserve Economic Data,RSAFS,U.S. Retail Sales,https://fred.stlouisfed.org/series/RSAFS,2026-06-22,final,2026-06-22 16:46:29,2026-06-22
US.US_RETAIL_SALES_M.FRED,US,US,USA,美国,United States,US_RETAIL_SALES_M,美国零售销售额,U.S. Retail Sales,2015-04,M,millions of dollars,SA,level,434470.0,FRED,Federal Reserve Economic Data,RSAFS,U.S. Retail Sales,https://fred.stlouisfed.org/series/RSAFS,2026-06-22,final,2026-06-22 16:46:29,2026-06-22
US.US_RETAIL_SALES_M.FRED,US,US,USA,美国,United States,US_RETAIL_SALES_M,美国零售销售额,U.S. Retail Sales,2015-05,M,millions of dollars,SA,level,437865.0,FRED,Federal Reserve Economic Data,RSAFS,U.S. Retail Sales,https://fred.stlouisfed.org/series/RSAFS,2026-06-22,final,2026-06-22 16:46:29,2026-06-22
US.US_RETAIL_SALES_M.FRED,US,US,USA,美国,United States,US_RETAIL_SALES_M,美国零售销售额,U.S. Retail Sales,2015-06,M,millions of dollars,SA,level,437951.0,FRED,Federal Reserve Economic Data,RSAFS,U.S. Retail Sales,https://fred.stlouisfed.org/series/RSAFS,2026-06-22,final,2026-06-22 16:46:29,2026-06-22
US.US_RETAIL_SALES_M.FRED,US,US,USA,美国,United States,US_RETAIL_SALES_M,美国零售销售额,U.S. Retail Sales,2015-07,M,millions of dollars,SA,level,441942.0,FRED,Federal Reserve Economic Data,RSAFS,U.S. Retail Sales,https://fred.stlouisfed.org/series/RSAFS,2026-06-22,final,2026-06-22 16:46:29,2026-06-22
US.US_RETAIL_SALES_M.FRED,US,US,USA,美国,United States,US_RETAIL_SALES_M,美国零售销售额,U.S. Retail Sales,2015-08,M,millions of dollars,SA,level,441849.0,FRED,Federal Reserve Economic Data,RSAFS,U.S. Retail Sales,https://fred.stlouisfed.org/series/RSAFS,2026-06-22,final,2026-06-22 16:46:29,2026-06-22
US.US_RETAIL_SALES_M.FRED,US,US,USA,美国,United States,US_RETAIL_SALES_M,美国零售销售额,U.S. Retail Sales,2015-09,M,millions of dollars,SA,level,439867.0,FRED,Federal Reserve Economic Data,RSAFS,U.S. Retail Sales,https://fred.stlouisfed.org/series/RSAFS,2026-06-22,final,2026-06-22 16:46:29,2026-06-22
US.US_RETAIL_SALES_M.FRED,US,US,USA,美国,United States,US_RETAIL_SALES_M,美国零售销售额,U.S. Retail Sales,2015-10,M,millions of dollars,SA,level,438693.0,FRED,Federal Reserve Economic Data,RSAFS,U.S. Retail Sales,https://fred.stlouisfed.org/series/RSAFS,2026-06-22,final,2026-06-22 16:46:29,2026-06-22
US.US_RETAIL_SALES_M.FRED,US,US,USA,美国,United States,US_RETAIL_SALES_M,美国零售销售额,U.S. Retail Sales,2015-11,M,millions of dollars,SA,level,440303.0,FRED,Federal Reserve Economic Data,RSAFS,U.S. Retail Sales,https://fred.stlouisfed.org/series/RSAFS,2026-06-22,final,2026-06-22 16:46:29,2026-06-22
US.US_RETAIL_SALES_M.FRED,US,US,USA,美国,United States,US_RETAIL_SALES_M,美国零售销售额,U.S. Retail Sales,2015-12,M,millions of dollars,SA,level,442149.0,FRED,Federal Reserve Economic Data,RSAFS,U.S. Retail Sales,https://fred.stlouisfed.org/series/RSAFS,2026-06-22,final,2026-06-22 16:46:29,2026-06-22
US.US_RETAIL_SALES_M.FRED,US,US,USA,美国,United States,US_RETAIL_SALES_M,美国零售销售额,U.S. Retail Sales,2016-01,M,millions of dollars,SA,level,439466.0,FRED,Federal Reserve Economic Data,RSAFS,U.S. Retail Sales,https://fred.stlouisfed.org/series/RSAFS,2026-06-22,final,2026-06-22 16:46:29,2026-06-22
US.US_RETAIL_SALES_M.FRED,US,US,USA,美国,United States,US_RETAIL_SALES_M,美国零售销售额,U.S. Retail Sales,2016-02,M,millions of dollars,SA,level,443117.0,FRED,Federal Reserve Economic Data,RSAFS,U.S. Retail Sales,https://fred.stlouisfed.org/series/RSAFS,2026-06-22,final,2026-06-22 16:46:29,2026-06-22
US.US_RETAIL_SALES_M.FRED,US,US,USA,美国,United States,US_RETAIL_SALES_M,美国零售销售额,U.S. Retail Sales,2016-03,M,millions of dollars,SA,level,441856.0,FRED,Federal Reserve Economic Data,RSAFS,U.S. Retail Sales,https://fred.stlouisfed.org/series/RSAFS,2026-06-22,final,2026-06-22 16:46:29,2026-06-22
US.US_RETAIL_SALES_M.FRED,US,US,USA,美国,United States,US_RETAIL_SALES_M,美国零售销售额,U.S. Retail Sales,2016-04,M,millions of dollars,SA,level,444254.0,FRED,Federal Reserve Economic Data,RSAFS,U.S. Retail Sales,https://fred.stlouisfed.org/series/RSAFS,2026-06-22,final,2026-06-22 16:46:29,2026-06-22
US.US_RETAIL_SALES_M.FRED,US,US,USA,美国,United States,US_RETAIL_SALES_M,美国零售销售额,U.S. Retail Sales,2016-05,M,millions of dollars,SA,level,445490.0,FRED,Federal Reserve Economic Data,RSAFS,U.S. Retail Sales,https://fred.stlouisfed.org/series/RSAFS,2026-06-22,final,2026-06-22 16:46:29,2026-06-22
US.US_RETAIL_SALES_M.FRED,US,US,USA,美国,United States,US_RETAIL_SALES_M,美国零售销售额,U.S. Retail Sales,2016-06,M,millions of dollars,SA,level,450237.0,FRED,Federal Reserve Economic Data,RSAFS,U.S. Retail Sales,https://fred.stlouisfed.org/series/RSAFS,2026-06-22,final,2026-06-22 16:46:29,2026-06-22
US.US_RETAIL_SALES_M.FRED,US,US,USA,美国,United States,US_RETAIL_SALES_M,美国零售销售额,U.S. Retail Sales,2016-07,M,millions of dollars,SA,level,449789.0,FRED,Federal Reserve Economic Data,RSAFS,U.S. Retail Sales,https://fred.stlouisfed.org/series/RSAFS,2026-06-22,final,2026-06-22 16:46:29,2026-06-22
US.US_RETAIL_SALES_M.FRED,US,US,USA,美国,United States,US_RETAIL_SALES_M,美国零售销售额,U.S. Retail Sales,2016-08,M,millions of dollars,SA,level,449946.0,FRED,Federal Reserve Economic Data,RSAFS,U.S. Retail Sales,https://fred.stlouisfed.org/series/RSAFS,2026-06-22,final,2026-06-22 16:46:29,2026-06-22
US.US_RETAIL_SALES_M.FRED,US,US,USA,美国,United States,US_RETAIL_SALES_M,美国零售销售额,U.S. Retail Sales,2016-09,M,millions of dollars,SA,level,453056.0,FRED,Federal Reserve Economic Data,RSAFS,U.S. Retail Sales,https://fred.stlouisfed.org/series/RSAFS,2026-06-22,final,2026-06-22 16:46:29,2026-06-22
US.US_RETAIL_SALES_M.FRED,US,US,USA,美国,United States,US_RETAIL_SALES_M,美国零售销售额,U.S. Retail Sales,2016-10,M,millions of dollars,SA,level,453847.0,FRED,Federal Reserve Economic Data,RSAFS,U.S. Retail Sales,https://fred.stlouisfed.org/series/RSAFS,2026-06-22,final,2026-06-22 16:46:29,2026-06-22
US.US_RETAIL_SALES_M.FRED,US,US,USA,美国,United States,US_RETAIL_SALES_M,美国零售销售额,U.S. Retail Sales,2016-11,M,millions of dollars,SA,level,453892.0,FRED,Federal Reserve Economic Data,RSAFS,U.S. Retail Sales,https://fred.stlouisfed.org/series/RSAFS,2026-06-22,final,2026-06-22 16:46:29,2026-06-22
US.US_RETAIL_SALES_M.FRED,US,US,USA,美国,United States,US_RETAIL_SALES_M,美国零售销售额,U.S. Retail Sales,2016-12,M,millions of dollars,SA,level,459305.0,FRED,Federal Reserve Economic Data,RSAFS,U.S. Retail Sales,https://fred.stlouisfed.org/series/RSAFS,2026-06-22,final,2026-06-22 16:46:29,2026-06-22
US.US_RETAIL_SALES_M.FRED,US,US,USA,美国,United States,US_RETAIL_SALES_M,美国零售销售额,U.S. Retail Sales,2017-01,M,millions of dollars,SA,level,464412.0,FRED,Federal Reserve Economic Data,RSAFS,U.S. Retail Sales,https://fred.stlouisfed.org/series/RSAFS,2026-06-22,final,2026-06-22 16:46:29,2026-06-22
US.US_RETAIL_SALES_M.FRED,US,US,USA,美国,United States,US_RETAIL_SALES_M,美国零售销售额,U.S. Retail Sales,2017-02,M,millions of dollars,SA,level,464284.0,FRED,Federal Reserve Economic Data,RSAFS,U.S. Retail Sales,https://fred.stlouisfed.org/series/RSAFS,2026-06-22,final,2026-06-22 16:46:29,2026-06-22
US.US_RETAIL_SALES_M.FRED,US,US,USA,美国,United States,US_RETAIL_SALES_M,美国零售销售额,U.S. Retail Sales,2017-03,M,millions of dollars,SA,level,463674.0,FRED,Federal Reserve Economic Data,RSAFS,U.S. Retail Sales,https://fred.stlouisfed.org/series/RSAFS,2026-06-22,final,2026-06-22 16:46:29,2026-06-22
US.US_RETAIL_SALES_M.FRED,US,US,USA,美国,United States,US_RETAIL_SALES_M,美国零售销售额,U.S. Retail Sales,2017-04,M,millions of dollars,SA,level,465276.0,FRED,Federal Reserve Economic Data,RSAFS,U.S. Retail Sales,https://fred.stlouisfed.org/series/RSAFS,2026-06-22,final,2026-06-22 16:46:29,2026-06-22
US.US_RETAIL_SALES_M.FRED,US,US,USA,美国,United States,US_RETAIL_SALES_M,美国零售销售额,U.S. Retail Sales,2017-05,M,millions of dollars,SA,level,462754.0,FRED,Federal Reserve Economic Data,RSAFS,U.S. Retail Sales,https://fred.stlouisfed.org/series/RSAFS,2026-06-22,final,2026-06-22 16:46:29,2026-06-22
US.US_RETAIL_SALES_M.FRED,US,US,USA,美国,United States,US_RETAIL_SALES_M,美国零售销售额,U.S. Retail Sales,2017-06,M,millions of dollars,SA,level,465130.0,FRED,Federal Reserve Economic Data,RSAFS,U.S. Retail Sales,https://fred.stlouisfed.org/series/RSAFS,2026-06-22,final,2026-06-22 16:46:29,2026-06-22
US.US_RETAIL_SALES_M.FRED,US,US,USA,美国,United States,US_RETAIL_SALES_M,美国零售销售额,U.S. Retail Sales,2017-07,M,millions of dollars,SA,level,465089.0,FRED,Federal Reserve Economic Data,RSAFS,U.S. Retail Sales,https://fred.stlouisfed.org/series/RSAFS,2026-06-22,final,2026-06-22 16:46:29,2026-06-22
US.US_RETAIL_SALES_M.FRED,US,US,USA,美国,United States,US_RETAIL_SALES_M,美国零售销售额,U.S. Retail Sales,2017-08,M,millions of dollars,SA,level,466020.0,FRED,Federal Reserve Economic Data,RSAFS,U.S. Retail Sales,https://fred.stlouisfed.org/series/RSAFS,2026-06-22,final,2026-06-22 16:46:29,2026-06-22
US.US_RETAIL_SALES_M.FRED,US,US,USA,美国,United States,US_RETAIL_SALES_M,美国零售销售额,U.S. Retail Sales,2017-09,M,millions of dollars,SA,level,475724.0,FRED,Federal Reserve Economic Data,RSAFS,U.S. Retail Sales,https://fred.stlouisfed.org/series/RSAFS,2026-06-22,final,2026-06-22 16:46:29,2026-06-22
US.US_RETAIL_SALES_M.FRED,US,US,USA,美国,United States,US_RETAIL_SALES_M,美国零售销售额,U.S. Retail Sales,2017-10,M,millions of dollars,SA,level,476107.0,FRED,Federal Reserve Economic Data,RSAFS,U.S. Retail Sales,https://fred.stlouisfed.org/series/RSAFS,2026-06-22,final,2026-06-22 16:46:29,2026-06-22
US.US_RETAIL_SALES_M.FRED,US,US,USA,美国,United States,US_RETAIL_SALES_M,美国零售销售额,U.S. Retail Sales,2017-11,M,millions of dollars,SA,level,480949.0,FRED,Federal Reserve Economic Data,RSAFS,U.S. Retail Sales,https://fred.stlouisfed.org/series/RSAFS,2026-06-22,final,2026-06-22 16:46:29,2026-06-22
US.US_RETAIL_SALES_M.FRED,US,US,USA,美国,United States,US_RETAIL_SALES_M,美国零售销售额,U.S. Retail Sales,2017-12,M,millions of dollars,SA,level,483586.0,FRED,Federal Reserve Economic Data,RSAFS,U.S. Retail Sales,https://fred.stlouisfed.org/series/RSAFS,2026-06-22,final,2026-06-22 16:46:29,2026-06-22
US.US_RETAIL_SALES_M.FRED,US,US,USA,美国,United States,US_RETAIL_SALES_M,美国零售销售额,U.S. Retail Sales,2018-01,M,millions of dollars,SA,level,481414.0,FRED,Federal Reserve Economic Data,RSAFS,U.S. Retail Sales,https://fred.stlouisfed.org/series/RSAFS,2026-06-22,final,2026-06-22 16:46:29,2026-06-22
US.US_RETAIL_SALES_M.FRED,US,US,USA,美国,United States,US_RETAIL_SALES_M,美国零售销售额,U.S. Retail Sales,2018-02,M,millions of dollars,SA,level,484031.0,FRED,Federal Reserve Economic Data,RSAFS,U.S. Retail Sales,https://fred.stlouisfed.org/series/RSAFS,2026-06-22,final,2026-06-22 16:46:29,2026-06-22
US.US_RETAIL_SALES_M.FRED,US,US,USA,美国,United States,US_RETAIL_SALES_M,美国零售销售额,U.S. Retail Sales,2018-03,M,millions of dollars,SA,level,484110.0,FRED,Federal Reserve Economic Data,RSAFS,U.S. Retail Sales,https://fred.stlouisfed.org/series/RSAFS,2026-06-22,final,2026-06-22 16:46:29,2026-06-22
US.US_RETAIL_SALES_M.FRED,US,US,USA,美国,United States,US_RETAIL_SALES_M,美国零售销售额,U.S. Retail Sales,2018-04,M,millions of dollars,SA,level,484154.0,FRED,Federal Reserve Economic Data,RSAFS,U.S. Retail Sales,https://fred.stlouisfed.org/series/RSAFS,2026-06-22,final,2026-06-22 16:46:29,2026-06-22
US.US_RETAIL_SALES_M.FRED,US,US,USA,美国,United States,US_RETAIL_SALES_M,美国零售销售额,U.S. Retail Sales,2018-05,M,millions of dollars,SA,level,491960.0,FRED,Federal Reserve Economic Data,RSAFS,U.S. Retail Sales,https://fred.stlouisfed.org/series/RSAFS,2026-06-22,final,2026-06-22 16:46:29,2026-06-22
US.US_RETAIL_SALES_M.FRED,US,US,USA,美国,United States,US_RETAIL_SALES_M,美国零售销售额,U.S. Retail Sales,2018-06,M,millions of dollars,SA,level,490228.0,FRED,Federal Reserve Economic Data,RSAFS,U.S. Retail Sales,https://fred.stlouisfed.org/series/RSAFS,2026-06-22,final,2026-06-22 16:46:29,2026-06-22
US.US_RETAIL_SALES_M.FRED,US,US,USA,美国,United States,US_RETAIL_SALES_M,美国零售销售额,U.S. Retail Sales,2018-07,M,millions of dollars,SA,level,493142.0,FRED,Federal Reserve Economic Data,RSAFS,U.S. Retail Sales,https://fred.stlouisfed.org/series/RSAFS,2026-06-22,final,2026-06-22 16:46:29,2026-06-22
US.US_RETAIL_SALES_M.FRED,US,US,USA,美国,United States,US_RETAIL_SALES_M,美国零售销售额,U.S. Retail Sales,2018-08,M,millions of dollars,SA,level,493445.0,FRED,Federal Reserve Economic Data,RSAFS,U.S. Retail Sales,https://fred.stlouisfed.org/series/RSAFS,2026-06-22,final,2026-06-22 16:46:29,2026-06-22
US.US_RETAIL_SALES_M.FRED,US,US,USA,美国,United States,US_RETAIL_SALES_M,美国零售销售额,U.S. Retail Sales,2018-09,M,millions of dollars,SA,level,491507.0,FRED,Federal Reserve Economic Data,RSAFS,U.S. Retail Sales,https://fred.stlouisfed.org/series/RSAFS,2026-06-22,final,2026-06-22 16:46:29,2026-06-22
US.US_RETAIL_SALES_M.FRED,US,US,USA,美国,United States,US_RETAIL_SALES_M,美国零售销售额,U.S. Retail Sales,2018-10,M,millions of dollars,SA,level,496416.0,FRED,Federal Reserve Economic Data,RSAFS,U.S. Retail Sales,https://fred.stlouisfed.org/series/RSAFS,2026-06-22,final,2026-06-22 16:46:29,2026-06-22
US.US_RETAIL_SALES_M.FRED,US,US,USA,美国,United States,US_RETAIL_SALES_M,美国零售销售额,U.S. Retail Sales,2018-11,M,millions of dollars,SA,level,498854.0,FRED,Federal Reserve Economic Data,RSAFS,U.S. Retail Sales,https://fred.stlouisfed.org/series/RSAFS,2026-06-22,final,2026-06-22 16:46:29,2026-06-22
US.US_RETAIL_SALES_M.FRED,US,US,USA,美国,United States,US_RETAIL_SALES_M,美国零售销售额,U.S. Retail Sales,2018-12,M,millions of dollars,SA,level,489113.0,FRED,Federal Reserve Economic Data,RSAFS,U.S. Retail Sales,https://fred.stlouisfed.org/series/RSAFS,2026-06-22,final,2026-06-22 16:46:29,2026-06-22
US.US_RETAIL_SALES_M.FRED,US,US,USA,美国,United States,US_RETAIL_SALES_M,美国零售销售额,U.S. Retail Sales,2019-01,M,millions of dollars,SA,level,490440.0,FRED,Federal Reserve Economic Data,RSAFS,U.S. Retail Sales,https://fred.stlouisfed.org/series/RSAFS,2026-06-22,final,2026-06-22 16:46:29,2026-06-22
US.US_RETAIL_SALES_M.FRED,US,US,USA,美国,United States,US_RETAIL_SALES_M,美国零售销售额,U.S. Retail Sales,2019-02,M,millions of dollars,SA,level,491751.0,FRED,Federal Reserve Economic Data,RSAFS,U.S. Retail Sales,https://fred.stlouisfed.org/series/RSAFS,2026-06-22,final,2026-06-22 16:46:29,2026-06-22
US.US_RETAIL_SALES_M.FRED,US,US,USA,美国,United States,US_RETAIL_SALES_M,美国零售销售额,U.S. Retail Sales,2019-03,M,millions of dollars,SA,level,499292.0,FRED,Federal Reserve Economic Data,RSAFS,U.S. Retail Sales,https://fred.stlouisfed.org/series/RSAFS,2026-06-22,final,2026-06-22 16:46:29,2026-06-22
US.US_RETAIL_SALES_M.FRED,US,US,USA,美国,United States,US_RETAIL_SALES_M,美国零售销售额,U.S. Retail Sales,2019-04,M,millions of dollars,SA,level,499343.0,FRED,Federal Reserve Economic Data,RSAFS,U.S. Retail Sales,https://fred.stlouisfed.org/series/RSAFS,2026-06-22,final,2026-06-22 16:46:29,2026-06-22
US.US_RETAIL_SALES_M.FRED,US,US,USA,美国,United States,US_RETAIL_SALES_M,美国零售销售额,U.S. Retail Sales,2019-05,M,millions of dollars,SA,level,504741.0,FRED,Federal Reserve Economic Data,RSAFS,U.S. Retail Sales,https://fred.stlouisfed.org/series/RSAFS,2026-06-22,final,2026-06-22 16:46:29,2026-06-22
US.US_RETAIL_SALES_M.FRED,US,US,USA,美国,United States,US_RETAIL_SALES_M,美国零售销售额,U.S. Retail Sales,2019-06,M,millions of dollars,SA,level,505251.0,FRED,Federal Reserve Economic Data,RSAFS,U.S. Retail Sales,https://fred.stlouisfed.org/series/RSAFS,2026-06-22,final,2026-06-22 16:46:29,2026-06-22
US.US_RETAIL_SALES_M.FRED,US,US,USA,美国,United States,US_RETAIL_SALES_M,美国零售销售额,U.S. Retail Sales,2019-07,M,millions of dollars,SA,level,509091.0,FRED,Federal Reserve Economic Data,RSAFS,U.S. Retail Sales,https://fred.stlouisfed.org/series/RSAFS,2026-06-22,final,2026-06-22 16:46:29,2026-06-22
US.US_RETAIL_SALES_M.FRED,US,US,USA,美国,United States,US_RETAIL_SALES_M,美国零售销售额,U.S. Retail Sales,2019-08,M,millions of dollars,SA,level,512561.0,FRED,Federal Reserve Economic Data,RSAFS,U.S. Retail Sales,https://fred.stlouisfed.org/series/RSAFS,2026-06-22,final,2026-06-22 16:46:29,2026-06-22
US.US_RETAIL_SALES_M.FRED,US,US,USA,美国,United States,US_RETAIL_SALES_M,美国零售销售额,U.S. Retail Sales,2019-09,M,millions of dollars,SA,level,509282.0,FRED,Federal Reserve Economic Data,RSAFS,U.S. Retail Sales,https://fred.stlouisfed.org/series/RSAFS,2026-06-22,final,2026-06-22 16:46:29,2026-06-22
US.US_RETAIL_SALES_M.FRED,US,US,USA,美国,United States,US_RETAIL_SALES_M,美国零售销售额,U.S. Retail Sales,2019-10,M,millions of dollars,SA,level,510648.0,FRED,Federal Reserve Economic Data,RSAFS,U.S. Retail Sales,https://fred.stlouisfed.org/series/RSAFS,2026-06-22,final,2026-06-22 16:46:29,2026-06-22
US.US_RETAIL_SALES_M.FRED,US,US,USA,美国,United States,US_RETAIL_SALES_M,美国零售销售额,U.S. Retail Sales,2019-11,M,millions of dollars,SA,level,514215.0,FRED,Federal Reserve Economic Data,RSAFS,U.S. Retail Sales,https://fred.stlouisfed.org/series/RSAFS,2026-06-22,final,2026-06-22 16:46:29,2026-06-22
US.US_RETAIL_SALES_M.FRED,US,US,USA,美国,United States,US_RETAIL_SALES_M,美国零售销售额,U.S. Retail Sales,2019-12,M,millions of dollars,SA,level,515866.0,FRED,Federal Reserve Economic Data,RSAFS,U.S. Retail Sales,https://fred.stlouisfed.org/series/RSAFS,2026-06-22,final,2026-06-22 16:46:29,2026-06-22
US.US_RETAIL_SALES_M.FRED,US,US,USA,美国,United States,US_RETAIL_SALES_M,美国零售销售额,U.S. Retail Sales,2020-01,M,millions of dollars,SA,level,515119.0,FRED,Federal Reserve Economic Data,RSAFS,U.S. Retail Sales,https://fred.stlouisfed.org/series/RSAFS,2026-06-22,final,2026-06-22 16:46:29,2026-06-22
US.US_RETAIL_SALES_M.FRED,US,US,USA,美国,United States,US_RETAIL_SALES_M,美国零售销售额,U.S. Retail Sales,2020-02,M,millions of dollars,SA,level,515330.0,FRED,Federal Reserve Economic Data,RSAFS,U.S. Retail Sales,https://fred.stlouisfed.org/series/RSAFS,2026-06-22,final,2026-06-22 16:46:29,2026-06-22
US.US_RETAIL_SALES_M.FRED,US,US,USA,美国,United States,US_RETAIL_SALES_M,美国零售销售额,U.S. Retail Sales,2020-03,M,millions of dollars,SA,level,468324.0,FRED,Federal Reserve Economic Data,RSAFS,U.S. Retail Sales,https://fred.stlouisfed.org/series/RSAFS,2026-06-22,final,2026-06-22 16:46:29,2026-06-22
US.US_RETAIL_SALES_M.FRED,US,US,USA,美国,United States,US_RETAIL_SALES_M,美国零售销售额,U.S. Retail Sales,2020-04,M,millions of dollars,SA,level,401028.0,FRED,Federal Reserve Economic Data,RSAFS,U.S. Retail Sales,https://fred.stlouisfed.org/series/RSAFS,2026-06-22,final,2026-06-22 16:46:29,2026-06-22
US.US_RETAIL_SALES_M.FRED,US,US,USA,美国,United States,US_RETAIL_SALES_M,美国零售销售额,U.S. Retail Sales,2020-05,M,millions of dollars,SA,level,478449.0,FRED,Federal Reserve Economic Data,RSAFS,U.S. Retail Sales,https://fred.stlouisfed.org/series/RSAFS,2026-06-22,final,2026-06-22 16:46:29,2026-06-22
US.US_RETAIL_SALES_M.FRED,US,US,USA,美国,United States,US_RETAIL_SALES_M,美国零售销售额,U.S. Retail Sales,2020-06,M,millions of dollars,SA,level,518038.0,FRED,Federal Reserve Economic Data,RSAFS,U.S. Retail Sales,https://fred.stlouisfed.org/series/RSAFS,2026-06-22,final,2026-06-22 16:46:29,2026-06-22
US.US_RETAIL_SALES_M.FRED,US,US,USA,美国,United States,US_RETAIL_SALES_M,美国零售销售额,U.S. Retail Sales,2020-07,M,millions of dollars,SA,level,526304.0,FRED,Federal Reserve Economic Data,RSAFS,U.S. Retail Sales,https://fred.stlouisfed.org/series/RSAFS,2026-06-22,final,2026-06-22 16:46:29,2026-06-22
US.US_RETAIL_SALES_M.FRED,US,US,USA,美国,United States,US_RETAIL_SALES_M,美国零售销售额,U.S. Retail Sales,2020-08,M,millions of dollars,SA,level,530735.0,FRED,Federal Reserve Economic Data,RSAFS,U.S. Retail Sales,https://fred.stlouisfed.org/series/RSAFS,2026-06-22,final,2026-06-22 16:46:29,2026-06-22
US.US_RETAIL_SALES_M.FRED,US,US,USA,美国,United States,US_RETAIL_SALES_M,美国零售销售额,U.S. Retail Sales,2020-09,M,millions of dollars,SA,level,541302.0,FRED,Federal Reserve Economic Data,RSAFS,U.S. Retail Sales,https://fred.stlouisfed.org/series/RSAFS,2026-06-22,final,2026-06-22 16:46:29,2026-06-22
US.US_RETAIL_SALES_M.FRED,US,US,USA,美国,United States,US_RETAIL_SALES_M,美国零售销售额,U.S. Retail Sales,2020-10,M,millions of dollars,SA,level,539114.0,FRED,Federal Reserve Economic Data,RSAFS,U.S. Retail Sales,https://fred.stlouisfed.org/series/RSAFS,2026-06-22,final,2026-06-22 16:46:29,2026-06-22
US.US_RETAIL_SALES_M.FRED,US,US,USA,美国,United States,US_RETAIL_SALES_M,美国零售销售额,U.S. Retail Sales,2020-11,M,millions of dollars,SA,level,533941.0,FRED,Federal Reserve Economic Data,RSAFS,U.S. Retail Sales,https://fred.stlouisfed.org/series/RSAFS,2026-06-22,final,2026-06-22 16:46:29,2026-06-22
US.US_RETAIL_SALES_M.FRED,US,US,USA,美国,United States,US_RETAIL_SALES_M,美国零售销售额,U.S. Retail Sales,2020-12,M,millions of dollars,SA,level,538548.0,FRED,Federal Reserve Economic Data,RSAFS,U.S. Retail Sales,https://fred.stlouisfed.org/series/RSAFS,2026-06-22,final,2026-06-22 16:46:29,2026-06-22
US.US_RETAIL_SALES_M.FRED,US,US,USA,美国,United States,US_RETAIL_SALES_M,美国零售销售额,U.S. Retail Sales,2021-01,M,millions of dollars,SA,level,559230.0,FRED,Federal Reserve Economic Data,RSAFS,U.S. Retail Sales,https://fred.stlouisfed.org/series/RSAFS,2026-06-22,final,2026-06-22 16:46:29,2026-06-22
US.US_RETAIL_SALES_M.FRED,US,US,USA,美国,United States,US_RETAIL_SALES_M,美国零售销售额,U.S. Retail Sales,2021-02,M,millions of dollars,SA,level,544891.0,FRED,Federal Reserve Economic Data,RSAFS,U.S. Retail Sales,https://fred.stlouisfed.org/series/RSAFS,2026-06-22,final,2026-06-22 16:46:29,2026-06-22
US.US_RETAIL_SALES_M.FRED,US,US,USA,美国,United States,US_RETAIL_SALES_M,美国零售销售额,U.S. Retail Sales,2021-03,M,millions of dollars,SA,level,603581.0,FRED,Federal Reserve Economic Data,RSAFS,U.S. Retail Sales,https://fred.stlouisfed.org/series/RSAFS,2026-06-22,final,2026-06-22 16:46:29,2026-06-22
US.US_RETAIL_SALES_M.FRED,US,US,USA,美国,United States,US_RETAIL_SALES_M,美国零售销售额,U.S. Retail Sales,2021-04,M,millions of dollars,SA,level,608961.0,FRED,Federal Reserve Economic Data,RSAFS,U.S. Retail Sales,https://fred.stlouisfed.org/series/RSAFS,2026-06-22,final,2026-06-22 16:46:29,2026-06-22
US.US_RETAIL_SALES_M.FRED,US,US,USA,美国,United States,US_RETAIL_SALES_M,美国零售销售额,U.S. Retail Sales,2021-05,M,millions of dollars,SA,level,605282.0,FRED,Federal Reserve Economic Data,RSAFS,U.S. Retail Sales,https://fred.stlouisfed.org/series/RSAFS,2026-06-22,final,2026-06-22 16:46:29,2026-06-22
US.US_RETAIL_SALES_M.FRED,US,US,USA,美国,United States,US_RETAIL_SALES_M,美国零售销售额,U.S. Retail Sales,2021-06,M,millions of dollars,SA,level,611950.0,FRED,Federal Reserve Economic Data,RSAFS,U.S. Retail Sales,https://fred.stlouisfed.org/series/RSAFS,2026-06-22,final,2026-06-22 16:46:29,2026-06-22
US.US_RETAIL_SALES_M.FRED,US,US,USA,美国,United States,US_RETAIL_SALES_M,美国零售销售额,U.S. Retail Sales,2021-07,M,millions of dollars,SA,level,601817.0,FRED,Federal Reserve Economic Data,RSAFS,U.S. Retail Sales,https://fred.stlouisfed.org/series/RSAFS,2026-06-22,final,2026-06-22 16:46:29,2026-06-22
US.US_RETAIL_SALES_M.FRED,US,US,USA,美国,United States,US_RETAIL_SALES_M,美国零售销售额,U.S. Retail Sales,2021-08,M,millions of dollars,SA,level,605533.0,FRED,Federal Reserve Economic Data,RSAFS,U.S. Retail Sales,https://fred.stlouisfed.org/series/RSAFS,2026-06-22,final,2026-06-22 16:46:29,2026-06-22
US.US_RETAIL_SALES_M.FRED,US,US,USA,美国,United States,US_RETAIL_SALES_M,美国零售销售额,U.S. Retail Sales,2021-09,M,millions of dollars,SA,level,609671.0,FRED,Federal Reserve Economic Data,RSAFS,U.S. Retail Sales,https://fred.stlouisfed.org/series/RSAFS,2026-06-22,final,2026-06-22 16:46:29,2026-06-22
US.US_RETAIL_SALES_M.FRED,US,US,USA,美国,United States,US_RETAIL_SALES_M,美国零售销售额,U.S. Retail Sales,2021-10,M,millions of dollars,SA,level,618573.0,FRED,Federal Reserve Economic Data,RSAFS,U.S. Retail Sales,https://fred.stlouisfed.org/series/RSAFS,2026-06-22,final,2026-06-22 16:46:29,2026-06-22
US.US_RETAIL_SALES_M.FRED,US,US,USA,美国,United States,US_RETAIL_SALES_M,美国零售销售额,U.S. Retail Sales,2021-11,M,millions of dollars,SA,level,624874.0,FRED,Federal Reserve Economic Data,RSAFS,U.S. Retail Sales,https://fred.stlouisfed.org/series/RSAFS,2026-06-22,final,2026-06-22 16:46:29,2026-06-22
US.US_RETAIL_SALES_M.FRED,US,US,USA,美国,United States,US_RETAIL_SALES_M,美国零售销售额,U.S. Retail Sales,2021-12,M,millions of dollars,SA,level,619938.0,FRED,Federal Reserve Economic Data,RSAFS,U.S. Retail Sales,https://fred.stlouisfed.org/series/RSAFS,2026-06-22,final,2026-06-22 16:46:29,2026-06-22
US.US_RETAIL_SALES_M.FRED,US,US,USA,美国,United States,US_RETAIL_SALES_M,美国零售销售额,U.S. Retail Sales,2022-01,M,millions of dollars,SA,level,631509.0,FRED,Federal Reserve Economic Data,RSAFS,U.S. Retail Sales,https://fred.stlouisfed.org/series/RSAFS,2026-06-22,final,2026-06-22 16:46:29,2026-06-22
US.US_RETAIL_SALES_M.FRED,US,US,USA,美国,United States,US_RETAIL_SALES_M,美国零售销售额,U.S. Retail Sales,2022-02,M,millions of dollars,SA,level,638101.0,FRED,Federal Reserve Economic Data,RSAFS,U.S. Retail Sales,https://fred.stlouisfed.org/series/RSAFS,2026-06-22,final,2026-06-22 16:46:29,2026-06-22
US.US_RETAIL_SALES_M.FRED,US,US,USA,美国,United States,US_RETAIL_SALES_M,美国零售销售额,U.S. Retail Sales,2022-03,M,millions of dollars,SA,level,651027.0,FRED,Federal Reserve Economic Data,RSAFS,U.S. Retail Sales,https://fred.stlouisfed.org/series/RSAFS,2026-06-22,final,2026-06-22 16:46:29,2026-06-22
US.US_RETAIL_SALES_M.FRED,US,US,USA,美国,United States,US_RETAIL_SALES_M,美国零售销售额,U.S. Retail Sales,2022-04,M,millions of dollars,SA,level,660194.0,FRED,Federal Reserve Economic Data,RSAFS,U.S. Retail Sales,https://fred.stlouisfed.org/series/RSAFS,2026-06-22,final,2026-06-22 16:46:29,2026-06-22
US.US_RETAIL_SALES_M.FRED,US,US,USA,美国,United States,US_RETAIL_SALES_M,美国零售销售额,U.S. Retail Sales,2022-05,M,millions of dollars,SA,level,659847.0,FRED,Federal Reserve Economic Data,RSAFS,U.S. Retail Sales,https://fred.stlouisfed.org/series/RSAFS,2026-06-22,final,2026-06-22 16:46:29,2026-06-22
US.US_RETAIL_SALES_M.FRED,US,US,USA,美国,United States,US_RETAIL_SALES_M,美国零售销售额,U.S. Retail Sales,2022-06,M,millions of dollars,SA,level,666113.0,FRED,Federal Reserve Economic Data,RSAFS,U.S. Retail Sales,https://fred.stlouisfed.org/series/RSAFS,2026-06-22,final,2026-06-22 16:46:29,2026-06-22
US.US_RETAIL_SALES_M.FRED,US,US,USA,美国,United States,US_RETAIL_SALES_M,美国零售销售额,U.S. Retail Sales,2022-07,M,millions of dollars,SA,level,659550.0,FRED,Federal Reserve Economic Data,RSAFS,U.S. Retail Sales,https://fred.stlouisfed.org/series/RSAFS,2026-06-22,final,2026-06-22 16:46:29,2026-06-22
US.US_RETAIL_SALES_M.FRED,US,US,USA,美国,United States,US_RETAIL_SALES_M,美国零售销售额,U.S. Retail Sales,2022-08,M,millions of dollars,SA,level,663566.0,FRED,Federal Reserve Economic Data,RSAFS,U.S. Retail Sales,https://fred.stlouisfed.org/series/RSAFS,2026-06-22,final,2026-06-22 16:46:29,2026-06-22
US.US_RETAIL_SALES_M.FRED,US,US,USA,美国,United States,US_RETAIL_SALES_M,美国零售销售额,U.S. Retail Sales,2022-09,M,millions of dollars,SA,level,661854.0,FRED,Federal Reserve Economic Data,RSAFS,U.S. Retail Sales,https://fred.stlouisfed.org/series/RSAFS,2026-06-22,final,2026-06-22 16:46:29,2026-06-22
US.US_RETAIL_SALES_M.FRED,US,US,USA,美国,United States,US_RETAIL_SALES_M,美国零售销售额,U.S. Retail Sales,2022-10,M,millions of dollars,SA,level,668671.0,FRED,Federal Reserve Economic Data,RSAFS,U.S. Retail Sales,https://fred.stlouisfed.org/series/RSAFS,2026-06-22,final,2026-06-22 16:46:29,2026-06-22
US.US_RETAIL_SALES_M.FRED,US,US,USA,美国,United States,US_RETAIL_SALES_M,美国零售销售额,U.S. Retail Sales,2022-11,M,millions of dollars,SA,level,659458.0,FRED,Federal Reserve Economic Data,RSAFS,U.S. Retail Sales,https://fred.stlouisfed.org/series/RSAFS,2026-06-22,final,2026-06-22 16:46:29,2026-06-22
US.US_RETAIL_SALES_M.FRED,US,US,USA,美国,United States,US_RETAIL_SALES_M,美国零售销售额,U.S. Retail Sales,2022-12,M,millions of dollars,SA,level,651763.0,FRED,Federal Reserve Economic Data,RSAFS,U.S. Retail Sales,https://fred.stlouisfed.org/series/RSAFS,2026-06-22,final,2026-06-22 16:46:29,2026-06-22
US.US_RETAIL_SALES_M.FRED,US,US,USA,美国,United States,US_RETAIL_SALES_M,美国零售销售额,U.S. Retail Sales,2023-01,M,millions of dollars,SA,level,680253.0,FRED,Federal Reserve Economic Data,RSAFS,U.S. Retail Sales,https://fred.stlouisfed.org/series/RSAFS,2026-06-22,final,2026-06-22 16:46:29,2026-06-22
US.US_RETAIL_SALES_M.FRED,US,US,USA,美国,United States,US_RETAIL_SALES_M,美国零售销售额,U.S. Retail Sales,2023-02,M,millions of dollars,SA,level,672152.0,FRED,Federal Reserve Economic Data,RSAFS,U.S. Retail Sales,https://fred.stlouisfed.org/series/RSAFS,2026-06-22,final,2026-06-22 16:46:29,2026-06-22
US.US_RETAIL_SALES_M.FRED,US,US,USA,美国,United States,US_RETAIL_SALES_M,美国零售销售额,U.S. Retail Sales,2023-03,M,millions of dollars,SA,level,665071.0,FRED,Federal Reserve Economic Data,RSAFS,U.S. Retail Sales,https://fred.stlouisfed.org/series/RSAFS,2026-06-22,final,2026-06-22 16:46:29,2026-06-22
US.US_RETAIL_SALES_M.FRED,US,US,USA,美国,United States,US_RETAIL_SALES_M,美国零售销售额,U.S. Retail Sales,2023-04,M,millions of dollars,SA,level,670494.0,FRED,Federal Reserve Economic Data,RSAFS,U.S. Retail Sales,https://fred.stlouisfed.org/series/RSAFS,2026-06-22,final,2026-06-22 16:46:29,2026-06-22
US.US_RETAIL_SALES_M.FRED,US,US,USA,美国,United States,US_RETAIL_SALES_M,美国零售销售额,U.S. Retail Sales,2023-05,M,millions of dollars,SA,level,673902.0,FRED,Federal Reserve Economic Data,RSAFS,U.S. Retail Sales,https://fred.stlouisfed.org/series/RSAFS,2026-06-22,final,2026-06-22 16:46:29,2026-06-22
US.US_RETAIL_SALES_M.FRED,US,US,USA,美国,United States,US_RETAIL_SALES_M,美国零售销售额,U.S. Retail Sales,2023-06,M,millions of dollars,SA,level,677117.0,FRED,Federal Reserve Economic Data,RSAFS,U.S. Retail Sales,https://fred.stlouisfed.org/series/RSAFS,2026-06-22,final,2026-06-22 16:46:29,2026-06-22
US.US_RETAIL_SALES_M.FRED,US,US,USA,美国,United States,US_RETAIL_SALES_M,美国零售销售额,U.S. Retail Sales,2023-07,M,millions of dollars,SA,level,678424.0,FRED,Federal Reserve Economic Data,RSAFS,U.S. Retail Sales,https://fred.stlouisfed.org/series/RSAFS,2026-06-22,final,2026-06-22 16:46:29,2026-06-22
US.US_RETAIL_SALES_M.FRED,US,US,USA,美国,United States,US_RETAIL_SALES_M,美国零售销售额,U.S. Retail Sales,2023-08,M,millions of dollars,SA,level,684755.0,FRED,Federal Reserve Economic Data,RSAFS,U.S. Retail Sales,https://fred.stlouisfed.org/series/RSAFS,2026-06-22,final,2026-06-22 16:46:29,2026-06-22
US.US_RETAIL_SALES_M.FRED,US,US,USA,美国,United States,US_RETAIL_SALES_M,美国零售销售额,U.S. Retail Sales,2023-09,M,millions of dollars,SA,level,689403.0,FRED,Federal Reserve Economic Data,RSAFS,U.S. Retail Sales,https://fred.stlouisfed.org/series/RSAFS,2026-06-22,final,2026-06-22 16:46:29,2026-06-22
US.US_RETAIL_SALES_M.FRED,US,US,USA,美国,United States,US_RETAIL_SALES_M,美国零售销售额,U.S. Retail Sales,2023-10,M,millions of dollars,SA,level,686148.0,FRED,Federal Reserve Economic Data,RSAFS,U.S. Retail Sales,https://fred.stlouisfed.org/series/RSAFS,2026-06-22,final,2026-06-22 16:46:29,2026-06-22
US.US_RETAIL_SALES_M.FRED,US,US,USA,美国,United States,US_RETAIL_SALES_M,美国零售销售额,U.S. Retail Sales,2023-11,M,millions of dollars,SA,level,685328.0,FRED,Federal Reserve Economic Data,RSAFS,U.S. Retail Sales,https://fred.stlouisfed.org/series/RSAFS,2026-06-22,final,2026-06-22 16:46:29,2026-06-22
US.US_RETAIL_SALES_M.FRED,US,US,USA,美国,United States,US_RETAIL_SALES_M,美国零售销售额,U.S. Retail Sales,2023-12,M,millions of dollars,SA,level,686277.0,FRED,Federal Reserve Economic Data,RSAFS,U.S. Retail Sales,https://fred.stlouisfed.org/series/RSAFS,2026-06-22,final,2026-06-22 16:46:29,2026-06-22
US.US_RETAIL_SALES_M.FRED,US,US,USA,美国,United States,US_RETAIL_SALES_M,美国零售销售额,U.S. Retail Sales,2024-01,M,millions of dollars,SA,level,680456.0,FRED,Federal Reserve Economic Data,RSAFS,U.S. Retail Sales,https://fred.stlouisfed.org/series/RSAFS,2026-06-22,final,2026-06-22 16:46:29,2026-06-22
US.US_RETAIL_SALES_M.FRED,US,US,USA,美国,United States,US_RETAIL_SALES_M,美国零售销售额,U.S. Retail Sales,2024-02,M,millions of dollars,SA,level,685280.0,FRED,Federal Reserve Economic Data,RSAFS,U.S. Retail Sales,https://fred.stlouisfed.org/series/RSAFS,2026-06-22,final,2026-06-22 16:46:29,2026-06-22
US.US_RETAIL_SALES_M.FRED,US,US,USA,美国,United States,US_RETAIL_SALES_M,美国零售销售额,U.S. Retail Sales,2024-03,M,millions of dollars,SA,level,687641.0,FRED,Federal Reserve Economic Data,RSAFS,U.S. Retail Sales,https://fred.stlouisfed.org/series/RSAFS,2026-06-22,final,2026-06-22 16:46:29,2026-06-22
US.US_RETAIL_SALES_M.FRED,US,US,USA,美国,United States,US_RETAIL_SALES_M,美国零售销售额,U.S. Retail Sales,2024-04,M,millions of dollars,SA,level,687602.0,FRED,Federal Reserve Economic Data,RSAFS,U.S. Retail Sales,https://fred.stlouisfed.org/series/RSAFS,2026-06-22,final,2026-06-22 16:46:29,2026-06-22
US.US_RETAIL_SALES_M.FRED,US,US,USA,美国,United States,US_RETAIL_SALES_M,美国零售销售额,U.S. Retail Sales,2024-05,M,millions of dollars,SA,level,692774.0,FRED,Federal Reserve Economic Data,RSAFS,U.S. Retail Sales,https://fred.stlouisfed.org/series/RSAFS,2026-06-22,final,2026-06-22 16:46:29,2026-06-22
US.US_RETAIL_SALES_M.FRED,US,US,USA,美国,United States,US_RETAIL_SALES_M,美国零售销售额,U.S. Retail Sales,2024-06,M,millions of dollars,SA,level,692449.0,FRED,Federal Reserve Economic Data,RSAFS,U.S. Retail Sales,https://fred.stlouisfed.org/series/RSAFS,2026-06-22,final,2026-06-22 16:46:29,2026-06-22
US.US_RETAIL_SALES_M.FRED,US,US,USA,美国,United States,US_RETAIL_SALES_M,美国零售销售额,U.S. Retail Sales,2024-07,M,millions of dollars,SA,level,698835.0,FRED,Federal Reserve Economic Data,RSAFS,U.S. Retail Sales,https://fred.stlouisfed.org/series/RSAFS,2026-06-22,final,2026-06-22 16:46:29,2026-06-22
US.US_RETAIL_SALES_M.FRED,US,US,USA,美国,United States,US_RETAIL_SALES_M,美国零售销售额,U.S. Retail Sales,2024-08,M,millions of dollars,SA,level,697039.0,FRED,Federal Reserve Economic Data,RSAFS,U.S. Retail Sales,https://fred.stlouisfed.org/series/RSAFS,2026-06-22,final,2026-06-22 16:46:29,2026-06-22
US.US_RETAIL_SALES_M.FRED,US,US,USA,美国,United States,US_RETAIL_SALES_M,美国零售销售额,U.S. Retail Sales,2024-09,M,millions of dollars,SA,level,703055.0,FRED,Federal Reserve Economic Data,RSAFS,U.S. Retail Sales,https://fred.stlouisfed.org/series/RSAFS,2026-06-22,final,2026-06-22 16:46:29,2026-06-22
US.US_RETAIL_SALES_M.FRED,US,US,USA,美国,United States,US_RETAIL_SALES_M,美国零售销售额,U.S. Retail Sales,2024-10,M,millions of dollars,SA,level,708290.0,FRED,Federal Reserve Economic Data,RSAFS,U.S. Retail Sales,https://fred.stlouisfed.org/series/RSAFS,2026-06-22,final,2026-06-22 16:46:29,2026-06-22
US.US_RETAIL_SALES_M.FRED,US,US,USA,美国,United States,US_RETAIL_SALES_M,美国零售销售额,U.S. Retail Sales,2024-11,M,millions of dollars,SA,level,711853.0,FRED,Federal Reserve Economic Data,RSAFS,U.S. Retail Sales,https://fred.stlouisfed.org/series/RSAFS,2026-06-22,final,2026-06-22 16:46:29,2026-06-22
US.US_RETAIL_SALES_M.FRED,US,US,USA,美国,United States,US_RETAIL_SALES_M,美国零售销售额,U.S. Retail Sales,2024-12,M,millions of dollars,SA,level,717265.0,FRED,Federal Reserve Economic Data,RSAFS,U.S. Retail Sales,https://fred.stlouisfed.org/series/RSAFS,2026-06-22,final,2026-06-22 16:46:29,2026-06-22
US.US_RETAIL_SALES_M.FRED,US,US,USA,美国,United States,US_RETAIL_SALES_M,美国零售销售额,U.S. Retail Sales,2025-01,M,millions of dollars,SA,level,711260.0,FRED,Federal Reserve Economic Data,RSAFS,U.S. Retail Sales,https://fred.stlouisfed.org/series/RSAFS,2026-06-22,final,2026-06-22 16:46:29,2026-06-22
US.US_RETAIL_SALES_M.FRED,US,US,USA,美国,United States,US_RETAIL_SALES_M,美国零售销售额,U.S. Retail Sales,2025-02,M,millions of dollars,SA,level,711575.0,FRED,Federal Reserve Economic Data,RSAFS,U.S. Retail Sales,https://fred.stlouisfed.org/series/RSAFS,2026-06-22,final,2026-06-22 16:46:29,2026-06-22
US.US_RETAIL_SALES_M.FRED,US,US,USA,美国,United States,US_RETAIL_SALES_M,美国零售销售额,U.S. Retail Sales,2025-03,M,millions of dollars,SA,level,723339.0,FRED,Federal Reserve Economic Data,RSAFS,U.S. Retail Sales,https://fred.stlouisfed.org/series/RSAFS,2026-06-22,final,2026-06-22 16:46:29,2026-06-22
US.US_RETAIL_SALES_M.FRED,US,US,USA,美国,United States,US_RETAIL_SALES_M,美国零售销售额,U.S. Retail Sales,2025-04,M,millions of dollars,SA,level,722442.0,FRED,Federal Reserve Economic Data,RSAFS,U.S. Retail Sales,https://fred.stlouisfed.org/series/RSAFS,2026-06-22,final,2026-06-22 16:46:29,2026-06-22
US.US_RETAIL_SALES_M.FRED,US,US,USA,美国,United States,US_RETAIL_SALES_M,美国零售销售额,U.S. Retail Sales,2025-05,M,millions of dollars,SA,level,714568.0,FRED,Federal Reserve Economic Data,RSAFS,U.S. Retail Sales,https://fred.stlouisfed.org/series/RSAFS,2026-06-22,final,2026-06-22 16:46:29,2026-06-22
US.US_RETAIL_SALES_M.FRED,US,US,USA,美国,United States,US_RETAIL_SALES_M,美国零售销售额,U.S. Retail Sales,2025-06,M,millions of dollars,SA,level,723033.0,FRED,Federal Reserve Economic Data,RSAFS,U.S. Retail Sales,https://fred.stlouisfed.org/series/RSAFS,2026-06-22,final,2026-06-22 16:46:29,2026-06-22
US.US_RETAIL_SALES_M.FRED,US,US,USA,美国,United States,US_RETAIL_SALES_M,美国零售销售额,U.S. Retail Sales,2025-07,M,millions of dollars,SA,level,727727.0,FRED,Federal Reserve Economic Data,RSAFS,U.S. Retail Sales,https://fred.stlouisfed.org/series/RSAFS,2026-06-22,final,2026-06-22 16:46:29,2026-06-22
US.US_RETAIL_SALES_M.FRED,US,US,USA,美国,United States,US_RETAIL_SALES_M,美国零售销售额,U.S. Retail Sales,2025-08,M,millions of dollars,SA,level,731700.0,FRED,Federal Reserve Economic Data,RSAFS,U.S. Retail Sales,https://fred.stlouisfed.org/series/RSAFS,2026-06-22,final,2026-06-22 16:46:29,2026-06-22
US.US_RETAIL_SALES_M.FRED,US,US,USA,美国,United States,US_RETAIL_SALES_M,美国零售销售额,U.S. Retail Sales,2025-09,M,millions of dollars,SA,level,732192.0,FRED,Federal Reserve Economic Data,RSAFS,U.S. Retail Sales,https://fred.stlouisfed.org/series/RSAFS,2026-06-22,final,2026-06-22 16:46:29,2026-06-22
US.US_RETAIL_SALES_M.FRED,US,US,USA,美国,United States,US_RETAIL_SALES_M,美国零售销售额,U.S. Retail Sales,2025-10,M,millions of dollars,SA,level,731051.0,FRED,Federal Reserve Economic Data,RSAFS,U.S. Retail Sales,https://fred.stlouisfed.org/series/RSAFS,2026-06-22,final,2026-06-22 16:46:29,2026-06-22
US.US_RETAIL_SALES_M.FRED,US,US,USA,美国,United States,US_RETAIL_SALES_M,美国零售销售额,U.S. Retail Sales,2025-11,M,millions of dollars,SA,level,734718.0,FRED,Federal Reserve Economic Data,RSAFS,U.S. Retail Sales,https://fred.stlouisfed.org/series/RSAFS,2026-06-22,final,2026-06-22 16:46:29,2026-06-22
US.US_RETAIL_SALES_M.FRED,US,US,USA,美国,United States,US_RETAIL_SALES_M,美国零售销售额,U.S. Retail Sales,2025-12,M,millions of dollars,SA,level,734717.0,FRED,Federal Reserve Economic Data,RSAFS,U.S. Retail Sales,https://fred.stlouisfed.org/series/RSAFS,2026-06-22,final,2026-06-22 16:46:29,2026-06-22
US.US_RETAIL_SALES_M.FRED,US,US,USA,美国,United States,US_RETAIL_SALES_M,美国零售销售额,U.S. Retail Sales,2026-01,M,millions of dollars,SA,level,734503.0,FRED,Federal Reserve Economic Data,RSAFS,U.S. Retail Sales,https://fred.stlouisfed.org/series/RSAFS,2026-06-22,final,2026-06-22 16:46:29,2026-06-22
US.US_RETAIL_SALES_M.FRED,US,US,USA,美国,United States,US_RETAIL_SALES_M,美国零售销售额,U.S. Retail Sales,2026-02,M,millions of dollars,SA,level,741278.0,FRED,Federal Reserve Economic Data,RSAFS,U.S. Retail Sales,https://fred.stlouisfed.org/series/RSAFS,2026-06-22,final,2026-06-22 16:46:29,2026-06-22
US.US_RETAIL_SALES_M.FRED,US,US,USA,美国,United States,US_RETAIL_SALES_M,美国零售销售额,U.S. Retail Sales,2026-03,M,millions of dollars,SA,level,754013.0,FRED,Federal Reserve Economic Data,RSAFS,U.S. Retail Sales,https://fred.stlouisfed.org/series/RSAFS,2026-06-22,final,2026-06-22 16:46:29,2026-06-22
US.US_RETAIL_SALES_M.FRED,US,US,USA,美国,United States,US_RETAIL_SALES_M,美国零售销售额,U.S. Retail Sales,2026-04,M,millions of dollars,SA,level,757036.0,FRED,Federal Reserve Economic Data,RSAFS,U.S. Retail Sales,https://fred.stlouisfed.org/series/RSAFS,2026-06-22,final,2026-06-22 16:46:29,2026-06-22
US.US_RETAIL_SALES_M.FRED,US,US,USA,美国,United States,US_RETAIL_SALES_M,美国零售销售额,U.S. Retail Sales,2026-05,M,millions of dollars,SA,level,763705.0,FRED,Federal Reserve Economic Data,RSAFS,U.S. Retail Sales,https://fred.stlouisfed.org/series/RSAFS,2026-06-22,final,2026-06-22 16:46:29,2026-06-22
US.US_HOUSING_STARTS_M.FRED,US,US,USA,美国,United States,US_HOUSING_STARTS_M,美国新屋开工,U.S. Housing Starts,2015-01,M,thousands of units,SA,level,1085.0,FRED,Federal Reserve Economic Data,HOUST,U.S. Housing Starts,https://fred.stlouisfed.org/series/HOUST,2026-06-22,final,2026-06-22 16:46:29,2026-06-22
US.US_HOUSING_STARTS_M.FRED,US,US,USA,美国,United States,US_HOUSING_STARTS_M,美国新屋开工,U.S. Housing Starts,2015-02,M,thousands of units,SA,level,886.0,FRED,Federal Reserve Economic Data,HOUST,U.S. Housing Starts,https://fred.stlouisfed.org/series/HOUST,2026-06-22,final,2026-06-22 16:46:29,2026-06-22
US.US_HOUSING_STARTS_M.FRED,US,US,USA,美国,United States,US_HOUSING_STARTS_M,美国新屋开工,U.S. Housing Starts,2015-03,M,thousands of units,SA,level,960.0,FRED,Federal Reserve Economic Data,HOUST,U.S. Housing Starts,https://fred.stlouisfed.org/series/HOUST,2026-06-22,final,2026-06-22 16:46:29,2026-06-22
US.US_HOUSING_STARTS_M.FRED,US,US,USA,美国,United States,US_HOUSING_STARTS_M,美国新屋开工,U.S. Housing Starts,2015-04,M,thousands of units,SA,level,1190.0,FRED,Federal Reserve Economic Data,HOUST,U.S. Housing Starts,https://fred.stlouisfed.org/series/HOUST,2026-06-22,final,2026-06-22 16:46:29,2026-06-22
US.US_HOUSING_STARTS_M.FRED,US,US,USA,美国,United States,US_HOUSING_STARTS_M,美国新屋开工,U.S. Housing Starts,2015-05,M,thousands of units,SA,level,1079.0,FRED,Federal Reserve Economic Data,HOUST,U.S. Housing Starts,https://fred.stlouisfed.org/series/HOUST,2026-06-22,final,2026-06-22 16:46:29,2026-06-22
US.US_HOUSING_STARTS_M.FRED,US,US,USA,美国,United States,US_HOUSING_STARTS_M,美国新屋开工,U.S. Housing Starts,2015-06,M,thousands of units,SA,level,1205.0,FRED,Federal Reserve Economic Data,HOUST,U.S. Housing Starts,https://fred.stlouisfed.org/series/HOUST,2026-06-22,final,2026-06-22 16:46:29,2026-06-22
US.US_HOUSING_STARTS_M.FRED,US,US,USA,美国,United States,US_HOUSING_STARTS_M,美国新屋开工,U.S. Housing Starts,2015-07,M,thousands of units,SA,level,1146.0,FRED,Federal Reserve Economic Data,HOUST,U.S. Housing Starts,https://fred.stlouisfed.org/series/HOUST,2026-06-22,final,2026-06-22 16:46:29,2026-06-22
US.US_HOUSING_STARTS_M.FRED,US,US,USA,美国,United States,US_HOUSING_STARTS_M,美国新屋开工,U.S. Housing Starts,2015-08,M,thousands of units,SA,level,1130.0,FRED,Federal Reserve Economic Data,HOUST,U.S. Housing Starts,https://fred.stlouisfed.org/series/HOUST,2026-06-22,final,2026-06-22 16:46:29,2026-06-22
US.US_HOUSING_STARTS_M.FRED,US,US,USA,美国,United States,US_HOUSING_STARTS_M,美国新屋开工,U.S. Housing Starts,2015-09,M,thousands of units,SA,level,1224.0,FRED,Federal Reserve Economic Data,HOUST,U.S. Housing Starts,https://fred.stlouisfed.org/series/HOUST,2026-06-22,final,2026-06-22 16:46:29,2026-06-22
US.US_HOUSING_STARTS_M.FRED,US,US,USA,美国,United States,US_HOUSING_STARTS_M,美国新屋开工,U.S. Housing Starts,2015-10,M,thousands of units,SA,level,1058.0,FRED,Federal Reserve Economic Data,HOUST,U.S. Housing Starts,https://fred.stlouisfed.org/series/HOUST,2026-06-22,final,2026-06-22 16:46:29,2026-06-22
US.US_HOUSING_STARTS_M.FRED,US,US,USA,美国,United States,US_HOUSING_STARTS_M,美国新屋开工,U.S. Housing Starts,2015-11,M,thousands of units,SA,level,1172.0,FRED,Federal Reserve Economic Data,HOUST,U.S. Housing Starts,https://fred.stlouisfed.org/series/HOUST,2026-06-22,final,2026-06-22 16:46:29,2026-06-22
US.US_HOUSING_STARTS_M.FRED,US,US,USA,美国,United States,US_HOUSING_STARTS_M,美国新屋开工,U.S. Housing Starts,2015-12,M,thousands of units,SA,level,1146.0,FRED,Federal Reserve Economic Data,HOUST,U.S. Housing Starts,https://fred.stlouisfed.org/series/HOUST,2026-06-22,final,2026-06-22 16:46:29,2026-06-22
US.US_HOUSING_STARTS_M.FRED,US,US,USA,美国,United States,US_HOUSING_STARTS_M,美国新屋开工,U.S. Housing Starts,2016-01,M,thousands of units,SA,level,1092.0,FRED,Federal Reserve Economic Data,HOUST,U.S. Housing Starts,https://fred.stlouisfed.org/series/HOUST,2026-06-22,final,2026-06-22 16:46:29,2026-06-22
US.US_HOUSING_STARTS_M.FRED,US,US,USA,美国,United States,US_HOUSING_STARTS_M,美国新屋开工,U.S. Housing Starts,2016-02,M,thousands of units,SA,level,1225.0,FRED,Federal Reserve Economic Data,HOUST,U.S. Housing Starts,https://fred.stlouisfed.org/series/HOUST,2026-06-22,final,2026-06-22 16:46:29,2026-06-22
US.US_HOUSING_STARTS_M.FRED,US,US,USA,美国,United States,US_HOUSING_STARTS_M,美国新屋开工,U.S. Housing Starts,2016-03,M,thousands of units,SA,level,1111.0,FRED,Federal Reserve Economic Data,HOUST,U.S. Housing Starts,https://fred.stlouisfed.org/series/HOUST,2026-06-22,final,2026-06-22 16:46:29,2026-06-22
US.US_HOUSING_STARTS_M.FRED,US,US,USA,美国,United States,US_HOUSING_STARTS_M,美国新屋开工,U.S. Housing Starts,2016-04,M,thousands of units,SA,level,1163.0,FRED,Federal Reserve Economic Data,HOUST,U.S. Housing Starts,https://fred.stlouisfed.org/series/HOUST,2026-06-22,final,2026-06-22 16:46:29,2026-06-22
US.US_HOUSING_STARTS_M.FRED,US,US,USA,美国,United States,US_HOUSING_STARTS_M,美国新屋开工,U.S. Housing Starts,2016-05,M,thousands of units,SA,level,1148.0,FRED,Federal Reserve Economic Data,HOUST,U.S. Housing Starts,https://fred.stlouisfed.org/series/HOUST,2026-06-22,final,2026-06-22 16:46:29,2026-06-22
US.US_HOUSING_STARTS_M.FRED,US,US,USA,美国,United States,US_HOUSING_STARTS_M,美国新屋开工,U.S. Housing Starts,2016-06,M,thousands of units,SA,level,1203.0,FRED,Federal Reserve Economic Data,HOUST,U.S. Housing Starts,https://fred.stlouisfed.org/series/HOUST,2026-06-22,final,2026-06-22 16:46:29,2026-06-22
US.US_HOUSING_STARTS_M.FRED,US,US,USA,美国,United States,US_HOUSING_STARTS_M,美国新屋开工,U.S. Housing Starts,2016-07,M,thousands of units,SA,level,1239.0,FRED,Federal Reserve Economic Data,HOUST,U.S. Housing Starts,https://fred.stlouisfed.org/series/HOUST,2026-06-22,final,2026-06-22 16:46:29,2026-06-22
US.US_HOUSING_STARTS_M.FRED,US,US,USA,美国,United States,US_HOUSING_STARTS_M,美国新屋开工,U.S. Housing Starts,2016-08,M,thousands of units,SA,level,1171.0,FRED,Federal Reserve Economic Data,HOUST,U.S. Housing Starts,https://fred.stlouisfed.org/series/HOUST,2026-06-22,final,2026-06-22 16:46:29,2026-06-22
US.US_HOUSING_STARTS_M.FRED,US,US,USA,美国,United States,US_HOUSING_STARTS_M,美国新屋开工,U.S. Housing Starts,2016-09,M,thousands of units,SA,level,1068.0,FRED,Federal Reserve Economic Data,HOUST,U.S. Housing Starts,https://fred.stlouisfed.org/series/HOUST,2026-06-22,final,2026-06-22 16:46:29,2026-06-22
US.US_HOUSING_STARTS_M.FRED,US,US,USA,美国,United States,US_HOUSING_STARTS_M,美国新屋开工,U.S. Housing Starts,2016-10,M,thousands of units,SA,level,1313.0,FRED,Federal Reserve Economic Data,HOUST,U.S. Housing Starts,https://fred.stlouisfed.org/series/HOUST,2026-06-22,final,2026-06-22 16:46:29,2026-06-22
US.US_HOUSING_STARTS_M.FRED,US,US,USA,美国,United States,US_HOUSING_STARTS_M,美国新屋开工,U.S. Housing Starts,2016-11,M,thousands of units,SA,level,1140.0,FRED,Federal Reserve Economic Data,HOUST,U.S. Housing Starts,https://fred.stlouisfed.org/series/HOUST,2026-06-22,final,2026-06-22 16:46:29,2026-06-22
US.US_HOUSING_STARTS_M.FRED,US,US,USA,美国,United States,US_HOUSING_STARTS_M,美国新屋开工,U.S. Housing Starts,2016-12,M,thousands of units,SA,level,1252.0,FRED,Federal Reserve Economic Data,HOUST,U.S. Housing Starts,https://fred.stlouisfed.org/series/HOUST,2026-06-22,final,2026-06-22 16:46:29,2026-06-22
US.US_HOUSING_STARTS_M.FRED,US,US,USA,美国,United States,US_HOUSING_STARTS_M,美国新屋开工,U.S. Housing Starts,2017-01,M,thousands of units,SA,level,1190.0,FRED,Federal Reserve Economic Data,HOUST,U.S. Housing Starts,https://fred.stlouisfed.org/series/HOUST,2026-06-22,final,2026-06-22 16:46:29,2026-06-22
US.US_HOUSING_STARTS_M.FRED,US,US,USA,美国,United States,US_HOUSING_STARTS_M,美国新屋开工,U.S. Housing Starts,2017-02,M,thousands of units,SA,level,1271.0,FRED,Federal Reserve Economic Data,HOUST,U.S. Housing Starts,https://fred.stlouisfed.org/series/HOUST,2026-06-22,final,2026-06-22 16:46:29,2026-06-22
US.US_HOUSING_STARTS_M.FRED,US,US,USA,美国,United States,US_HOUSING_STARTS_M,美国新屋开工,U.S. Housing Starts,2017-03,M,thousands of units,SA,level,1190.0,FRED,Federal Reserve Economic Data,HOUST,U.S. Housing Starts,https://fred.stlouisfed.org/series/HOUST,2026-06-22,final,2026-06-22 16:46:29,2026-06-22
US.US_HOUSING_STARTS_M.FRED,US,US,USA,美国,United States,US_HOUSING_STARTS_M,美国新屋开工,U.S. Housing Starts,2017-04,M,thousands of units,SA,level,1146.0,FRED,Federal Reserve Economic Data,HOUST,U.S. Housing Starts,https://fred.stlouisfed.org/series/HOUST,2026-06-22,final,2026-06-22 16:46:29,2026-06-22
US.US_HOUSING_STARTS_M.FRED,US,US,USA,美国,United States,US_HOUSING_STARTS_M,美国新屋开工,U.S. Housing Starts,2017-05,M,thousands of units,SA,level,1157.0,FRED,Federal Reserve Economic Data,HOUST,U.S. Housing Starts,https://fred.stlouisfed.org/series/HOUST,2026-06-22,final,2026-06-22 16:46:29,2026-06-22
US.US_HOUSING_STARTS_M.FRED,US,US,USA,美国,United States,US_HOUSING_STARTS_M,美国新屋开工,U.S. Housing Starts,2017-06,M,thousands of units,SA,level,1249.0,FRED,Federal Reserve Economic Data,HOUST,U.S. Housing Starts,https://fred.stlouisfed.org/series/HOUST,2026-06-22,final,2026-06-22 16:46:29,2026-06-22
US.US_HOUSING_STARTS_M.FRED,US,US,USA,美国,United States,US_HOUSING_STARTS_M,美国新屋开工,U.S. Housing Starts,2017-07,M,thousands of units,SA,level,1206.0,FRED,Federal Reserve Economic Data,HOUST,U.S. Housing Starts,https://fred.stlouisfed.org/series/HOUST,2026-06-22,final,2026-06-22 16:46:29,2026-06-22
US.US_HOUSING_STARTS_M.FRED,US,US,USA,美国,United States,US_HOUSING_STARTS_M,美国新屋开工,U.S. Housing Starts,2017-08,M,thousands of units,SA,level,1159.0,FRED,Federal Reserve Economic Data,HOUST,U.S. Housing Starts,https://fred.stlouisfed.org/series/HOUST,2026-06-22,final,2026-06-22 16:46:29,2026-06-22
US.US_HOUSING_STARTS_M.FRED,US,US,USA,美国,United States,US_HOUSING_STARTS_M,美国新屋开工,U.S. Housing Starts,2017-09,M,thousands of units,SA,level,1181.0,FRED,Federal Reserve Economic Data,HOUST,U.S. Housing Starts,https://fred.stlouisfed.org/series/HOUST,2026-06-22,final,2026-06-22 16:46:29,2026-06-22
US.US_HOUSING_STARTS_M.FRED,US,US,USA,美国,United States,US_HOUSING_STARTS_M,美国新屋开工,U.S. Housing Starts,2017-10,M,thousands of units,SA,level,1257.0,FRED,Federal Reserve Economic Data,HOUST,U.S. Housing Starts,https://fred.stlouisfed.org/series/HOUST,2026-06-22,final,2026-06-22 16:46:29,2026-06-22
US.US_HOUSING_STARTS_M.FRED,US,US,USA,美国,United States,US_HOUSING_STARTS_M,美国新屋开工,U.S. Housing Starts,2017-11,M,thousands of units,SA,level,1273.0,FRED,Federal Reserve Economic Data,HOUST,U.S. Housing Starts,https://fred.stlouisfed.org/series/HOUST,2026-06-22,final,2026-06-22 16:46:29,2026-06-22
US.US_HOUSING_STARTS_M.FRED,US,US,USA,美国,United States,US_HOUSING_STARTS_M,美国新屋开工,U.S. Housing Starts,2017-12,M,thousands of units,SA,level,1177.0,FRED,Federal Reserve Economic Data,HOUST,U.S. Housing Starts,https://fred.stlouisfed.org/series/HOUST,2026-06-22,final,2026-06-22 16:46:29,2026-06-22
US.US_HOUSING_STARTS_M.FRED,US,US,USA,美国,United States,US_HOUSING_STARTS_M,美国新屋开工,U.S. Housing Starts,2018-01,M,thousands of units,SA,level,1299.0,FRED,Federal Reserve Economic Data,HOUST,U.S. Housing Starts,https://fred.stlouisfed.org/series/HOUST,2026-06-22,final,2026-06-22 16:46:29,2026-06-22
US.US_HOUSING_STARTS_M.FRED,US,US,USA,美国,United States,US_HOUSING_STARTS_M,美国新屋开工,U.S. Housing Starts,2018-02,M,thousands of units,SA,level,1277.0,FRED,Federal Reserve Economic Data,HOUST,U.S. Housing Starts,https://fred.stlouisfed.org/series/HOUST,2026-06-22,final,2026-06-22 16:46:29,2026-06-22
US.US_HOUSING_STARTS_M.FRED,US,US,USA,美国,United States,US_HOUSING_STARTS_M,美国新屋开工,U.S. Housing Starts,2018-03,M,thousands of units,SA,level,1318.0,FRED,Federal Reserve Economic Data,HOUST,U.S. Housing Starts,https://fred.stlouisfed.org/series/HOUST,2026-06-22,final,2026-06-22 16:46:29,2026-06-22
US.US_HOUSING_STARTS_M.FRED,US,US,USA,美国,United States,US_HOUSING_STARTS_M,美国新屋开工,U.S. Housing Starts,2018-04,M,thousands of units,SA,level,1276.0,FRED,Federal Reserve Economic Data,HOUST,U.S. Housing Starts,https://fred.stlouisfed.org/series/HOUST,2026-06-22,final,2026-06-22 16:46:29,2026-06-22
US.US_HOUSING_STARTS_M.FRED,US,US,USA,美国,United States,US_HOUSING_STARTS_M,美国新屋开工,U.S. Housing Starts,2018-05,M,thousands of units,SA,level,1357.0,FRED,Federal Reserve Economic Data,HOUST,U.S. Housing Starts,https://fred.stlouisfed.org/series/HOUST,2026-06-22,final,2026-06-22 16:46:29,2026-06-22
US.US_HOUSING_STARTS_M.FRED,US,US,USA,美国,United States,US_HOUSING_STARTS_M,美国新屋开工,U.S. Housing Starts,2018-06,M,thousands of units,SA,level,1192.0,FRED,Federal Reserve Economic Data,HOUST,U.S. Housing Starts,https://fred.stlouisfed.org/series/HOUST,2026-06-22,final,2026-06-22 16:46:29,2026-06-22
US.US_HOUSING_STARTS_M.FRED,US,US,USA,美国,United States,US_HOUSING_STARTS_M,美国新屋开工,U.S. Housing Starts,2018-07,M,thousands of units,SA,level,1208.0,FRED,Federal Reserve Economic Data,HOUST,U.S. Housing Starts,https://fred.stlouisfed.org/series/HOUST,2026-06-22,final,2026-06-22 16:46:29,2026-06-22
US.US_HOUSING_STARTS_M.FRED,US,US,USA,美国,United States,US_HOUSING_STARTS_M,美国新屋开工,U.S. Housing Starts,2018-08,M,thousands of units,SA,level,1288.0,FRED,Federal Reserve Economic Data,HOUST,U.S. Housing Starts,https://fred.stlouisfed.org/series/HOUST,2026-06-22,final,2026-06-22 16:46:29,2026-06-22
US.US_HOUSING_STARTS_M.FRED,US,US,USA,美国,United States,US_HOUSING_STARTS_M,美国新屋开工,U.S. Housing Starts,2018-09,M,thousands of units,SA,level,1250.0,FRED,Federal Reserve Economic Data,HOUST,U.S. Housing Starts,https://fred.stlouisfed.org/series/HOUST,2026-06-22,final,2026-06-22 16:46:29,2026-06-22
US.US_HOUSING_STARTS_M.FRED,US,US,USA,美国,United States,US_HOUSING_STARTS_M,美国新屋开工,U.S. Housing Starts,2018-10,M,thousands of units,SA,level,1221.0,FRED,Federal Reserve Economic Data,HOUST,U.S. Housing Starts,https://fred.stlouisfed.org/series/HOUST,2026-06-22,final,2026-06-22 16:46:29,2026-06-22
US.US_HOUSING_STARTS_M.FRED,US,US,USA,美国,United States,US_HOUSING_STARTS_M,美国新屋开工,U.S. Housing Starts,2018-11,M,thousands of units,SA,level,1181.0,FRED,Federal Reserve Economic Data,HOUST,U.S. Housing Starts,https://fred.stlouisfed.org/series/HOUST,2026-06-22,final,2026-06-22 16:46:29,2026-06-22
US.US_HOUSING_STARTS_M.FRED,US,US,USA,美国,United States,US_HOUSING_STARTS_M,美国新屋开工,U.S. Housing Starts,2018-12,M,thousands of units,SA,level,1095.0,FRED,Federal Reserve Economic Data,HOUST,U.S. Housing Starts,https://fred.stlouisfed.org/series/HOUST,2026-06-22,final,2026-06-22 16:46:29,2026-06-22
US.US_HOUSING_STARTS_M.FRED,US,US,USA,美国,United States,US_HOUSING_STARTS_M,美国新屋开工,U.S. Housing Starts,2019-01,M,thousands of units,SA,level,1226.0,FRED,Federal Reserve Economic Data,HOUST,U.S. Housing Starts,https://fred.stlouisfed.org/series/HOUST,2026-06-22,final,2026-06-22 16:46:29,2026-06-22
US.US_HOUSING_STARTS_M.FRED,US,US,USA,美国,United States,US_HOUSING_STARTS_M,美国新屋开工,U.S. Housing Starts,2019-02,M,thousands of units,SA,level,1121.0,FRED,Federal Reserve Economic Data,HOUST,U.S. Housing Starts,https://fred.stlouisfed.org/series/HOUST,2026-06-22,final,2026-06-22 16:46:29,2026-06-22
US.US_HOUSING_STARTS_M.FRED,US,US,USA,美国,United States,US_HOUSING_STARTS_M,美国新屋开工,U.S. Housing Starts,2019-03,M,thousands of units,SA,level,1191.0,FRED,Federal Reserve Economic Data,HOUST,U.S. Housing Starts,https://fred.stlouisfed.org/series/HOUST,2026-06-22,final,2026-06-22 16:46:29,2026-06-22
US.US_HOUSING_STARTS_M.FRED,US,US,USA,美国,United States,US_HOUSING_STARTS_M,美国新屋开工,U.S. Housing Starts,2019-04,M,thousands of units,SA,level,1272.0,FRED,Federal Reserve Economic Data,HOUST,U.S. Housing Starts,https://fred.stlouisfed.org/series/HOUST,2026-06-22,final,2026-06-22 16:46:29,2026-06-22
US.US_HOUSING_STARTS_M.FRED,US,US,USA,美国,United States,US_HOUSING_STARTS_M,美国新屋开工,U.S. Housing Starts,2019-05,M,thousands of units,SA,level,1293.0,FRED,Federal Reserve Economic Data,HOUST,U.S. Housing Starts,https://fred.stlouisfed.org/series/HOUST,2026-06-22,final,2026-06-22 16:46:29,2026-06-22
US.US_HOUSING_STARTS_M.FRED,US,US,USA,美国,United States,US_HOUSING_STARTS_M,美国新屋开工,U.S. Housing Starts,2019-06,M,thousands of units,SA,level,1243.0,FRED,Federal Reserve Economic Data,HOUST,U.S. Housing Starts,https://fred.stlouisfed.org/series/HOUST,2026-06-22,final,2026-06-22 16:46:29,2026-06-22
US.US_HOUSING_STARTS_M.FRED,US,US,USA,美国,United States,US_HOUSING_STARTS_M,美国新屋开工,U.S. Housing Starts,2019-07,M,thousands of units,SA,level,1240.0,FRED,Federal Reserve Economic Data,HOUST,U.S. Housing Starts,https://fred.stlouisfed.org/series/HOUST,2026-06-22,final,2026-06-22 16:46:29,2026-06-22
US.US_HOUSING_STARTS_M.FRED,US,US,USA,美国,United States,US_HOUSING_STARTS_M,美国新屋开工,U.S. Housing Starts,2019-08,M,thousands of units,SA,level,1375.0,FRED,Federal Reserve Economic Data,HOUST,U.S. Housing Starts,https://fred.stlouisfed.org/series/HOUST,2026-06-22,final,2026-06-22 16:46:29,2026-06-22
US.US_HOUSING_STARTS_M.FRED,US,US,USA,美国,United States,US_HOUSING_STARTS_M,美国新屋开工,U.S. Housing Starts,2019-09,M,thousands of units,SA,level,1311.0,FRED,Federal Reserve Economic Data,HOUST,U.S. Housing Starts,https://fred.stlouisfed.org/series/HOUST,2026-06-22,final,2026-06-22 16:46:29,2026-06-22
US.US_HOUSING_STARTS_M.FRED,US,US,USA,美国,United States,US_HOUSING_STARTS_M,美国新屋开工,U.S. Housing Starts,2019-10,M,thousands of units,SA,level,1325.0,FRED,Federal Reserve Economic Data,HOUST,U.S. Housing Starts,https://fred.stlouisfed.org/series/HOUST,2026-06-22,final,2026-06-22 16:46:29,2026-06-22
US.US_HOUSING_STARTS_M.FRED,US,US,USA,美国,United States,US_HOUSING_STARTS_M,美国新屋开工,U.S. Housing Starts,2019-11,M,thousands of units,SA,level,1353.0,FRED,Federal Reserve Economic Data,HOUST,U.S. Housing Starts,https://fred.stlouisfed.org/series/HOUST,2026-06-22,final,2026-06-22 16:46:29,2026-06-22
US.US_HOUSING_STARTS_M.FRED,US,US,USA,美国,United States,US_HOUSING_STARTS_M,美国新屋开工,U.S. Housing Starts,2019-12,M,thousands of units,SA,level,1548.0,FRED,Federal Reserve Economic Data,HOUST,U.S. Housing Starts,https://fred.stlouisfed.org/series/HOUST,2026-06-22,final,2026-06-22 16:46:29,2026-06-22
US.US_HOUSING_STARTS_M.FRED,US,US,USA,美国,United States,US_HOUSING_STARTS_M,美国新屋开工,U.S. Housing Starts,2020-01,M,thousands of units,SA,level,1581.0,FRED,Federal Reserve Economic Data,HOUST,U.S. Housing Starts,https://fred.stlouisfed.org/series/HOUST,2026-06-22,final,2026-06-22 16:46:29,2026-06-22
US.US_HOUSING_STARTS_M.FRED,US,US,USA,美国,United States,US_HOUSING_STARTS_M,美国新屋开工,U.S. Housing Starts,2020-02,M,thousands of units,SA,level,1549.0,FRED,Federal Reserve Economic Data,HOUST,U.S. Housing Starts,https://fred.stlouisfed.org/series/HOUST,2026-06-22,final,2026-06-22 16:46:29,2026-06-22
US.US_HOUSING_STARTS_M.FRED,US,US,USA,美国,United States,US_HOUSING_STARTS_M,美国新屋开工,U.S. Housing Starts,2020-03,M,thousands of units,SA,level,1266.0,FRED,Federal Reserve Economic Data,HOUST,U.S. Housing Starts,https://fred.stlouisfed.org/series/HOUST,2026-06-22,final,2026-06-22 16:46:29,2026-06-22
US.US_HOUSING_STARTS_M.FRED,US,US,USA,美国,United States,US_HOUSING_STARTS_M,美国新屋开工,U.S. Housing Starts,2020-04,M,thousands of units,SA,level,936.0,FRED,Federal Reserve Economic Data,HOUST,U.S. Housing Starts,https://fred.stlouisfed.org/series/HOUST,2026-06-22,final,2026-06-22 16:46:29,2026-06-22
US.US_HOUSING_STARTS_M.FRED,US,US,USA,美国,United States,US_HOUSING_STARTS_M,美国新屋开工,U.S. Housing Starts,2020-05,M,thousands of units,SA,level,1039.0,FRED,Federal Reserve Economic Data,HOUST,U.S. Housing Starts,https://fred.stlouisfed.org/series/HOUST,2026-06-22,final,2026-06-22 16:46:29,2026-06-22
US.US_HOUSING_STARTS_M.FRED,US,US,USA,美国,United States,US_HOUSING_STARTS_M,美国新屋开工,U.S. Housing Starts,2020-06,M,thousands of units,SA,level,1266.0,FRED,Federal Reserve Economic Data,HOUST,U.S. Housing Starts,https://fred.stlouisfed.org/series/HOUST,2026-06-22,final,2026-06-22 16:46:29,2026-06-22
US.US_HOUSING_STARTS_M.FRED,US,US,USA,美国,United States,US_HOUSING_STARTS_M,美国新屋开工,U.S. Housing Starts,2020-07,M,thousands of units,SA,level,1526.0,FRED,Federal Reserve Economic Data,HOUST,U.S. Housing Starts,https://fred.stlouisfed.org/series/HOUST,2026-06-22,final,2026-06-22 16:46:29,2026-06-22
US.US_HOUSING_STARTS_M.FRED,US,US,USA,美国,United States,US_HOUSING_STARTS_M,美国新屋开工,U.S. Housing Starts,2020-08,M,thousands of units,SA,level,1396.0,FRED,Federal Reserve Economic Data,HOUST,U.S. Housing Starts,https://fred.stlouisfed.org/series/HOUST,2026-06-22,final,2026-06-22 16:46:29,2026-06-22
US.US_HOUSING_STARTS_M.FRED,US,US,USA,美国,United States,US_HOUSING_STARTS_M,美国新屋开工,U.S. Housing Starts,2020-09,M,thousands of units,SA,level,1473.0,FRED,Federal Reserve Economic Data,HOUST,U.S. Housing Starts,https://fred.stlouisfed.org/series/HOUST,2026-06-22,final,2026-06-22 16:46:29,2026-06-22
US.US_HOUSING_STARTS_M.FRED,US,US,USA,美国,United States,US_HOUSING_STARTS_M,美国新屋开工,U.S. Housing Starts,2020-10,M,thousands of units,SA,level,1543.0,FRED,Federal Reserve Economic Data,HOUST,U.S. Housing Starts,https://fred.stlouisfed.org/series/HOUST,2026-06-22,final,2026-06-22 16:46:29,2026-06-22
US.US_HOUSING_STARTS_M.FRED,US,US,USA,美国,United States,US_HOUSING_STARTS_M,美国新屋开工,U.S. Housing Starts,2020-11,M,thousands of units,SA,level,1543.0,FRED,Federal Reserve Economic Data,HOUST,U.S. Housing Starts,https://fred.stlouisfed.org/series/HOUST,2026-06-22,final,2026-06-22 16:46:29,2026-06-22
US.US_HOUSING_STARTS_M.FRED,US,US,USA,美国,United States,US_HOUSING_STARTS_M,美国新屋开工,U.S. Housing Starts,2020-12,M,thousands of units,SA,level,1614.0,FRED,Federal Reserve Economic Data,HOUST,U.S. Housing Starts,https://fred.stlouisfed.org/series/HOUST,2026-06-22,final,2026-06-22 16:46:29,2026-06-22
US.US_HOUSING_STARTS_M.FRED,US,US,USA,美国,United States,US_HOUSING_STARTS_M,美国新屋开工,U.S. Housing Starts,2021-01,M,thousands of units,SA,level,1624.0,FRED,Federal Reserve Economic Data,HOUST,U.S. Housing Starts,https://fred.stlouisfed.org/series/HOUST,2026-06-22,final,2026-06-22 16:46:29,2026-06-22
US.US_HOUSING_STARTS_M.FRED,US,US,USA,美国,United States,US_HOUSING_STARTS_M,美国新屋开工,U.S. Housing Starts,2021-02,M,thousands of units,SA,level,1398.0,FRED,Federal Reserve Economic Data,HOUST,U.S. Housing Starts,https://fred.stlouisfed.org/series/HOUST,2026-06-22,final,2026-06-22 16:46:29,2026-06-22
US.US_HOUSING_STARTS_M.FRED,US,US,USA,美国,United States,US_HOUSING_STARTS_M,美国新屋开工,U.S. Housing Starts,2021-03,M,thousands of units,SA,level,1688.0,FRED,Federal Reserve Economic Data,HOUST,U.S. Housing Starts,https://fred.stlouisfed.org/series/HOUST,2026-06-22,final,2026-06-22 16:46:29,2026-06-22
US.US_HOUSING_STARTS_M.FRED,US,US,USA,美国,United States,US_HOUSING_STARTS_M,美国新屋开工,U.S. Housing Starts,2021-04,M,thousands of units,SA,level,1489.0,FRED,Federal Reserve Economic Data,HOUST,U.S. Housing Starts,https://fred.stlouisfed.org/series/HOUST,2026-06-22,final,2026-06-22 16:46:29,2026-06-22
US.US_HOUSING_STARTS_M.FRED,US,US,USA,美国,United States,US_HOUSING_STARTS_M,美国新屋开工,U.S. Housing Starts,2021-05,M,thousands of units,SA,level,1600.0,FRED,Federal Reserve Economic Data,HOUST,U.S. Housing Starts,https://fred.stlouisfed.org/series/HOUST,2026-06-22,final,2026-06-22 16:46:29,2026-06-22
US.US_HOUSING_STARTS_M.FRED,US,US,USA,美国,United States,US_HOUSING_STARTS_M,美国新屋开工,U.S. Housing Starts,2021-06,M,thousands of units,SA,level,1664.0,FRED,Federal Reserve Economic Data,HOUST,U.S. Housing Starts,https://fred.stlouisfed.org/series/HOUST,2026-06-22,final,2026-06-22 16:46:29,2026-06-22
US.US_HOUSING_STARTS_M.FRED,US,US,USA,美国,United States,US_HOUSING_STARTS_M,美国新屋开工,U.S. Housing Starts,2021-07,M,thousands of units,SA,level,1600.0,FRED,Federal Reserve Economic Data,HOUST,U.S. Housing Starts,https://fred.stlouisfed.org/series/HOUST,2026-06-22,final,2026-06-22 16:46:29,2026-06-22
US.US_HOUSING_STARTS_M.FRED,US,US,USA,美国,United States,US_HOUSING_STARTS_M,美国新屋开工,U.S. Housing Starts,2021-08,M,thousands of units,SA,level,1596.0,FRED,Federal Reserve Economic Data,HOUST,U.S. Housing Starts,https://fred.stlouisfed.org/series/HOUST,2026-06-22,final,2026-06-22 16:46:29,2026-06-22
US.US_HOUSING_STARTS_M.FRED,US,US,USA,美国,United States,US_HOUSING_STARTS_M,美国新屋开工,U.S. Housing Starts,2021-09,M,thousands of units,SA,level,1576.0,FRED,Federal Reserve Economic Data,HOUST,U.S. Housing Starts,https://fred.stlouisfed.org/series/HOUST,2026-06-22,final,2026-06-22 16:46:29,2026-06-22
US.US_HOUSING_STARTS_M.FRED,US,US,USA,美国,United States,US_HOUSING_STARTS_M,美国新屋开工,U.S. Housing Starts,2021-10,M,thousands of units,SA,level,1587.0,FRED,Federal Reserve Economic Data,HOUST,U.S. Housing Starts,https://fred.stlouisfed.org/series/HOUST,2026-06-22,final,2026-06-22 16:46:29,2026-06-22
US.US_HOUSING_STARTS_M.FRED,US,US,USA,美国,United States,US_HOUSING_STARTS_M,美国新屋开工,U.S. Housing Starts,2021-11,M,thousands of units,SA,level,1707.0,FRED,Federal Reserve Economic Data,HOUST,U.S. Housing Starts,https://fred.stlouisfed.org/series/HOUST,2026-06-22,final,2026-06-22 16:46:29,2026-06-22
US.US_HOUSING_STARTS_M.FRED,US,US,USA,美国,United States,US_HOUSING_STARTS_M,美国新屋开工,U.S. Housing Starts,2021-12,M,thousands of units,SA,level,1711.0,FRED,Federal Reserve Economic Data,HOUST,U.S. Housing Starts,https://fred.stlouisfed.org/series/HOUST,2026-06-22,final,2026-06-22 16:46:29,2026-06-22
US.US_HOUSING_STARTS_M.FRED,US,US,USA,美国,United States,US_HOUSING_STARTS_M,美国新屋开工,U.S. Housing Starts,2022-01,M,thousands of units,SA,level,1693.0,FRED,Federal Reserve Economic Data,HOUST,U.S. Housing Starts,https://fred.stlouisfed.org/series/HOUST,2026-06-22,final,2026-06-22 16:46:29,2026-06-22
US.US_HOUSING_STARTS_M.FRED,US,US,USA,美国,United States,US_HOUSING_STARTS_M,美国新屋开工,U.S. Housing Starts,2022-02,M,thousands of units,SA,level,1730.0,FRED,Federal Reserve Economic Data,HOUST,U.S. Housing Starts,https://fred.stlouisfed.org/series/HOUST,2026-06-22,final,2026-06-22 16:46:29,2026-06-22
US.US_HOUSING_STARTS_M.FRED,US,US,USA,美国,United States,US_HOUSING_STARTS_M,美国新屋开工,U.S. Housing Starts,2022-03,M,thousands of units,SA,level,1700.0,FRED,Federal Reserve Economic Data,HOUST,U.S. Housing Starts,https://fred.stlouisfed.org/series/HOUST,2026-06-22,final,2026-06-22 16:46:29,2026-06-22
US.US_HOUSING_STARTS_M.FRED,US,US,USA,美国,United States,US_HOUSING_STARTS_M,美国新屋开工,U.S. Housing Starts,2022-04,M,thousands of units,SA,level,1807.0,FRED,Federal Reserve Economic Data,HOUST,U.S. Housing Starts,https://fred.stlouisfed.org/series/HOUST,2026-06-22,final,2026-06-22 16:46:29,2026-06-22
US.US_HOUSING_STARTS_M.FRED,US,US,USA,美国,United States,US_HOUSING_STARTS_M,美国新屋开工,U.S. Housing Starts,2022-05,M,thousands of units,SA,level,1546.0,FRED,Federal Reserve Economic Data,HOUST,U.S. Housing Starts,https://fred.stlouisfed.org/series/HOUST,2026-06-22,final,2026-06-22 16:46:29,2026-06-22
US.US_HOUSING_STARTS_M.FRED,US,US,USA,美国,United States,US_HOUSING_STARTS_M,美国新屋开工,U.S. Housing Starts,2022-06,M,thousands of units,SA,level,1556.0,FRED,Federal Reserve Economic Data,HOUST,U.S. Housing Starts,https://fred.stlouisfed.org/series/HOUST,2026-06-22,final,2026-06-22 16:46:29,2026-06-22
US.US_HOUSING_STARTS_M.FRED,US,US,USA,美国,United States,US_HOUSING_STARTS_M,美国新屋开工,U.S. Housing Starts,2022-07,M,thousands of units,SA,level,1382.0,FRED,Federal Reserve Economic Data,HOUST,U.S. Housing Starts,https://fred.stlouisfed.org/series/HOUST,2026-06-22,final,2026-06-22 16:46:29,2026-06-22
US.US_HOUSING_STARTS_M.FRED,US,US,USA,美国,United States,US_HOUSING_STARTS_M,美国新屋开工,U.S. Housing Starts,2022-08,M,thousands of units,SA,level,1532.0,FRED,Federal Reserve Economic Data,HOUST,U.S. Housing Starts,https://fred.stlouisfed.org/series/HOUST,2026-06-22,final,2026-06-22 16:46:29,2026-06-22
US.US_HOUSING_STARTS_M.FRED,US,US,USA,美国,United States,US_HOUSING_STARTS_M,美国新屋开工,U.S. Housing Starts,2022-09,M,thousands of units,SA,level,1481.0,FRED,Federal Reserve Economic Data,HOUST,U.S. Housing Starts,https://fred.stlouisfed.org/series/HOUST,2026-06-22,final,2026-06-22 16:46:29,2026-06-22
US.US_HOUSING_STARTS_M.FRED,US,US,USA,美国,United States,US_HOUSING_STARTS_M,美国新屋开工,U.S. Housing Starts,2022-10,M,thousands of units,SA,level,1446.0,FRED,Federal Reserve Economic Data,HOUST,U.S. Housing Starts,https://fred.stlouisfed.org/series/HOUST,2026-06-22,final,2026-06-22 16:46:29,2026-06-22
US.US_HOUSING_STARTS_M.FRED,US,US,USA,美国,United States,US_HOUSING_STARTS_M,美国新屋开工,U.S. Housing Starts,2022-11,M,thousands of units,SA,level,1434.0,FRED,Federal Reserve Economic Data,HOUST,U.S. Housing Starts,https://fred.stlouisfed.org/series/HOUST,2026-06-22,final,2026-06-22 16:46:29,2026-06-22
US.US_HOUSING_STARTS_M.FRED,US,US,USA,美国,United States,US_HOUSING_STARTS_M,美国新屋开工,U.S. Housing Starts,2022-12,M,thousands of units,SA,level,1296.0,FRED,Federal Reserve Economic Data,HOUST,U.S. Housing Starts,https://fred.stlouisfed.org/series/HOUST,2026-06-22,final,2026-06-22 16:46:29,2026-06-22
US.US_HOUSING_STARTS_M.FRED,US,US,USA,美国,United States,US_HOUSING_STARTS_M,美国新屋开工,U.S. Housing Starts,2023-01,M,thousands of units,SA,level,1358.0,FRED,Federal Reserve Economic Data,HOUST,U.S. Housing Starts,https://fred.stlouisfed.org/series/HOUST,2026-06-22,final,2026-06-22 16:46:29,2026-06-22
US.US_HOUSING_STARTS_M.FRED,US,US,USA,美国,United States,US_HOUSING_STARTS_M,美国新屋开工,U.S. Housing Starts,2023-02,M,thousands of units,SA,level,1395.0,FRED,Federal Reserve Economic Data,HOUST,U.S. Housing Starts,https://fred.stlouisfed.org/series/HOUST,2026-06-22,final,2026-06-22 16:46:29,2026-06-22
US.US_HOUSING_STARTS_M.FRED,US,US,USA,美国,United States,US_HOUSING_STARTS_M,美国新屋开工,U.S. Housing Starts,2023-03,M,thousands of units,SA,level,1366.0,FRED,Federal Reserve Economic Data,HOUST,U.S. Housing Starts,https://fred.stlouisfed.org/series/HOUST,2026-06-22,final,2026-06-22 16:46:29,2026-06-22
US.US_HOUSING_STARTS_M.FRED,US,US,USA,美国,United States,US_HOUSING_STARTS_M,美国新屋开工,U.S. Housing Starts,2023-04,M,thousands of units,SA,level,1343.0,FRED,Federal Reserve Economic Data,HOUST,U.S. Housing Starts,https://fred.stlouisfed.org/series/HOUST,2026-06-22,final,2026-06-22 16:46:29,2026-06-22
US.US_HOUSING_STARTS_M.FRED,US,US,USA,美国,United States,US_HOUSING_STARTS_M,美国新屋开工,U.S. Housing Starts,2023-05,M,thousands of units,SA,level,1609.0,FRED,Federal Reserve Economic Data,HOUST,U.S. Housing Starts,https://fred.stlouisfed.org/series/HOUST,2026-06-22,final,2026-06-22 16:46:29,2026-06-22
US.US_HOUSING_STARTS_M.FRED,US,US,USA,美国,United States,US_HOUSING_STARTS_M,美国新屋开工,U.S. Housing Starts,2023-06,M,thousands of units,SA,level,1420.0,FRED,Federal Reserve Economic Data,HOUST,U.S. Housing Starts,https://fred.stlouisfed.org/series/HOUST,2026-06-22,final,2026-06-22 16:46:29,2026-06-22
US.US_HOUSING_STARTS_M.FRED,US,US,USA,美国,United States,US_HOUSING_STARTS_M,美国新屋开工,U.S. Housing Starts,2023-07,M,thousands of units,SA,level,1464.0,FRED,Federal Reserve Economic Data,HOUST,U.S. Housing Starts,https://fred.stlouisfed.org/series/HOUST,2026-06-22,final,2026-06-22 16:46:29,2026-06-22
US.US_HOUSING_STARTS_M.FRED,US,US,USA,美国,United States,US_HOUSING_STARTS_M,美国新屋开工,U.S. Housing Starts,2023-08,M,thousands of units,SA,level,1321.0,FRED,Federal Reserve Economic Data,HOUST,U.S. Housing Starts,https://fred.stlouisfed.org/series/HOUST,2026-06-22,final,2026-06-22 16:46:29,2026-06-22
US.US_HOUSING_STARTS_M.FRED,US,US,USA,美国,United States,US_HOUSING_STARTS_M,美国新屋开工,U.S. Housing Starts,2023-09,M,thousands of units,SA,level,1369.0,FRED,Federal Reserve Economic Data,HOUST,U.S. Housing Starts,https://fred.stlouisfed.org/series/HOUST,2026-06-22,final,2026-06-22 16:46:29,2026-06-22
US.US_HOUSING_STARTS_M.FRED,US,US,USA,美国,United States,US_HOUSING_STARTS_M,美国新屋开工,U.S. Housing Starts,2023-10,M,thousands of units,SA,level,1380.0,FRED,Federal Reserve Economic Data,HOUST,U.S. Housing Starts,https://fred.stlouisfed.org/series/HOUST,2026-06-22,final,2026-06-22 16:46:29,2026-06-22
US.US_HOUSING_STARTS_M.FRED,US,US,USA,美国,United States,US_HOUSING_STARTS_M,美国新屋开工,U.S. Housing Starts,2023-11,M,thousands of units,SA,level,1522.0,FRED,Federal Reserve Economic Data,HOUST,U.S. Housing Starts,https://fred.stlouisfed.org/series/HOUST,2026-06-22,final,2026-06-22 16:46:29,2026-06-22
US.US_HOUSING_STARTS_M.FRED,US,US,USA,美国,United States,US_HOUSING_STARTS_M,美国新屋开工,U.S. Housing Starts,2023-12,M,thousands of units,SA,level,1504.0,FRED,Federal Reserve Economic Data,HOUST,U.S. Housing Starts,https://fred.stlouisfed.org/series/HOUST,2026-06-22,final,2026-06-22 16:46:29,2026-06-22
US.US_HOUSING_STARTS_M.FRED,US,US,USA,美国,United States,US_HOUSING_STARTS_M,美国新屋开工,U.S. Housing Starts,2024-01,M,thousands of units,SA,level,1378.0,FRED,Federal Reserve Economic Data,HOUST,U.S. Housing Starts,https://fred.stlouisfed.org/series/HOUST,2026-06-22,final,2026-06-22 16:46:29,2026-06-22
US.US_HOUSING_STARTS_M.FRED,US,US,USA,美国,United States,US_HOUSING_STARTS_M,美国新屋开工,U.S. Housing Starts,2024-02,M,thousands of units,SA,level,1555.0,FRED,Federal Reserve Economic Data,HOUST,U.S. Housing Starts,https://fred.stlouisfed.org/series/HOUST,2026-06-22,final,2026-06-22 16:46:29,2026-06-22
US.US_HOUSING_STARTS_M.FRED,US,US,USA,美国,United States,US_HOUSING_STARTS_M,美国新屋开工,U.S. Housing Starts,2024-03,M,thousands of units,SA,level,1297.0,FRED,Federal Reserve Economic Data,HOUST,U.S. Housing Starts,https://fred.stlouisfed.org/series/HOUST,2026-06-22,final,2026-06-22 16:46:29,2026-06-22
US.US_HOUSING_STARTS_M.FRED,US,US,USA,美国,United States,US_HOUSING_STARTS_M,美国新屋开工,U.S. Housing Starts,2024-04,M,thousands of units,SA,level,1379.0,FRED,Federal Reserve Economic Data,HOUST,U.S. Housing Starts,https://fred.stlouisfed.org/series/HOUST,2026-06-22,final,2026-06-22 16:46:29,2026-06-22
US.US_HOUSING_STARTS_M.FRED,US,US,USA,美国,United States,US_HOUSING_STARTS_M,美国新屋开工,U.S. Housing Starts,2024-05,M,thousands of units,SA,level,1329.0,FRED,Federal Reserve Economic Data,HOUST,U.S. Housing Starts,https://fred.stlouisfed.org/series/HOUST,2026-06-22,final,2026-06-22 16:46:29,2026-06-22
US.US_HOUSING_STARTS_M.FRED,US,US,USA,美国,United States,US_HOUSING_STARTS_M,美国新屋开工,U.S. Housing Starts,2024-06,M,thousands of units,SA,level,1318.0,FRED,Federal Reserve Economic Data,HOUST,U.S. Housing Starts,https://fred.stlouisfed.org/series/HOUST,2026-06-22,final,2026-06-22 16:46:29,2026-06-22
US.US_HOUSING_STARTS_M.FRED,US,US,USA,美国,United States,US_HOUSING_STARTS_M,美国新屋开工,U.S. Housing Starts,2024-07,M,thousands of units,SA,level,1269.0,FRED,Federal Reserve Economic Data,HOUST,U.S. Housing Starts,https://fred.stlouisfed.org/series/HOUST,2026-06-22,final,2026-06-22 16:46:29,2026-06-22
US.US_HOUSING_STARTS_M.FRED,US,US,USA,美国,United States,US_HOUSING_STARTS_M,美国新屋开工,U.S. Housing Starts,2024-08,M,thousands of units,SA,level,1394.0,FRED,Federal Reserve Economic Data,HOUST,U.S. Housing Starts,https://fred.stlouisfed.org/series/HOUST,2026-06-22,final,2026-06-22 16:46:29,2026-06-22
US.US_HOUSING_STARTS_M.FRED,US,US,USA,美国,United States,US_HOUSING_STARTS_M,美国新屋开工,U.S. Housing Starts,2024-09,M,thousands of units,SA,level,1357.0,FRED,Federal Reserve Economic Data,HOUST,U.S. Housing Starts,https://fred.stlouisfed.org/series/HOUST,2026-06-22,final,2026-06-22 16:46:29,2026-06-22
US.US_HOUSING_STARTS_M.FRED,US,US,USA,美国,United States,US_HOUSING_STARTS_M,美国新屋开工,U.S. Housing Starts,2024-10,M,thousands of units,SA,level,1370.0,FRED,Federal Reserve Economic Data,HOUST,U.S. Housing Starts,https://fred.stlouisfed.org/series/HOUST,2026-06-22,final,2026-06-22 16:46:29,2026-06-22
US.US_HOUSING_STARTS_M.FRED,US,US,USA,美国,United States,US_HOUSING_STARTS_M,美国新屋开工,U.S. Housing Starts,2024-11,M,thousands of units,SA,level,1300.0,FRED,Federal Reserve Economic Data,HOUST,U.S. Housing Starts,https://fred.stlouisfed.org/series/HOUST,2026-06-22,final,2026-06-22 16:46:29,2026-06-22
US.US_HOUSING_STARTS_M.FRED,US,US,USA,美国,United States,US_HOUSING_STARTS_M,美国新屋开工,U.S. Housing Starts,2024-12,M,thousands of units,SA,level,1494.0,FRED,Federal Reserve Economic Data,HOUST,U.S. Housing Starts,https://fred.stlouisfed.org/series/HOUST,2026-06-22,final,2026-06-22 16:46:29,2026-06-22
US.US_HOUSING_STARTS_M.FRED,US,US,USA,美国,United States,US_HOUSING_STARTS_M,美国新屋开工,U.S. Housing Starts,2025-01,M,thousands of units,SA,level,1353.0,FRED,Federal Reserve Economic Data,HOUST,U.S. Housing Starts,https://fred.stlouisfed.org/series/HOUST,2026-06-22,final,2026-06-22 16:46:29,2026-06-22
US.US_HOUSING_STARTS_M.FRED,US,US,USA,美国,United States,US_HOUSING_STARTS_M,美国新屋开工,U.S. Housing Starts,2025-02,M,thousands of units,SA,level,1491.0,FRED,Federal Reserve Economic Data,HOUST,U.S. Housing Starts,https://fred.stlouisfed.org/series/HOUST,2026-06-22,final,2026-06-22 16:46:29,2026-06-22
US.US_HOUSING_STARTS_M.FRED,US,US,USA,美国,United States,US_HOUSING_STARTS_M,美国新屋开工,U.S. Housing Starts,2025-03,M,thousands of units,SA,level,1346.0,FRED,Federal Reserve Economic Data,HOUST,U.S. Housing Starts,https://fred.stlouisfed.org/series/HOUST,2026-06-22,final,2026-06-22 16:46:29,2026-06-22
US.US_HOUSING_STARTS_M.FRED,US,US,USA,美国,United States,US_HOUSING_STARTS_M,美国新屋开工,U.S. Housing Starts,2025-04,M,thousands of units,SA,level,1400.0,FRED,Federal Reserve Economic Data,HOUST,U.S. Housing Starts,https://fred.stlouisfed.org/series/HOUST,2026-06-22,final,2026-06-22 16:46:29,2026-06-22
US.US_HOUSING_STARTS_M.FRED,US,US,USA,美国,United States,US_HOUSING_STARTS_M,美国新屋开工,U.S. Housing Starts,2025-05,M,thousands of units,SA,level,1289.0,FRED,Federal Reserve Economic Data,HOUST,U.S. Housing Starts,https://fred.stlouisfed.org/series/HOUST,2026-06-22,final,2026-06-22 16:46:29,2026-06-22
US.US_HOUSING_STARTS_M.FRED,US,US,USA,美国,United States,US_HOUSING_STARTS_M,美国新屋开工,U.S. Housing Starts,2025-06,M,thousands of units,SA,level,1379.0,FRED,Federal Reserve Economic Data,HOUST,U.S. Housing Starts,https://fred.stlouisfed.org/series/HOUST,2026-06-22,final,2026-06-22 16:46:29,2026-06-22
US.US_HOUSING_STARTS_M.FRED,US,US,USA,美国,United States,US_HOUSING_STARTS_M,美国新屋开工,U.S. Housing Starts,2025-07,M,thousands of units,SA,level,1432.0,FRED,Federal Reserve Economic Data,HOUST,U.S. Housing Starts,https://fred.stlouisfed.org/series/HOUST,2026-06-22,final,2026-06-22 16:46:29,2026-06-22
US.US_HOUSING_STARTS_M.FRED,US,US,USA,美国,United States,US_HOUSING_STARTS_M,美国新屋开工,U.S. Housing Starts,2025-08,M,thousands of units,SA,level,1291.0,FRED,Federal Reserve Economic Data,HOUST,U.S. Housing Starts,https://fred.stlouisfed.org/series/HOUST,2026-06-22,final,2026-06-22 16:46:29,2026-06-22
US.US_HOUSING_STARTS_M.FRED,US,US,USA,美国,United States,US_HOUSING_STARTS_M,美国新屋开工,U.S. Housing Starts,2025-09,M,thousands of units,SA,level,1319.0,FRED,Federal Reserve Economic Data,HOUST,U.S. Housing Starts,https://fred.stlouisfed.org/series/HOUST,2026-06-22,final,2026-06-22 16:46:29,2026-06-22
US.US_HOUSING_STARTS_M.FRED,US,US,USA,美国,United States,US_HOUSING_STARTS_M,美国新屋开工,U.S. Housing Starts,2025-10,M,thousands of units,SA,level,1273.0,FRED,Federal Reserve Economic Data,HOUST,U.S. Housing Starts,https://fred.stlouisfed.org/series/HOUST,2026-06-22,final,2026-06-22 16:46:29,2026-06-22
US.US_HOUSING_STARTS_M.FRED,US,US,USA,美国,United States,US_HOUSING_STARTS_M,美国新屋开工,U.S. Housing Starts,2025-11,M,thousands of units,SA,level,1319.0,FRED,Federal Reserve Economic Data,HOUST,U.S. Housing Starts,https://fred.stlouisfed.org/series/HOUST,2026-06-22,final,2026-06-22 16:46:29,2026-06-22
US.US_HOUSING_STARTS_M.FRED,US,US,USA,美国,United States,US_HOUSING_STARTS_M,美国新屋开工,U.S. Housing Starts,2025-12,M,thousands of units,SA,level,1378.0,FRED,Federal Reserve Economic Data,HOUST,U.S. Housing Starts,https://fred.stlouisfed.org/series/HOUST,2026-06-22,final,2026-06-22 16:46:29,2026-06-22
US.US_HOUSING_STARTS_M.FRED,US,US,USA,美国,United States,US_HOUSING_STARTS_M,美国新屋开工,U.S. Housing Starts,2026-01,M,thousands of units,SA,level,1385.0,FRED,Federal Reserve Economic Data,HOUST,U.S. Housing Starts,https://fred.stlouisfed.org/series/HOUST,2026-06-22,final,2026-06-22 16:46:29,2026-06-22
US.US_HOUSING_STARTS_M.FRED,US,US,USA,美国,United States,US_HOUSING_STARTS_M,美国新屋开工,U.S. Housing Starts,2026-02,M,thousands of units,SA,level,1346.0,FRED,Federal Reserve Economic Data,HOUST,U.S. Housing Starts,https://fred.stlouisfed.org/series/HOUST,2026-06-22,final,2026-06-22 16:46:29,2026-06-22
US.US_HOUSING_STARTS_M.FRED,US,US,USA,美国,United States,US_HOUSING_STARTS_M,美国新屋开工,U.S. Housing Starts,2026-03,M,thousands of units,SA,level,1522.0,FRED,Federal Reserve Economic Data,HOUST,U.S. Housing Starts,https://fred.stlouisfed.org/series/HOUST,2026-06-22,final,2026-06-22 16:46:29,2026-06-22
US.US_HOUSING_STARTS_M.FRED,US,US,USA,美国,United States,US_HOUSING_STARTS_M,美国新屋开工,U.S. Housing Starts,2026-04,M,thousands of units,SA,level,1392.0,FRED,Federal Reserve Economic Data,HOUST,U.S. Housing Starts,https://fred.stlouisfed.org/series/HOUST,2026-06-22,final,2026-06-22 16:46:29,2026-06-22
US.US_HOUSING_STARTS_M.FRED,US,US,USA,美国,United States,US_HOUSING_STARTS_M,美国新屋开工,U.S. Housing Starts,2026-05,M,thousands of units,SA,level,1177.0,FRED,Federal Reserve Economic Data,HOUST,U.S. Housing Starts,https://fred.stlouisfed.org/series/HOUST,2026-06-22,final,2026-06-22 16:46:29,2026-06-22
US.US_NONFARM_PAYROLLS_M.FRED,US,US,USA,美国,United States,US_NONFARM_PAYROLLS_M,美国非农就业人数,U.S. Nonfarm Payrolls,2015-01,M,thousands of persons,SA,level,140568.0,FRED,Federal Reserve Economic Data,PAYEMS,U.S. Nonfarm Payrolls,https://fred.stlouisfed.org/series/PAYEMS,2026-06-22,final,2026-06-22 16:46:29,2026-06-22
US.US_NONFARM_PAYROLLS_M.FRED,US,US,USA,美国,United States,US_NONFARM_PAYROLLS_M,美国非农就业人数,U.S. Nonfarm Payrolls,2015-02,M,thousands of persons,SA,level,140827.0,FRED,Federal Reserve Economic Data,PAYEMS,U.S. Nonfarm Payrolls,https://fred.stlouisfed.org/series/PAYEMS,2026-06-22,final,2026-06-22 16:46:29,2026-06-22
US.US_NONFARM_PAYROLLS_M.FRED,US,US,USA,美国,United States,US_NONFARM_PAYROLLS_M,美国非农就业人数,U.S. Nonfarm Payrolls,2015-03,M,thousands of persons,SA,level,140923.0,FRED,Federal Reserve Economic Data,PAYEMS,U.S. Nonfarm Payrolls,https://fred.stlouisfed.org/series/PAYEMS,2026-06-22,final,2026-06-22 16:46:29,2026-06-22
US.US_NONFARM_PAYROLLS_M.FRED,US,US,USA,美国,United States,US_NONFARM_PAYROLLS_M,美国非农就业人数,U.S. Nonfarm Payrolls,2015-04,M,thousands of persons,SA,level,141196.0,FRED,Federal Reserve Economic Data,PAYEMS,U.S. Nonfarm Payrolls,https://fred.stlouisfed.org/series/PAYEMS,2026-06-22,final,2026-06-22 16:46:29,2026-06-22
US.US_NONFARM_PAYROLLS_M.FRED,US,US,USA,美国,United States,US_NONFARM_PAYROLLS_M,美国非农就业人数,U.S. Nonfarm Payrolls,2015-05,M,thousands of persons,SA,level,141538.0,FRED,Federal Reserve Economic Data,PAYEMS,U.S. Nonfarm Payrolls,https://fred.stlouisfed.org/series/PAYEMS,2026-06-22,final,2026-06-22 16:46:29,2026-06-22
US.US_NONFARM_PAYROLLS_M.FRED,US,US,USA,美国,United States,US_NONFARM_PAYROLLS_M,美国非农就业人数,U.S. Nonfarm Payrolls,2015-06,M,thousands of persons,SA,level,141709.0,FRED,Federal Reserve Economic Data,PAYEMS,U.S. Nonfarm Payrolls,https://fred.stlouisfed.org/series/PAYEMS,2026-06-22,final,2026-06-22 16:46:29,2026-06-22
US.US_NONFARM_PAYROLLS_M.FRED,US,US,USA,美国,United States,US_NONFARM_PAYROLLS_M,美国非农就业人数,U.S. Nonfarm Payrolls,2015-07,M,thousands of persons,SA,level,141991.0,FRED,Federal Reserve Economic Data,PAYEMS,U.S. Nonfarm Payrolls,https://fred.stlouisfed.org/series/PAYEMS,2026-06-22,final,2026-06-22 16:46:29,2026-06-22
US.US_NONFARM_PAYROLLS_M.FRED,US,US,USA,美国,United States,US_NONFARM_PAYROLLS_M,美国非农就业人数,U.S. Nonfarm Payrolls,2015-08,M,thousands of persons,SA,level,142125.0,FRED,Federal Reserve Economic Data,PAYEMS,U.S. Nonfarm Payrolls,https://fred.stlouisfed.org/series/PAYEMS,2026-06-22,final,2026-06-22 16:46:29,2026-06-22
US.US_NONFARM_PAYROLLS_M.FRED,US,US,USA,美国,United States,US_NONFARM_PAYROLLS_M,美国非农就业人数,U.S. Nonfarm Payrolls,2015-09,M,thousands of persons,SA,level,142275.0,FRED,Federal Reserve Economic Data,PAYEMS,U.S. Nonfarm Payrolls,https://fred.stlouisfed.org/series/PAYEMS,2026-06-22,final,2026-06-22 16:46:29,2026-06-22
US.US_NONFARM_PAYROLLS_M.FRED,US,US,USA,美国,United States,US_NONFARM_PAYROLLS_M,美国非农就业人数,U.S. Nonfarm Payrolls,2015-10,M,thousands of persons,SA,level,142579.0,FRED,Federal Reserve Economic Data,PAYEMS,U.S. Nonfarm Payrolls,https://fred.stlouisfed.org/series/PAYEMS,2026-06-22,final,2026-06-22 16:46:29,2026-06-22
US.US_NONFARM_PAYROLLS_M.FRED,US,US,USA,美国,United States,US_NONFARM_PAYROLLS_M,美国非农就业人数,U.S. Nonfarm Payrolls,2015-11,M,thousands of persons,SA,level,142808.0,FRED,Federal Reserve Economic Data,PAYEMS,U.S. Nonfarm Payrolls,https://fred.stlouisfed.org/series/PAYEMS,2026-06-22,final,2026-06-22 16:46:29,2026-06-22
US.US_NONFARM_PAYROLLS_M.FRED,US,US,USA,美国,United States,US_NONFARM_PAYROLLS_M,美国非农就业人数,U.S. Nonfarm Payrolls,2015-12,M,thousands of persons,SA,level,143077.0,FRED,Federal Reserve Economic Data,PAYEMS,U.S. Nonfarm Payrolls,https://fred.stlouisfed.org/series/PAYEMS,2026-06-22,final,2026-06-22 16:46:29,2026-06-22
US.US_NONFARM_PAYROLLS_M.FRED,US,US,USA,美国,United States,US_NONFARM_PAYROLLS_M,美国非农就业人数,U.S. Nonfarm Payrolls,2016-01,M,thousands of persons,SA,level,143210.0,FRED,Federal Reserve Economic Data,PAYEMS,U.S. Nonfarm Payrolls,https://fred.stlouisfed.org/series/PAYEMS,2026-06-22,final,2026-06-22 16:46:29,2026-06-22
US.US_NONFARM_PAYROLLS_M.FRED,US,US,USA,美国,United States,US_NONFARM_PAYROLLS_M,美国非农就业人数,U.S. Nonfarm Payrolls,2016-02,M,thousands of persons,SA,level,143406.0,FRED,Federal Reserve Economic Data,PAYEMS,U.S. Nonfarm Payrolls,https://fred.stlouisfed.org/series/PAYEMS,2026-06-22,final,2026-06-22 16:46:29,2026-06-22
US.US_NONFARM_PAYROLLS_M.FRED,US,US,USA,美国,United States,US_NONFARM_PAYROLLS_M,美国非农就业人数,U.S. Nonfarm Payrolls,2016-03,M,thousands of persons,SA,level,143662.0,FRED,Federal Reserve Economic Data,PAYEMS,U.S. Nonfarm Payrolls,https://fred.stlouisfed.org/series/PAYEMS,2026-06-22,final,2026-06-22 16:46:29,2026-06-22
US.US_NONFARM_PAYROLLS_M.FRED,US,US,USA,美国,United States,US_NONFARM_PAYROLLS_M,美国非农就业人数,U.S. Nonfarm Payrolls,2016-04,M,thousands of persons,SA,level,143854.0,FRED,Federal Reserve Economic Data,PAYEMS,U.S. Nonfarm Payrolls,https://fred.stlouisfed.org/series/PAYEMS,2026-06-22,final,2026-06-22 16:46:29,2026-06-22
US.US_NONFARM_PAYROLLS_M.FRED,US,US,USA,美国,United States,US_NONFARM_PAYROLLS_M,美国非农就业人数,U.S. Nonfarm Payrolls,2016-05,M,thousands of persons,SA,level,143900.0,FRED,Federal Reserve Economic Data,PAYEMS,U.S. Nonfarm Payrolls,https://fred.stlouisfed.org/series/PAYEMS,2026-06-22,final,2026-06-22 16:46:29,2026-06-22
US.US_NONFARM_PAYROLLS_M.FRED,US,US,USA,美国,United States,US_NONFARM_PAYROLLS_M,美国非农就业人数,U.S. Nonfarm Payrolls,2016-06,M,thousands of persons,SA,level,144147.0,FRED,Federal Reserve Economic Data,PAYEMS,U.S. Nonfarm Payrolls,https://fred.stlouisfed.org/series/PAYEMS,2026-06-22,final,2026-06-22 16:46:29,2026-06-22
US.US_NONFARM_PAYROLLS_M.FRED,US,US,USA,美国,United States,US_NONFARM_PAYROLLS_M,美国非农就业人数,U.S. Nonfarm Payrolls,2016-07,M,thousands of persons,SA,level,144520.0,FRED,Federal Reserve Economic Data,PAYEMS,U.S. Nonfarm Payrolls,https://fred.stlouisfed.org/series/PAYEMS,2026-06-22,final,2026-06-22 16:46:29,2026-06-22
US.US_NONFARM_PAYROLLS_M.FRED,US,US,USA,美国,United States,US_NONFARM_PAYROLLS_M,美国非农就业人数,U.S. Nonfarm Payrolls,2016-08,M,thousands of persons,SA,level,144661.0,FRED,Federal Reserve Economic Data,PAYEMS,U.S. Nonfarm Payrolls,https://fred.stlouisfed.org/series/PAYEMS,2026-06-22,final,2026-06-22 16:46:29,2026-06-22
US.US_NONFARM_PAYROLLS_M.FRED,US,US,USA,美国,United States,US_NONFARM_PAYROLLS_M,美国非农就业人数,U.S. Nonfarm Payrolls,2016-09,M,thousands of persons,SA,level,144967.0,FRED,Federal Reserve Economic Data,PAYEMS,U.S. Nonfarm Payrolls,https://fred.stlouisfed.org/series/PAYEMS,2026-06-22,final,2026-06-22 16:46:29,2026-06-22
US.US_NONFARM_PAYROLLS_M.FRED,US,US,USA,美国,United States,US_NONFARM_PAYROLLS_M,美国非农就业人数,U.S. Nonfarm Payrolls,2016-10,M,thousands of persons,SA,level,145065.0,FRED,Federal Reserve Economic Data,PAYEMS,U.S. Nonfarm Payrolls,https://fred.stlouisfed.org/series/PAYEMS,2026-06-22,final,2026-06-22 16:46:29,2026-06-22
US.US_NONFARM_PAYROLLS_M.FRED,US,US,USA,美国,United States,US_NONFARM_PAYROLLS_M,美国非农就业人数,U.S. Nonfarm Payrolls,2016-11,M,thousands of persons,SA,level,145183.0,FRED,Federal Reserve Economic Data,PAYEMS,U.S. Nonfarm Payrolls,https://fred.stlouisfed.org/series/PAYEMS,2026-06-22,final,2026-06-22 16:46:29,2026-06-22
US.US_NONFARM_PAYROLLS_M.FRED,US,US,USA,美国,United States,US_NONFARM_PAYROLLS_M,美国非农就业人数,U.S. Nonfarm Payrolls,2016-12,M,thousands of persons,SA,level,145408.0,FRED,Federal Reserve Economic Data,PAYEMS,U.S. Nonfarm Payrolls,https://fred.stlouisfed.org/series/PAYEMS,2026-06-22,final,2026-06-22 16:46:29,2026-06-22
US.US_NONFARM_PAYROLLS_M.FRED,US,US,USA,美国,United States,US_NONFARM_PAYROLLS_M,美国非农就业人数,U.S. Nonfarm Payrolls,2017-01,M,thousands of persons,SA,level,145628.0,FRED,Federal Reserve Economic Data,PAYEMS,U.S. Nonfarm Payrolls,https://fred.stlouisfed.org/series/PAYEMS,2026-06-22,final,2026-06-22 16:46:29,2026-06-22
US.US_NONFARM_PAYROLLS_M.FRED,US,US,USA,美国,United States,US_NONFARM_PAYROLLS_M,美国非农就业人数,U.S. Nonfarm Payrolls,2017-02,M,thousands of persons,SA,level,145846.0,FRED,Federal Reserve Economic Data,PAYEMS,U.S. Nonfarm Payrolls,https://fred.stlouisfed.org/series/PAYEMS,2026-06-22,final,2026-06-22 16:46:29,2026-06-22
US.US_NONFARM_PAYROLLS_M.FRED,US,US,USA,美国,United States,US_NONFARM_PAYROLLS_M,美国非农就业人数,U.S. Nonfarm Payrolls,2017-03,M,thousands of persons,SA,level,145970.0,FRED,Federal Reserve Economic Data,PAYEMS,U.S. Nonfarm Payrolls,https://fred.stlouisfed.org/series/PAYEMS,2026-06-22,final,2026-06-22 16:46:29,2026-06-22
US.US_NONFARM_PAYROLLS_M.FRED,US,US,USA,美国,United States,US_NONFARM_PAYROLLS_M,美国非农就业人数,U.S. Nonfarm Payrolls,2017-04,M,thousands of persons,SA,level,146175.0,FRED,Federal Reserve Economic Data,PAYEMS,U.S. Nonfarm Payrolls,https://fred.stlouisfed.org/series/PAYEMS,2026-06-22,final,2026-06-22 16:46:29,2026-06-22
US.US_NONFARM_PAYROLLS_M.FRED,US,US,USA,美国,United States,US_NONFARM_PAYROLLS_M,美国非农就业人数,U.S. Nonfarm Payrolls,2017-05,M,thousands of persons,SA,level,146380.0,FRED,Federal Reserve Economic Data,PAYEMS,U.S. Nonfarm Payrolls,https://fred.stlouisfed.org/series/PAYEMS,2026-06-22,final,2026-06-22 16:46:29,2026-06-22
US.US_NONFARM_PAYROLLS_M.FRED,US,US,USA,美国,United States,US_NONFARM_PAYROLLS_M,美国非农就业人数,U.S. Nonfarm Payrolls,2017-06,M,thousands of persons,SA,level,146583.0,FRED,Federal Reserve Economic Data,PAYEMS,U.S. Nonfarm Payrolls,https://fred.stlouisfed.org/series/PAYEMS,2026-06-22,final,2026-06-22 16:46:29,2026-06-22
US.US_NONFARM_PAYROLLS_M.FRED,US,US,USA,美国,United States,US_NONFARM_PAYROLLS_M,美国非农就业人数,U.S. Nonfarm Payrolls,2017-07,M,thousands of persons,SA,level,146772.0,FRED,Federal Reserve Economic Data,PAYEMS,U.S. Nonfarm Payrolls,https://fred.stlouisfed.org/series/PAYEMS,2026-06-22,final,2026-06-22 16:46:29,2026-06-22
US.US_NONFARM_PAYROLLS_M.FRED,US,US,USA,美国,United States,US_NONFARM_PAYROLLS_M,美国非农就业人数,U.S. Nonfarm Payrolls,2017-08,M,thousands of persons,SA,level,146919.0,FRED,Federal Reserve Economic Data,PAYEMS,U.S. Nonfarm Payrolls,https://fred.stlouisfed.org/series/PAYEMS,2026-06-22,final,2026-06-22 16:46:29,2026-06-22
US.US_NONFARM_PAYROLLS_M.FRED,US,US,USA,美国,United States,US_NONFARM_PAYROLLS_M,美国非农就业人数,U.S. Nonfarm Payrolls,2017-09,M,thousands of persons,SA,level,147008.0,FRED,Federal Reserve Economic Data,PAYEMS,U.S. Nonfarm Payrolls,https://fred.stlouisfed.org/series/PAYEMS,2026-06-22,final,2026-06-22 16:46:29,2026-06-22
US.US_NONFARM_PAYROLLS_M.FRED,US,US,USA,美国,United States,US_NONFARM_PAYROLLS_M,美国非农就业人数,U.S. Nonfarm Payrolls,2017-10,M,thousands of persons,SA,level,147149.0,FRED,Federal Reserve Economic Data,PAYEMS,U.S. Nonfarm Payrolls,https://fred.stlouisfed.org/series/PAYEMS,2026-06-22,final,2026-06-22 16:46:29,2026-06-22
US.US_NONFARM_PAYROLLS_M.FRED,US,US,USA,美国,United States,US_NONFARM_PAYROLLS_M,美国非农就业人数,U.S. Nonfarm Payrolls,2017-11,M,thousands of persons,SA,level,147372.0,FRED,Federal Reserve Economic Data,PAYEMS,U.S. Nonfarm Payrolls,https://fred.stlouisfed.org/series/PAYEMS,2026-06-22,final,2026-06-22 16:46:29,2026-06-22
US.US_NONFARM_PAYROLLS_M.FRED,US,US,USA,美国,United States,US_NONFARM_PAYROLLS_M,美国非农就业人数,U.S. Nonfarm Payrolls,2017-12,M,thousands of persons,SA,level,147523.0,FRED,Federal Reserve Economic Data,PAYEMS,U.S. Nonfarm Payrolls,https://fred.stlouisfed.org/series/PAYEMS,2026-06-22,final,2026-06-22 16:46:29,2026-06-22
US.US_NONFARM_PAYROLLS_M.FRED,US,US,USA,美国,United States,US_NONFARM_PAYROLLS_M,美国非农就业人数,U.S. Nonfarm Payrolls,2018-01,M,thousands of persons,SA,level,147660.0,FRED,Federal Reserve Economic Data,PAYEMS,U.S. Nonfarm Payrolls,https://fred.stlouisfed.org/series/PAYEMS,2026-06-22,final,2026-06-22 16:46:29,2026-06-22
US.US_NONFARM_PAYROLLS_M.FRED,US,US,USA,美国,United States,US_NONFARM_PAYROLLS_M,美国非农就业人数,U.S. Nonfarm Payrolls,2018-02,M,thousands of persons,SA,level,148054.0,FRED,Federal Reserve Economic Data,PAYEMS,U.S. Nonfarm Payrolls,https://fred.stlouisfed.org/series/PAYEMS,2026-06-22,final,2026-06-22 16:46:29,2026-06-22
US.US_NONFARM_PAYROLLS_M.FRED,US,US,USA,美国,United States,US_NONFARM_PAYROLLS_M,美国非农就业人数,U.S. Nonfarm Payrolls,2018-03,M,thousands of persons,SA,level,148280.0,FRED,Federal Reserve Economic Data,PAYEMS,U.S. Nonfarm Payrolls,https://fred.stlouisfed.org/series/PAYEMS,2026-06-22,final,2026-06-22 16:46:29,2026-06-22
US.US_NONFARM_PAYROLLS_M.FRED,US,US,USA,美国,United States,US_NONFARM_PAYROLLS_M,美国非农就业人数,U.S. Nonfarm Payrolls,2018-04,M,thousands of persons,SA,level,148420.0,FRED,Federal Reserve Economic Data,PAYEMS,U.S. Nonfarm Payrolls,https://fred.stlouisfed.org/series/PAYEMS,2026-06-22,final,2026-06-22 16:46:29,2026-06-22
US.US_NONFARM_PAYROLLS_M.FRED,US,US,USA,美国,United States,US_NONFARM_PAYROLLS_M,美国非农就业人数,U.S. Nonfarm Payrolls,2018-05,M,thousands of persons,SA,level,148742.0,FRED,Federal Reserve Economic Data,PAYEMS,U.S. Nonfarm Payrolls,https://fred.stlouisfed.org/series/PAYEMS,2026-06-22,final,2026-06-22 16:46:29,2026-06-22
US.US_NONFARM_PAYROLLS_M.FRED,US,US,USA,美国,United States,US_NONFARM_PAYROLLS_M,美国非农就业人数,U.S. Nonfarm Payrolls,2018-06,M,thousands of persons,SA,level,148960.0,FRED,Federal Reserve Economic Data,PAYEMS,U.S. Nonfarm Payrolls,https://fred.stlouisfed.org/series/PAYEMS,2026-06-22,final,2026-06-22 16:46:29,2026-06-22
US.US_NONFARM_PAYROLLS_M.FRED,US,US,USA,美国,United States,US_NONFARM_PAYROLLS_M,美国非农就业人数,U.S. Nonfarm Payrolls,2018-07,M,thousands of persons,SA,level,149020.0,FRED,Federal Reserve Economic Data,PAYEMS,U.S. Nonfarm Payrolls,https://fred.stlouisfed.org/series/PAYEMS,2026-06-22,final,2026-06-22 16:46:29,2026-06-22
US.US_NONFARM_PAYROLLS_M.FRED,US,US,USA,美国,United States,US_NONFARM_PAYROLLS_M,美国非农就业人数,U.S. Nonfarm Payrolls,2018-08,M,thousands of persons,SA,level,149277.0,FRED,Federal Reserve Economic Data,PAYEMS,U.S. Nonfarm Payrolls,https://fred.stlouisfed.org/series/PAYEMS,2026-06-22,final,2026-06-22 16:46:29,2026-06-22
US.US_NONFARM_PAYROLLS_M.FRED,US,US,USA,美国,United States,US_NONFARM_PAYROLLS_M,美国非农就业人数,U.S. Nonfarm Payrolls,2018-09,M,thousands of persons,SA,level,149358.0,FRED,Federal Reserve Economic Data,PAYEMS,U.S. Nonfarm Payrolls,https://fred.stlouisfed.org/series/PAYEMS,2026-06-22,final,2026-06-22 16:46:29,2026-06-22
US.US_NONFARM_PAYROLLS_M.FRED,US,US,USA,美国,United States,US_NONFARM_PAYROLLS_M,美国非农就业人数,U.S. Nonfarm Payrolls,2018-10,M,thousands of persons,SA,level,149527.0,FRED,Federal Reserve Economic Data,PAYEMS,U.S. Nonfarm Payrolls,https://fred.stlouisfed.org/series/PAYEMS,2026-06-22,final,2026-06-22 16:46:29,2026-06-22
US.US_NONFARM_PAYROLLS_M.FRED,US,US,USA,美国,United States,US_NONFARM_PAYROLLS_M,美国非农就业人数,U.S. Nonfarm Payrolls,2018-11,M,thousands of persons,SA,level,149617.0,FRED,Federal Reserve Economic Data,PAYEMS,U.S. Nonfarm Payrolls,https://fred.stlouisfed.org/series/PAYEMS,2026-06-22,final,2026-06-22 16:46:29,2026-06-22
US.US_NONFARM_PAYROLLS_M.FRED,US,US,USA,美国,United States,US_NONFARM_PAYROLLS_M,美国非农就业人数,U.S. Nonfarm Payrolls,2018-12,M,thousands of persons,SA,level,149809.0,FRED,Federal Reserve Economic Data,PAYEMS,U.S. Nonfarm Payrolls,https://fred.stlouisfed.org/series/PAYEMS,2026-06-22,final,2026-06-22 16:46:29,2026-06-22
US.US_NONFARM_PAYROLLS_M.FRED,US,US,USA,美国,United States,US_NONFARM_PAYROLLS_M,美国非农就业人数,U.S. Nonfarm Payrolls,2019-01,M,thousands of persons,SA,level,150060.0,FRED,Federal Reserve Economic Data,PAYEMS,U.S. Nonfarm Payrolls,https://fred.stlouisfed.org/series/PAYEMS,2026-06-22,final,2026-06-22 16:46:29,2026-06-22
US.US_NONFARM_PAYROLLS_M.FRED,US,US,USA,美国,United States,US_NONFARM_PAYROLLS_M,美国非农就业人数,U.S. Nonfarm Payrolls,2019-02,M,thousands of persons,SA,level,150067.0,FRED,Federal Reserve Economic Data,PAYEMS,U.S. Nonfarm Payrolls,https://fred.stlouisfed.org/series/PAYEMS,2026-06-22,final,2026-06-22 16:46:29,2026-06-22
US.US_NONFARM_PAYROLLS_M.FRED,US,US,USA,美国,United States,US_NONFARM_PAYROLLS_M,美国非农就业人数,U.S. Nonfarm Payrolls,2019-03,M,thousands of persons,SA,level,150295.0,FRED,Federal Reserve Economic Data,PAYEMS,U.S. Nonfarm Payrolls,https://fred.stlouisfed.org/series/PAYEMS,2026-06-22,final,2026-06-22 16:46:29,2026-06-22
US.US_NONFARM_PAYROLLS_M.FRED,US,US,USA,美国,United States,US_NONFARM_PAYROLLS_M,美国非农就业人数,U.S. Nonfarm Payrolls,2019-04,M,thousands of persons,SA,level,150591.0,FRED,Federal Reserve Economic Data,PAYEMS,U.S. Nonfarm Payrolls,https://fred.stlouisfed.org/series/PAYEMS,2026-06-22,final,2026-06-22 16:46:29,2026-06-22
US.US_NONFARM_PAYROLLS_M.FRED,US,US,USA,美国,United States,US_NONFARM_PAYROLLS_M,美国非农就业人数,U.S. Nonfarm Payrolls,2019-05,M,thousands of persons,SA,level,150618.0,FRED,Federal Reserve Economic Data,PAYEMS,U.S. Nonfarm Payrolls,https://fred.stlouisfed.org/series/PAYEMS,2026-06-22,final,2026-06-22 16:46:29,2026-06-22
US.US_NONFARM_PAYROLLS_M.FRED,US,US,USA,美国,United States,US_NONFARM_PAYROLLS_M,美国非农就业人数,U.S. Nonfarm Payrolls,2019-06,M,thousands of persons,SA,level,150838.0,FRED,Federal Reserve Economic Data,PAYEMS,U.S. Nonfarm Payrolls,https://fred.stlouisfed.org/series/PAYEMS,2026-06-22,final,2026-06-22 16:46:29,2026-06-22
US.US_NONFARM_PAYROLLS_M.FRED,US,US,USA,美国,United States,US_NONFARM_PAYROLLS_M,美国非农就业人数,U.S. Nonfarm Payrolls,2019-07,M,thousands of persons,SA,level,150937.0,FRED,Federal Reserve Economic Data,PAYEMS,U.S. Nonfarm Payrolls,https://fred.stlouisfed.org/series/PAYEMS,2026-06-22,final,2026-06-22 16:46:29,2026-06-22
US.US_NONFARM_PAYROLLS_M.FRED,US,US,USA,美国,United States,US_NONFARM_PAYROLLS_M,美国非农就业人数,U.S. Nonfarm Payrolls,2019-08,M,thousands of persons,SA,level,151169.0,FRED,Federal Reserve Economic Data,PAYEMS,U.S. Nonfarm Payrolls,https://fred.stlouisfed.org/series/PAYEMS,2026-06-22,final,2026-06-22 16:46:29,2026-06-22
US.US_NONFARM_PAYROLLS_M.FRED,US,US,USA,美国,United States,US_NONFARM_PAYROLLS_M,美国非农就业人数,U.S. Nonfarm Payrolls,2019-09,M,thousands of persons,SA,level,151365.0,FRED,Federal Reserve Economic Data,PAYEMS,U.S. Nonfarm Payrolls,https://fred.stlouisfed.org/series/PAYEMS,2026-06-22,final,2026-06-22 16:46:29,2026-06-22
US.US_NONFARM_PAYROLLS_M.FRED,US,US,USA,美国,United States,US_NONFARM_PAYROLLS_M,美国非农就业人数,U.S. Nonfarm Payrolls,2019-10,M,thousands of persons,SA,level,151460.0,FRED,Federal Reserve Economic Data,PAYEMS,U.S. Nonfarm Payrolls,https://fred.stlouisfed.org/series/PAYEMS,2026-06-22,final,2026-06-22 16:46:29,2026-06-22
US.US_NONFARM_PAYROLLS_M.FRED,US,US,USA,美国,United States,US_NONFARM_PAYROLLS_M,美国非农就业人数,U.S. Nonfarm Payrolls,2019-11,M,thousands of persons,SA,level,151667.0,FRED,Federal Reserve Economic Data,PAYEMS,U.S. Nonfarm Payrolls,https://fred.stlouisfed.org/series/PAYEMS,2026-06-22,final,2026-06-22 16:46:29,2026-06-22
US.US_NONFARM_PAYROLLS_M.FRED,US,US,USA,美国,United States,US_NONFARM_PAYROLLS_M,美国非农就业人数,U.S. Nonfarm Payrolls,2019-12,M,thousands of persons,SA,level,151794.0,FRED,Federal Reserve Economic Data,PAYEMS,U.S. Nonfarm Payrolls,https://fred.stlouisfed.org/series/PAYEMS,2026-06-22,final,2026-06-22 16:46:29,2026-06-22
US.US_NONFARM_PAYROLLS_M.FRED,US,US,USA,美国,United States,US_NONFARM_PAYROLLS_M,美国非农就业人数,U.S. Nonfarm Payrolls,2020-01,M,thousands of persons,SA,level,152031.0,FRED,Federal Reserve Economic Data,PAYEMS,U.S. Nonfarm Payrolls,https://fred.stlouisfed.org/series/PAYEMS,2026-06-22,final,2026-06-22 16:46:29,2026-06-22
US.US_NONFARM_PAYROLLS_M.FRED,US,US,USA,美国,United States,US_NONFARM_PAYROLLS_M,美国非农就业人数,U.S. Nonfarm Payrolls,2020-02,M,thousands of persons,SA,level,152293.0,FRED,Federal Reserve Economic Data,PAYEMS,U.S. Nonfarm Payrolls,https://fred.stlouisfed.org/series/PAYEMS,2026-06-22,final,2026-06-22 16:46:29,2026-06-22
US.US_NONFARM_PAYROLLS_M.FRED,US,US,USA,美国,United States,US_NONFARM_PAYROLLS_M,美国非农就业人数,U.S. Nonfarm Payrolls,2020-03,M,thousands of persons,SA,level,150895.0,FRED,Federal Reserve Economic Data,PAYEMS,U.S. Nonfarm Payrolls,https://fred.stlouisfed.org/series/PAYEMS,2026-06-22,final,2026-06-22 16:46:29,2026-06-22
US.US_NONFARM_PAYROLLS_M.FRED,US,US,USA,美国,United States,US_NONFARM_PAYROLLS_M,美国非农就业人数,U.S. Nonfarm Payrolls,2020-04,M,thousands of persons,SA,level,130426.0,FRED,Federal Reserve Economic Data,PAYEMS,U.S. Nonfarm Payrolls,https://fred.stlouisfed.org/series/PAYEMS,2026-06-22,final,2026-06-22 16:46:29,2026-06-22
US.US_NONFARM_PAYROLLS_M.FRED,US,US,USA,美国,United States,US_NONFARM_PAYROLLS_M,美国非农就业人数,U.S. Nonfarm Payrolls,2020-05,M,thousands of persons,SA,level,133040.0,FRED,Federal Reserve Economic Data,PAYEMS,U.S. Nonfarm Payrolls,https://fred.stlouisfed.org/series/PAYEMS,2026-06-22,final,2026-06-22 16:46:29,2026-06-22
US.US_NONFARM_PAYROLLS_M.FRED,US,US,USA,美国,United States,US_NONFARM_PAYROLLS_M,美国非农就业人数,U.S. Nonfarm Payrolls,2020-06,M,thousands of persons,SA,level,137671.0,FRED,Federal Reserve Economic Data,PAYEMS,U.S. Nonfarm Payrolls,https://fred.stlouisfed.org/series/PAYEMS,2026-06-22,final,2026-06-22 16:46:29,2026-06-22
US.US_NONFARM_PAYROLLS_M.FRED,US,US,USA,美国,United States,US_NONFARM_PAYROLLS_M,美国非农就业人数,U.S. Nonfarm Payrolls,2020-07,M,thousands of persons,SA,level,139255.0,FRED,Federal Reserve Economic Data,PAYEMS,U.S. Nonfarm Payrolls,https://fred.stlouisfed.org/series/PAYEMS,2026-06-22,final,2026-06-22 16:46:29,2026-06-22
US.US_NONFARM_PAYROLLS_M.FRED,US,US,USA,美国,United States,US_NONFARM_PAYROLLS_M,美国非农就业人数,U.S. Nonfarm Payrolls,2020-08,M,thousands of persons,SA,level,140821.0,FRED,Federal Reserve Economic Data,PAYEMS,U.S. Nonfarm Payrolls,https://fred.stlouisfed.org/series/PAYEMS,2026-06-22,final,2026-06-22 16:46:29,2026-06-22
US.US_NONFARM_PAYROLLS_M.FRED,US,US,USA,美国,United States,US_NONFARM_PAYROLLS_M,美国非农就业人数,U.S. Nonfarm Payrolls,2020-09,M,thousands of persons,SA,level,141770.0,FRED,Federal Reserve Economic Data,PAYEMS,U.S. Nonfarm Payrolls,https://fred.stlouisfed.org/series/PAYEMS,2026-06-22,final,2026-06-22 16:46:29,2026-06-22
US.US_NONFARM_PAYROLLS_M.FRED,US,US,USA,美国,United States,US_NONFARM_PAYROLLS_M,美国非农就业人数,U.S. Nonfarm Payrolls,2020-10,M,thousands of persons,SA,level,142460.0,FRED,Federal Reserve Economic Data,PAYEMS,U.S. Nonfarm Payrolls,https://fred.stlouisfed.org/series/PAYEMS,2026-06-22,final,2026-06-22 16:46:29,2026-06-22
US.US_NONFARM_PAYROLLS_M.FRED,US,US,USA,美国,United States,US_NONFARM_PAYROLLS_M,美国非农就业人数,U.S. Nonfarm Payrolls,2020-11,M,thousands of persons,SA,level,142733.0,FRED,Federal Reserve Economic Data,PAYEMS,U.S. Nonfarm Payrolls,https://fred.stlouisfed.org/series/PAYEMS,2026-06-22,final,2026-06-22 16:46:29,2026-06-22
US.US_NONFARM_PAYROLLS_M.FRED,US,US,USA,美国,United States,US_NONFARM_PAYROLLS_M,美国非农就业人数,U.S. Nonfarm Payrolls,2020-12,M,thousands of persons,SA,level,142548.0,FRED,Federal Reserve Economic Data,PAYEMS,U.S. Nonfarm Payrolls,https://fred.stlouisfed.org/series/PAYEMS,2026-06-22,final,2026-06-22 16:46:29,2026-06-22
US.US_NONFARM_PAYROLLS_M.FRED,US,US,USA,美国,United States,US_NONFARM_PAYROLLS_M,美国非农就业人数,U.S. Nonfarm Payrolls,2021-01,M,thousands of persons,SA,level,142863.0,FRED,Federal Reserve Economic Data,PAYEMS,U.S. Nonfarm Payrolls,https://fred.stlouisfed.org/series/PAYEMS,2026-06-22,final,2026-06-22 16:46:29,2026-06-22
US.US_NONFARM_PAYROLLS_M.FRED,US,US,USA,美国,United States,US_NONFARM_PAYROLLS_M,美国非农就业人数,U.S. Nonfarm Payrolls,2021-02,M,thousands of persons,SA,level,143380.0,FRED,Federal Reserve Economic Data,PAYEMS,U.S. Nonfarm Payrolls,https://fred.stlouisfed.org/series/PAYEMS,2026-06-22,final,2026-06-22 16:46:29,2026-06-22
US.US_NONFARM_PAYROLLS_M.FRED,US,US,USA,美国,United States,US_NONFARM_PAYROLLS_M,美国非农就业人数,U.S. Nonfarm Payrolls,2021-03,M,thousands of persons,SA,level,144232.0,FRED,Federal Reserve Economic Data,PAYEMS,U.S. Nonfarm Payrolls,https://fred.stlouisfed.org/series/PAYEMS,2026-06-22,final,2026-06-22 16:46:29,2026-06-22
US.US_NONFARM_PAYROLLS_M.FRED,US,US,USA,美国,United States,US_NONFARM_PAYROLLS_M,美国非农就业人数,U.S. Nonfarm Payrolls,2021-04,M,thousands of persons,SA,level,144587.0,FRED,Federal Reserve Economic Data,PAYEMS,U.S. Nonfarm Payrolls,https://fred.stlouisfed.org/series/PAYEMS,2026-06-22,final,2026-06-22 16:46:29,2026-06-22
US.US_NONFARM_PAYROLLS_M.FRED,US,US,USA,美国,United States,US_NONFARM_PAYROLLS_M,美国非农就业人数,U.S. Nonfarm Payrolls,2021-05,M,thousands of persons,SA,level,145065.0,FRED,Federal Reserve Economic Data,PAYEMS,U.S. Nonfarm Payrolls,https://fred.stlouisfed.org/series/PAYEMS,2026-06-22,final,2026-06-22 16:46:29,2026-06-22
US.US_NONFARM_PAYROLLS_M.FRED,US,US,USA,美国,United States,US_NONFARM_PAYROLLS_M,美国非农就业人数,U.S. Nonfarm Payrolls,2021-06,M,thousands of persons,SA,level,145820.0,FRED,Federal Reserve Economic Data,PAYEMS,U.S. Nonfarm Payrolls,https://fred.stlouisfed.org/series/PAYEMS,2026-06-22,final,2026-06-22 16:46:29,2026-06-22
US.US_NONFARM_PAYROLLS_M.FRED,US,US,USA,美国,United States,US_NONFARM_PAYROLLS_M,美国非农就业人数,U.S. Nonfarm Payrolls,2021-07,M,thousands of persons,SA,level,146762.0,FRED,Federal Reserve Economic Data,PAYEMS,U.S. Nonfarm Payrolls,https://fred.stlouisfed.org/series/PAYEMS,2026-06-22,final,2026-06-22 16:46:29,2026-06-22
US.US_NONFARM_PAYROLLS_M.FRED,US,US,USA,美国,United States,US_NONFARM_PAYROLLS_M,美国非农就业人数,U.S. Nonfarm Payrolls,2021-08,M,thousands of persons,SA,level,147314.0,FRED,Federal Reserve Economic Data,PAYEMS,U.S. Nonfarm Payrolls,https://fred.stlouisfed.org/series/PAYEMS,2026-06-22,final,2026-06-22 16:46:29,2026-06-22
US.US_NONFARM_PAYROLLS_M.FRED,US,US,USA,美国,United States,US_NONFARM_PAYROLLS_M,美国非农就业人数,U.S. Nonfarm Payrolls,2021-09,M,thousands of persons,SA,level,147771.0,FRED,Federal Reserve Economic Data,PAYEMS,U.S. Nonfarm Payrolls,https://fred.stlouisfed.org/series/PAYEMS,2026-06-22,final,2026-06-22 16:46:29,2026-06-22
US.US_NONFARM_PAYROLLS_M.FRED,US,US,USA,美国,United States,US_NONFARM_PAYROLLS_M,美国非农就业人数,U.S. Nonfarm Payrolls,2021-10,M,thousands of persons,SA,level,148572.0,FRED,Federal Reserve Economic Data,PAYEMS,U.S. Nonfarm Payrolls,https://fred.stlouisfed.org/series/PAYEMS,2026-06-22,final,2026-06-22 16:46:29,2026-06-22
US.US_NONFARM_PAYROLLS_M.FRED,US,US,USA,美国,United States,US_NONFARM_PAYROLLS_M,美国非农就业人数,U.S. Nonfarm Payrolls,2021-11,M,thousands of persons,SA,level,149230.0,FRED,Federal Reserve Economic Data,PAYEMS,U.S. Nonfarm Payrolls,https://fred.stlouisfed.org/series/PAYEMS,2026-06-22,final,2026-06-22 16:46:29,2026-06-22
US.US_NONFARM_PAYROLLS_M.FRED,US,US,USA,美国,United States,US_NONFARM_PAYROLLS_M,美国非农就业人数,U.S. Nonfarm Payrolls,2021-12,M,thousands of persons,SA,level,149816.0,FRED,Federal Reserve Economic Data,PAYEMS,U.S. Nonfarm Payrolls,https://fred.stlouisfed.org/series/PAYEMS,2026-06-22,final,2026-06-22 16:46:29,2026-06-22
US.US_NONFARM_PAYROLLS_M.FRED,US,US,USA,美国,United States,US_NONFARM_PAYROLLS_M,美国非农就业人数,U.S. Nonfarm Payrolls,2022-01,M,thousands of persons,SA,level,150006.0,FRED,Federal Reserve Economic Data,PAYEMS,U.S. Nonfarm Payrolls,https://fred.stlouisfed.org/series/PAYEMS,2026-06-22,final,2026-06-22 16:46:29,2026-06-22
US.US_NONFARM_PAYROLLS_M.FRED,US,US,USA,美国,United States,US_NONFARM_PAYROLLS_M,美国非农就业人数,U.S. Nonfarm Payrolls,2022-02,M,thousands of persons,SA,level,150825.0,FRED,Federal Reserve Economic Data,PAYEMS,U.S. Nonfarm Payrolls,https://fred.stlouisfed.org/series/PAYEMS,2026-06-22,final,2026-06-22 16:46:29,2026-06-22
US.US_NONFARM_PAYROLLS_M.FRED,US,US,USA,美国,United States,US_NONFARM_PAYROLLS_M,美国非农就业人数,U.S. Nonfarm Payrolls,2022-03,M,thousands of persons,SA,level,151315.0,FRED,Federal Reserve Economic Data,PAYEMS,U.S. Nonfarm Payrolls,https://fred.stlouisfed.org/series/PAYEMS,2026-06-22,final,2026-06-22 16:46:29,2026-06-22
US.US_NONFARM_PAYROLLS_M.FRED,US,US,USA,美国,United States,US_NONFARM_PAYROLLS_M,美国非农就业人数,U.S. Nonfarm Payrolls,2022-04,M,thousands of persons,SA,level,151623.0,FRED,Federal Reserve Economic Data,PAYEMS,U.S. Nonfarm Payrolls,https://fred.stlouisfed.org/series/PAYEMS,2026-06-22,final,2026-06-22 16:46:29,2026-06-22
US.US_NONFARM_PAYROLLS_M.FRED,US,US,USA,美国,United States,US_NONFARM_PAYROLLS_M,美国非农就业人数,U.S. Nonfarm Payrolls,2022-05,M,thousands of persons,SA,level,151924.0,FRED,Federal Reserve Economic Data,PAYEMS,U.S. Nonfarm Payrolls,https://fred.stlouisfed.org/series/PAYEMS,2026-06-22,final,2026-06-22 16:46:29,2026-06-22
US.US_NONFARM_PAYROLLS_M.FRED,US,US,USA,美国,United States,US_NONFARM_PAYROLLS_M,美国非农就业人数,U.S. Nonfarm Payrolls,2022-06,M,thousands of persons,SA,level,152358.0,FRED,Federal Reserve Economic Data,PAYEMS,U.S. Nonfarm Payrolls,https://fred.stlouisfed.org/series/PAYEMS,2026-06-22,final,2026-06-22 16:46:29,2026-06-22
US.US_NONFARM_PAYROLLS_M.FRED,US,US,USA,美国,United States,US_NONFARM_PAYROLLS_M,美国非农就业人数,U.S. Nonfarm Payrolls,2022-07,M,thousands of persons,SA,level,153072.0,FRED,Federal Reserve Economic Data,PAYEMS,U.S. Nonfarm Payrolls,https://fred.stlouisfed.org/series/PAYEMS,2026-06-22,final,2026-06-22 16:46:29,2026-06-22
US.US_NONFARM_PAYROLLS_M.FRED,US,US,USA,美国,United States,US_NONFARM_PAYROLLS_M,美国非农就业人数,U.S. Nonfarm Payrolls,2022-08,M,thousands of persons,SA,level,153362.0,FRED,Federal Reserve Economic Data,PAYEMS,U.S. Nonfarm Payrolls,https://fred.stlouisfed.org/series/PAYEMS,2026-06-22,final,2026-06-22 16:46:29,2026-06-22
US.US_NONFARM_PAYROLLS_M.FRED,US,US,USA,美国,United States,US_NONFARM_PAYROLLS_M,美国非农就业人数,U.S. Nonfarm Payrolls,2022-09,M,thousands of persons,SA,level,153582.0,FRED,Federal Reserve Economic Data,PAYEMS,U.S. Nonfarm Payrolls,https://fred.stlouisfed.org/series/PAYEMS,2026-06-22,final,2026-06-22 16:46:29,2026-06-22
US.US_NONFARM_PAYROLLS_M.FRED,US,US,USA,美国,United States,US_NONFARM_PAYROLLS_M,美国非农就业人数,U.S. Nonfarm Payrolls,2022-10,M,thousands of persons,SA,level,153939.0,FRED,Federal Reserve Economic Data,PAYEMS,U.S. Nonfarm Payrolls,https://fred.stlouisfed.org/series/PAYEMS,2026-06-22,final,2026-06-22 16:46:29,2026-06-22
US.US_NONFARM_PAYROLLS_M.FRED,US,US,USA,美国,United States,US_NONFARM_PAYROLLS_M,美国非农就业人数,U.S. Nonfarm Payrolls,2022-11,M,thousands of persons,SA,level,154242.0,FRED,Federal Reserve Economic Data,PAYEMS,U.S. Nonfarm Payrolls,https://fred.stlouisfed.org/series/PAYEMS,2026-06-22,final,2026-06-22 16:46:29,2026-06-22
US.US_NONFARM_PAYROLLS_M.FRED,US,US,USA,美国,United States,US_NONFARM_PAYROLLS_M,美国非农就业人数,U.S. Nonfarm Payrolls,2022-12,M,thousands of persons,SA,level,154342.0,FRED,Federal Reserve Economic Data,PAYEMS,U.S. Nonfarm Payrolls,https://fred.stlouisfed.org/series/PAYEMS,2026-06-22,final,2026-06-22 16:46:29,2026-06-22
US.US_NONFARM_PAYROLLS_M.FRED,US,US,USA,美国,United States,US_NONFARM_PAYROLLS_M,美国非农就业人数,U.S. Nonfarm Payrolls,2023-01,M,thousands of persons,SA,level,154776.0,FRED,Federal Reserve Economic Data,PAYEMS,U.S. Nonfarm Payrolls,https://fred.stlouisfed.org/series/PAYEMS,2026-06-22,final,2026-06-22 16:46:29,2026-06-22
US.US_NONFARM_PAYROLLS_M.FRED,US,US,USA,美国,United States,US_NONFARM_PAYROLLS_M,美国非农就业人数,U.S. Nonfarm Payrolls,2023-02,M,thousands of persons,SA,level,155066.0,FRED,Federal Reserve Economic Data,PAYEMS,U.S. Nonfarm Payrolls,https://fred.stlouisfed.org/series/PAYEMS,2026-06-22,final,2026-06-22 16:46:29,2026-06-22
US.US_NONFARM_PAYROLLS_M.FRED,US,US,USA,美国,United States,US_NONFARM_PAYROLLS_M,美国非农就业人数,U.S. Nonfarm Payrolls,2023-03,M,thousands of persons,SA,level,155134.0,FRED,Federal Reserve Economic Data,PAYEMS,U.S. Nonfarm Payrolls,https://fred.stlouisfed.org/series/PAYEMS,2026-06-22,final,2026-06-22 16:46:29,2026-06-22
US.US_NONFARM_PAYROLLS_M.FRED,US,US,USA,美国,United States,US_NONFARM_PAYROLLS_M,美国非农就业人数,U.S. Nonfarm Payrolls,2023-04,M,thousands of persons,SA,level,155375.0,FRED,Federal Reserve Economic Data,PAYEMS,U.S. Nonfarm Payrolls,https://fred.stlouisfed.org/series/PAYEMS,2026-06-22,final,2026-06-22 16:46:29,2026-06-22
US.US_NONFARM_PAYROLLS_M.FRED,US,US,USA,美国,United States,US_NONFARM_PAYROLLS_M,美国非农就业人数,U.S. Nonfarm Payrolls,2023-05,M,thousands of persons,SA,level,155655.0,FRED,Federal Reserve Economic Data,PAYEMS,U.S. Nonfarm Payrolls,https://fred.stlouisfed.org/series/PAYEMS,2026-06-22,final,2026-06-22 16:46:29,2026-06-22
US.US_NONFARM_PAYROLLS_M.FRED,US,US,USA,美国,United States,US_NONFARM_PAYROLLS_M,美国非农就业人数,U.S. Nonfarm Payrolls,2023-06,M,thousands of persons,SA,level,155880.0,FRED,Federal Reserve Economic Data,PAYEMS,U.S. Nonfarm Payrolls,https://fred.stlouisfed.org/series/PAYEMS,2026-06-22,final,2026-06-22 16:46:29,2026-06-22
US.US_NONFARM_PAYROLLS_M.FRED,US,US,USA,美国,United States,US_NONFARM_PAYROLLS_M,美国非农就业人数,U.S. Nonfarm Payrolls,2023-07,M,thousands of persons,SA,level,156043.0,FRED,Federal Reserve Economic Data,PAYEMS,U.S. Nonfarm Payrolls,https://fred.stlouisfed.org/series/PAYEMS,2026-06-22,final,2026-06-22 16:46:29,2026-06-22
US.US_NONFARM_PAYROLLS_M.FRED,US,US,USA,美国,United States,US_NONFARM_PAYROLLS_M,美国非农就业人数,U.S. Nonfarm Payrolls,2023-08,M,thousands of persons,SA,level,156261.0,FRED,Federal Reserve Economic Data,PAYEMS,U.S. Nonfarm Payrolls,https://fred.stlouisfed.org/series/PAYEMS,2026-06-22,final,2026-06-22 16:46:29,2026-06-22
US.US_NONFARM_PAYROLLS_M.FRED,US,US,USA,美国,United States,US_NONFARM_PAYROLLS_M,美国非农就业人数,U.S. Nonfarm Payrolls,2023-09,M,thousands of persons,SA,level,156417.0,FRED,Federal Reserve Economic Data,PAYEMS,U.S. Nonfarm Payrolls,https://fred.stlouisfed.org/series/PAYEMS,2026-06-22,final,2026-06-22 16:46:29,2026-06-22
US.US_NONFARM_PAYROLLS_M.FRED,US,US,USA,美国,United States,US_NONFARM_PAYROLLS_M,美国非农就业人数,U.S. Nonfarm Payrolls,2023-10,M,thousands of persons,SA,level,156576.0,FRED,Federal Reserve Economic Data,PAYEMS,U.S. Nonfarm Payrolls,https://fred.stlouisfed.org/series/PAYEMS,2026-06-22,final,2026-06-22 16:46:29,2026-06-22
US.US_NONFARM_PAYROLLS_M.FRED,US,US,USA,美国,United States,US_NONFARM_PAYROLLS_M,美国非农就业人数,U.S. Nonfarm Payrolls,2023-11,M,thousands of persons,SA,level,156703.0,FRED,Federal Reserve Economic Data,PAYEMS,U.S. Nonfarm Payrolls,https://fred.stlouisfed.org/series/PAYEMS,2026-06-22,final,2026-06-22 16:46:29,2026-06-22
US.US_NONFARM_PAYROLLS_M.FRED,US,US,USA,美国,United States,US_NONFARM_PAYROLLS_M,美国非农就业人数,U.S. Nonfarm Payrolls,2023-12,M,thousands of persons,SA,level,156857.0,FRED,Federal Reserve Economic Data,PAYEMS,U.S. Nonfarm Payrolls,https://fred.stlouisfed.org/series/PAYEMS,2026-06-22,final,2026-06-22 16:46:29,2026-06-22
US.US_NONFARM_PAYROLLS_M.FRED,US,US,USA,美国,United States,US_NONFARM_PAYROLLS_M,美国非农就业人数,U.S. Nonfarm Payrolls,2024-01,M,thousands of persons,SA,level,157032.0,FRED,Federal Reserve Economic Data,PAYEMS,U.S. Nonfarm Payrolls,https://fred.stlouisfed.org/series/PAYEMS,2026-06-22,final,2026-06-22 16:46:29,2026-06-22
US.US_NONFARM_PAYROLLS_M.FRED,US,US,USA,美国,United States,US_NONFARM_PAYROLLS_M,美国非农就业人数,U.S. Nonfarm Payrolls,2024-02,M,thousands of persons,SA,level,157238.0,FRED,Federal Reserve Economic Data,PAYEMS,U.S. Nonfarm Payrolls,https://fred.stlouisfed.org/series/PAYEMS,2026-06-22,final,2026-06-22 16:46:29,2026-06-22
US.US_NONFARM_PAYROLLS_M.FRED,US,US,USA,美国,United States,US_NONFARM_PAYROLLS_M,美国非农就业人数,U.S. Nonfarm Payrolls,2024-03,M,thousands of persons,SA,level,157466.0,FRED,Federal Reserve Economic Data,PAYEMS,U.S. Nonfarm Payrolls,https://fred.stlouisfed.org/series/PAYEMS,2026-06-22,final,2026-06-22 16:46:29,2026-06-22
US.US_NONFARM_PAYROLLS_M.FRED,US,US,USA,美国,United States,US_NONFARM_PAYROLLS_M,美国非农就业人数,U.S. Nonfarm Payrolls,2024-04,M,thousands of persons,SA,level,157530.0,FRED,Federal Reserve Economic Data,PAYEMS,U.S. Nonfarm Payrolls,https://fred.stlouisfed.org/series/PAYEMS,2026-06-22,final,2026-06-22 16:46:29,2026-06-22
US.US_NONFARM_PAYROLLS_M.FRED,US,US,USA,美国,United States,US_NONFARM_PAYROLLS_M,美国非农就业人数,U.S. Nonfarm Payrolls,2024-05,M,thousands of persons,SA,level,157608.0,FRED,Federal Reserve Economic Data,PAYEMS,U.S. Nonfarm Payrolls,https://fred.stlouisfed.org/series/PAYEMS,2026-06-22,final,2026-06-22 16:46:29,2026-06-22
US.US_NONFARM_PAYROLLS_M.FRED,US,US,USA,美国,United States,US_NONFARM_PAYROLLS_M,美国非农就业人数,U.S. Nonfarm Payrolls,2024-06,M,thousands of persons,SA,level,157695.0,FRED,Federal Reserve Economic Data,PAYEMS,U.S. Nonfarm Payrolls,https://fred.stlouisfed.org/series/PAYEMS,2026-06-22,final,2026-06-22 16:46:29,2026-06-22
US.US_NONFARM_PAYROLLS_M.FRED,US,US,USA,美国,United States,US_NONFARM_PAYROLLS_M,美国非农就业人数,U.S. Nonfarm Payrolls,2024-07,M,thousands of persons,SA,level,157748.0,FRED,Federal Reserve Economic Data,PAYEMS,U.S. Nonfarm Payrolls,https://fred.stlouisfed.org/series/PAYEMS,2026-06-22,final,2026-06-22 16:46:29,2026-06-22
US.US_NONFARM_PAYROLLS_M.FRED,US,US,USA,美国,United States,US_NONFARM_PAYROLLS_M,美国非农就业人数,U.S. Nonfarm Payrolls,2024-08,M,thousands of persons,SA,level,157757.0,FRED,Federal Reserve Economic Data,PAYEMS,U.S. Nonfarm Payrolls,https://fred.stlouisfed.org/series/PAYEMS,2026-06-22,final,2026-06-22 16:46:29,2026-06-22
US.US_NONFARM_PAYROLLS_M.FRED,US,US,USA,美国,United States,US_NONFARM_PAYROLLS_M,美国非农就业人数,U.S. Nonfarm Payrolls,2024-09,M,thousands of persons,SA,level,157912.0,FRED,Federal Reserve Economic Data,PAYEMS,U.S. Nonfarm Payrolls,https://fred.stlouisfed.org/series/PAYEMS,2026-06-22,final,2026-06-22 16:46:29,2026-06-22
US.US_NONFARM_PAYROLLS_M.FRED,US,US,USA,美国,United States,US_NONFARM_PAYROLLS_M,美国非农就业人数,U.S. Nonfarm Payrolls,2024-10,M,thousands of persons,SA,level,157945.0,FRED,Federal Reserve Economic Data,PAYEMS,U.S. Nonfarm Payrolls,https://fred.stlouisfed.org/series/PAYEMS,2026-06-22,final,2026-06-22 16:46:29,2026-06-22
US.US_NONFARM_PAYROLLS_M.FRED,US,US,USA,美国,United States,US_NONFARM_PAYROLLS_M,美国非农就业人数,U.S. Nonfarm Payrolls,2024-11,M,thousands of persons,SA,level,158079.0,FRED,Federal Reserve Economic Data,PAYEMS,U.S. Nonfarm Payrolls,https://fred.stlouisfed.org/series/PAYEMS,2026-06-22,final,2026-06-22 16:46:29,2026-06-22
US.US_NONFARM_PAYROLLS_M.FRED,US,US,USA,美国,United States,US_NONFARM_PAYROLLS_M,美国非农就业人数,U.S. Nonfarm Payrolls,2024-12,M,thousands of persons,SA,level,158316.0,FRED,Federal Reserve Economic Data,PAYEMS,U.S. Nonfarm Payrolls,https://fred.stlouisfed.org/series/PAYEMS,2026-06-22,final,2026-06-22 16:46:29,2026-06-22
US.US_NONFARM_PAYROLLS_M.FRED,US,US,USA,美国,United States,US_NONFARM_PAYROLLS_M,美国非农就业人数,U.S. Nonfarm Payrolls,2025-01,M,thousands of persons,SA,level,158268.0,FRED,Federal Reserve Economic Data,PAYEMS,U.S. Nonfarm Payrolls,https://fred.stlouisfed.org/series/PAYEMS,2026-06-22,final,2026-06-22 16:46:29,2026-06-22
US.US_NONFARM_PAYROLLS_M.FRED,US,US,USA,美国,United States,US_NONFARM_PAYROLLS_M,美国非农就业人数,U.S. Nonfarm Payrolls,2025-02,M,thousands of persons,SA,level,158310.0,FRED,Federal Reserve Economic Data,PAYEMS,U.S. Nonfarm Payrolls,https://fred.stlouisfed.org/series/PAYEMS,2026-06-22,final,2026-06-22 16:46:29,2026-06-22
US.US_NONFARM_PAYROLLS_M.FRED,US,US,USA,美国,United States,US_NONFARM_PAYROLLS_M,美国非农就业人数,U.S. Nonfarm Payrolls,2025-03,M,thousands of persons,SA,level,158377.0,FRED,Federal Reserve Economic Data,PAYEMS,U.S. Nonfarm Payrolls,https://fred.stlouisfed.org/series/PAYEMS,2026-06-22,final,2026-06-22 16:46:29,2026-06-22
US.US_NONFARM_PAYROLLS_M.FRED,US,US,USA,美国,United States,US_NONFARM_PAYROLLS_M,美国非农就业人数,U.S. Nonfarm Payrolls,2025-04,M,thousands of persons,SA,level,158485.0,FRED,Federal Reserve Economic Data,PAYEMS,U.S. Nonfarm Payrolls,https://fred.stlouisfed.org/series/PAYEMS,2026-06-22,final,2026-06-22 16:46:29,2026-06-22
US.US_NONFARM_PAYROLLS_M.FRED,US,US,USA,美国,United States,US_NONFARM_PAYROLLS_M,美国非农就业人数,U.S. Nonfarm Payrolls,2025-05,M,thousands of persons,SA,level,158498.0,FRED,Federal Reserve Economic Data,PAYEMS,U.S. Nonfarm Payrolls,https://fred.stlouisfed.org/series/PAYEMS,2026-06-22,final,2026-06-22 16:46:29,2026-06-22
US.US_NONFARM_PAYROLLS_M.FRED,US,US,USA,美国,United States,US_NONFARM_PAYROLLS_M,美国非农就业人数,U.S. Nonfarm Payrolls,2025-06,M,thousands of persons,SA,level,158478.0,FRED,Federal Reserve Economic Data,PAYEMS,U.S. Nonfarm Payrolls,https://fred.stlouisfed.org/series/PAYEMS,2026-06-22,final,2026-06-22 16:46:29,2026-06-22
US.US_NONFARM_PAYROLLS_M.FRED,US,US,USA,美国,United States,US_NONFARM_PAYROLLS_M,美国非农就业人数,U.S. Nonfarm Payrolls,2025-07,M,thousands of persons,SA,level,158542.0,FRED,Federal Reserve Economic Data,PAYEMS,U.S. Nonfarm Payrolls,https://fred.stlouisfed.org/series/PAYEMS,2026-06-22,final,2026-06-22 16:46:29,2026-06-22
US.US_NONFARM_PAYROLLS_M.FRED,US,US,USA,美国,United States,US_NONFARM_PAYROLLS_M,美国非农就业人数,U.S. Nonfarm Payrolls,2025-08,M,thousands of persons,SA,level,158472.0,FRED,Federal Reserve Economic Data,PAYEMS,U.S. Nonfarm Payrolls,https://fred.stlouisfed.org/series/PAYEMS,2026-06-22,final,2026-06-22 16:46:29,2026-06-22
US.US_NONFARM_PAYROLLS_M.FRED,US,US,USA,美国,United States,US_NONFARM_PAYROLLS_M,美国非农就业人数,U.S. Nonfarm Payrolls,2025-09,M,thousands of persons,SA,level,158548.0,FRED,Federal Reserve Economic Data,PAYEMS,U.S. Nonfarm Payrolls,https://fred.stlouisfed.org/series/PAYEMS,2026-06-22,final,2026-06-22 16:46:29,2026-06-22
US.US_NONFARM_PAYROLLS_M.FRED,US,US,USA,美国,United States,US_NONFARM_PAYROLLS_M,美国非农就业人数,U.S. Nonfarm Payrolls,2025-10,M,thousands of persons,SA,level,158408.0,FRED,Federal Reserve Economic Data,PAYEMS,U.S. Nonfarm Payrolls,https://fred.stlouisfed.org/series/PAYEMS,2026-06-22,final,2026-06-22 16:46:29,2026-06-22
US.US_NONFARM_PAYROLLS_M.FRED,US,US,USA,美国,United States,US_NONFARM_PAYROLLS_M,美国非农就业人数,U.S. Nonfarm Payrolls,2025-11,M,thousands of persons,SA,level,158449.0,FRED,Federal Reserve Economic Data,PAYEMS,U.S. Nonfarm Payrolls,https://fred.stlouisfed.org/series/PAYEMS,2026-06-22,final,2026-06-22 16:46:29,2026-06-22
US.US_NONFARM_PAYROLLS_M.FRED,US,US,USA,美国,United States,US_NONFARM_PAYROLLS_M,美国非农就业人数,U.S. Nonfarm Payrolls,2025-12,M,thousands of persons,SA,level,158432.0,FRED,Federal Reserve Economic Data,PAYEMS,U.S. Nonfarm Payrolls,https://fred.stlouisfed.org/series/PAYEMS,2026-06-22,final,2026-06-22 16:46:29,2026-06-22
US.US_NONFARM_PAYROLLS_M.FRED,US,US,USA,美国,United States,US_NONFARM_PAYROLLS_M,美国非农就业人数,U.S. Nonfarm Payrolls,2026-01,M,thousands of persons,SA,level,158592.0,FRED,Federal Reserve Economic Data,PAYEMS,U.S. Nonfarm Payrolls,https://fred.stlouisfed.org/series/PAYEMS,2026-06-22,final,2026-06-22 16:46:29,2026-06-22
US.US_NONFARM_PAYROLLS_M.FRED,US,US,USA,美国,United States,US_NONFARM_PAYROLLS_M,美国非农就业人数,U.S. Nonfarm Payrolls,2026-02,M,thousands of persons,SA,level,158436.0,FRED,Federal Reserve Economic Data,PAYEMS,U.S. Nonfarm Payrolls,https://fred.stlouisfed.org/series/PAYEMS,2026-06-22,final,2026-06-22 16:46:29,2026-06-22
US.US_NONFARM_PAYROLLS_M.FRED,US,US,USA,美国,United States,US_NONFARM_PAYROLLS_M,美国非农就业人数,U.S. Nonfarm Payrolls,2026-03,M,thousands of persons,SA,level,158650.0,FRED,Federal Reserve Economic Data,PAYEMS,U.S. Nonfarm Payrolls,https://fred.stlouisfed.org/series/PAYEMS,2026-06-22,final,2026-06-22 16:46:29,2026-06-22
US.US_NONFARM_PAYROLLS_M.FRED,US,US,USA,美国,United States,US_NONFARM_PAYROLLS_M,美国非农就业人数,U.S. Nonfarm Payrolls,2026-04,M,thousands of persons,SA,level,158829.0,FRED,Federal Reserve Economic Data,PAYEMS,U.S. Nonfarm Payrolls,https://fred.stlouisfed.org/series/PAYEMS,2026-06-22,final,2026-06-22 16:46:29,2026-06-22
US.US_NONFARM_PAYROLLS_M.FRED,US,US,USA,美国,United States,US_NONFARM_PAYROLLS_M,美国非农就业人数,U.S. Nonfarm Payrolls,2026-05,M,thousands of persons,SA,level,159001.0,FRED,Federal Reserve Economic Data,PAYEMS,U.S. Nonfarm Payrolls,https://fred.stlouisfed.org/series/PAYEMS,2026-06-22,final,2026-06-22 16:46:29,2026-06-22
US.US_M2_MONEY_STOCK_M.FRED,US,US,USA,美国,United States,US_M2_MONEY_STOCK_M,美国M2货币存量,U.S. M2 Money Stock,2015-01,M,billions of dollars,SA,level,11805.2,FRED,Federal Reserve Economic Data,M2SL,U.S. M2 Money Stock,https://fred.stlouisfed.org/series/M2SL,2026-06-22,final,2026-06-22 16:46:29,2026-06-22
US.US_M2_MONEY_STOCK_M.FRED,US,US,USA,美国,United States,US_M2_MONEY_STOCK_M,美国M2货币存量,U.S. M2 Money Stock,2015-02,M,billions of dollars,SA,level,11922.8,FRED,Federal Reserve Economic Data,M2SL,U.S. M2 Money Stock,https://fred.stlouisfed.org/series/M2SL,2026-06-22,final,2026-06-22 16:46:29,2026-06-22
US.US_M2_MONEY_STOCK_M.FRED,US,US,USA,美国,United States,US_M2_MONEY_STOCK_M,美国M2货币存量,U.S. M2 Money Stock,2015-03,M,billions of dollars,SA,level,11920.5,FRED,Federal Reserve Economic Data,M2SL,U.S. M2 Money Stock,https://fred.stlouisfed.org/series/M2SL,2026-06-22,final,2026-06-22 16:46:29,2026-06-22
US.US_M2_MONEY_STOCK_M.FRED,US,US,USA,美国,United States,US_M2_MONEY_STOCK_M,美国M2货币存量,U.S. M2 Money Stock,2015-04,M,billions of dollars,SA,level,11954.6,FRED,Federal Reserve Economic Data,M2SL,U.S. M2 Money Stock,https://fred.stlouisfed.org/series/M2SL,2026-06-22,final,2026-06-22 16:46:29,2026-06-22
US.US_M2_MONEY_STOCK_M.FRED,US,US,USA,美国,United States,US_M2_MONEY_STOCK_M,美国M2货币存量,U.S. M2 Money Stock,2015-05,M,billions of dollars,SA,level,11982.6,FRED,Federal Reserve Economic Data,M2SL,U.S. M2 Money Stock,https://fred.stlouisfed.org/series/M2SL,2026-06-22,final,2026-06-22 16:46:29,2026-06-22
US.US_M2_MONEY_STOCK_M.FRED,US,US,USA,美国,United States,US_M2_MONEY_STOCK_M,美国M2货币存量,U.S. M2 Money Stock,2015-06,M,billions of dollars,SA,level,12023.2,FRED,Federal Reserve Economic Data,M2SL,U.S. M2 Money Stock,https://fred.stlouisfed.org/series/M2SL,2026-06-22,final,2026-06-22 16:46:29,2026-06-22
US.US_M2_MONEY_STOCK_M.FRED,US,US,USA,美国,United States,US_M2_MONEY_STOCK_M,美国M2货币存量,U.S. M2 Money Stock,2015-07,M,billions of dollars,SA,level,12067.0,FRED,Federal Reserve Economic Data,M2SL,U.S. M2 Money Stock,https://fred.stlouisfed.org/series/M2SL,2026-06-22,final,2026-06-22 16:46:29,2026-06-22
US.US_M2_MONEY_STOCK_M.FRED,US,US,USA,美国,United States,US_M2_MONEY_STOCK_M,美国M2货币存量,U.S. M2 Money Stock,2015-08,M,billions of dollars,SA,level,12112.0,FRED,Federal Reserve Economic Data,M2SL,U.S. M2 Money Stock,https://fred.stlouisfed.org/series/M2SL,2026-06-22,final,2026-06-22 16:46:29,2026-06-22
US.US_M2_MONEY_STOCK_M.FRED,US,US,USA,美国,United States,US_M2_MONEY_STOCK_M,美国M2货币存量,U.S. M2 Money Stock,2015-09,M,billions of dollars,SA,level,12173.9,FRED,Federal Reserve Economic Data,M2SL,U.S. M2 Money Stock,https://fred.stlouisfed.org/series/M2SL,2026-06-22,final,2026-06-22 16:46:29,2026-06-22
US.US_M2_MONEY_STOCK_M.FRED,US,US,USA,美国,United States,US_M2_MONEY_STOCK_M,美国M2货币存量,U.S. M2 Money Stock,2015-10,M,billions of dollars,SA,level,12225.2,FRED,Federal Reserve Economic Data,M2SL,U.S. M2 Money Stock,https://fred.stlouisfed.org/series/M2SL,2026-06-22,final,2026-06-22 16:46:29,2026-06-22
US.US_M2_MONEY_STOCK_M.FRED,US,US,USA,美国,United States,US_M2_MONEY_STOCK_M,美国M2货币存量,U.S. M2 Money Stock,2015-11,M,billions of dollars,SA,level,12317.0,FRED,Federal Reserve Economic Data,M2SL,U.S. M2 Money Stock,https://fred.stlouisfed.org/series/M2SL,2026-06-22,final,2026-06-22 16:46:29,2026-06-22
US.US_M2_MONEY_STOCK_M.FRED,US,US,USA,美国,United States,US_M2_MONEY_STOCK_M,美国M2货币存量,U.S. M2 Money Stock,2015-12,M,billions of dollars,SA,level,12387.9,FRED,Federal Reserve Economic Data,M2SL,U.S. M2 Money Stock,https://fred.stlouisfed.org/series/M2SL,2026-06-22,final,2026-06-22 16:46:29,2026-06-22
US.US_M2_MONEY_STOCK_M.FRED,US,US,USA,美国,United States,US_M2_MONEY_STOCK_M,美国M2货币存量,U.S. M2 Money Stock,2016-01,M,billions of dollars,SA,level,12518.5,FRED,Federal Reserve Economic Data,M2SL,U.S. M2 Money Stock,https://fred.stlouisfed.org/series/M2SL,2026-06-22,final,2026-06-22 16:46:29,2026-06-22
US.US_M2_MONEY_STOCK_M.FRED,US,US,USA,美国,United States,US_M2_MONEY_STOCK_M,美国M2货币存量,U.S. M2 Money Stock,2016-02,M,billions of dollars,SA,level,12603.9,FRED,Federal Reserve Economic Data,M2SL,U.S. M2 Money Stock,https://fred.stlouisfed.org/series/M2SL,2026-06-22,final,2026-06-22 16:46:29,2026-06-22
US.US_M2_MONEY_STOCK_M.FRED,US,US,USA,美国,United States,US_M2_MONEY_STOCK_M,美国M2货币存量,U.S. M2 Money Stock,2016-03,M,billions of dollars,SA,level,12661.8,FRED,Federal Reserve Economic Data,M2SL,U.S. M2 Money Stock,https://fred.stlouisfed.org/series/M2SL,2026-06-22,final,2026-06-22 16:46:29,2026-06-22
US.US_M2_MONEY_STOCK_M.FRED,US,US,USA,美国,United States,US_M2_MONEY_STOCK_M,美国M2货币存量,U.S. M2 Money Stock,2016-04,M,billions of dollars,SA,level,12743.2,FRED,Federal Reserve Economic Data,M2SL,U.S. M2 Money Stock,https://fred.stlouisfed.org/series/M2SL,2026-06-22,final,2026-06-22 16:46:29,2026-06-22
US.US_M2_MONEY_STOCK_M.FRED,US,US,USA,美国,United States,US_M2_MONEY_STOCK_M,美国M2货币存量,U.S. M2 Money Stock,2016-05,M,billions of dollars,SA,level,12802.0,FRED,Federal Reserve Economic Data,M2SL,U.S. M2 Money Stock,https://fred.stlouisfed.org/series/M2SL,2026-06-22,final,2026-06-22 16:46:29,2026-06-22
US.US_M2_MONEY_STOCK_M.FRED,US,US,USA,美国,United States,US_M2_MONEY_STOCK_M,美国M2货币存量,U.S. M2 Money Stock,2016-06,M,billions of dollars,SA,level,12852.5,FRED,Federal Reserve Economic Data,M2SL,U.S. M2 Money Stock,https://fred.stlouisfed.org/series/M2SL,2026-06-22,final,2026-06-22 16:46:29,2026-06-22
US.US_M2_MONEY_STOCK_M.FRED,US,US,USA,美国,United States,US_M2_MONEY_STOCK_M,美国M2货币存量,U.S. M2 Money Stock,2016-07,M,billions of dollars,SA,level,12911.9,FRED,Federal Reserve Economic Data,M2SL,U.S. M2 Money Stock,https://fred.stlouisfed.org/series/M2SL,2026-06-22,final,2026-06-22 16:46:29,2026-06-22
US.US_M2_MONEY_STOCK_M.FRED,US,US,USA,美国,United States,US_M2_MONEY_STOCK_M,美国M2货币存量,U.S. M2 Money Stock,2016-08,M,billions of dollars,SA,level,12989.7,FRED,Federal Reserve Economic Data,M2SL,U.S. M2 Money Stock,https://fred.stlouisfed.org/series/M2SL,2026-06-22,final,2026-06-22 16:46:29,2026-06-22
US.US_M2_MONEY_STOCK_M.FRED,US,US,USA,美国,United States,US_M2_MONEY_STOCK_M,美国M2货币存量,U.S. M2 Money Stock,2016-09,M,billions of dollars,SA,level,13054.9,FRED,Federal Reserve Economic Data,M2SL,U.S. M2 Money Stock,https://fred.stlouisfed.org/series/M2SL,2026-06-22,final,2026-06-22 16:46:29,2026-06-22
US.US_M2_MONEY_STOCK_M.FRED,US,US,USA,美国,United States,US_M2_MONEY_STOCK_M,美国M2货币存量,U.S. M2 Money Stock,2016-10,M,billions of dollars,SA,level,13122.8,FRED,Federal Reserve Economic Data,M2SL,U.S. M2 Money Stock,https://fred.stlouisfed.org/series/M2SL,2026-06-22,final,2026-06-22 16:46:29,2026-06-22
US.US_M2_MONEY_STOCK_M.FRED,US,US,USA,美国,United States,US_M2_MONEY_STOCK_M,美国M2货币存量,U.S. M2 Money Stock,2016-11,M,billions of dollars,SA,level,13208.7,FRED,Federal Reserve Economic Data,M2SL,U.S. M2 Money Stock,https://fred.stlouisfed.org/series/M2SL,2026-06-22,final,2026-06-22 16:46:29,2026-06-22
US.US_M2_MONEY_STOCK_M.FRED,US,US,USA,美国,United States,US_M2_MONEY_STOCK_M,美国M2货币存量,U.S. M2 Money Stock,2016-12,M,billions of dollars,SA,level,13234.9,FRED,Federal Reserve Economic Data,M2SL,U.S. M2 Money Stock,https://fred.stlouisfed.org/series/M2SL,2026-06-22,final,2026-06-22 16:46:29,2026-06-22
US.US_M2_MONEY_STOCK_M.FRED,US,US,USA,美国,United States,US_M2_MONEY_STOCK_M,美国M2货币存量,U.S. M2 Money Stock,2017-01,M,billions of dollars,SA,level,13315.7,FRED,Federal Reserve Economic Data,M2SL,U.S. M2 Money Stock,https://fred.stlouisfed.org/series/M2SL,2026-06-22,final,2026-06-22 16:46:29,2026-06-22
US.US_M2_MONEY_STOCK_M.FRED,US,US,USA,美国,United States,US_M2_MONEY_STOCK_M,美国M2货币存量,U.S. M2 Money Stock,2017-02,M,billions of dollars,SA,level,13394.8,FRED,Federal Reserve Economic Data,M2SL,U.S. M2 Money Stock,https://fred.stlouisfed.org/series/M2SL,2026-06-22,final,2026-06-22 16:46:29,2026-06-22
US.US_M2_MONEY_STOCK_M.FRED,US,US,USA,美国,United States,US_M2_MONEY_STOCK_M,美国M2货币存量,U.S. M2 Money Stock,2017-03,M,billions of dollars,SA,level,13463.6,FRED,Federal Reserve Economic Data,M2SL,U.S. M2 Money Stock,https://fred.stlouisfed.org/series/M2SL,2026-06-22,final,2026-06-22 16:46:29,2026-06-22
US.US_M2_MONEY_STOCK_M.FRED,US,US,USA,美国,United States,US_M2_MONEY_STOCK_M,美国M2货币存量,U.S. M2 Money Stock,2017-04,M,billions of dollars,SA,level,13521.7,FRED,Federal Reserve Economic Data,M2SL,U.S. M2 Money Stock,https://fred.stlouisfed.org/series/M2SL,2026-06-22,final,2026-06-22 16:46:29,2026-06-22
US.US_M2_MONEY_STOCK_M.FRED,US,US,USA,美国,United States,US_M2_MONEY_STOCK_M,美国M2货币存量,U.S. M2 Money Stock,2017-05,M,billions of dollars,SA,level,13568.9,FRED,Federal Reserve Economic Data,M2SL,U.S. M2 Money Stock,https://fred.stlouisfed.org/series/M2SL,2026-06-22,final,2026-06-22 16:46:29,2026-06-22
US.US_M2_MONEY_STOCK_M.FRED,US,US,USA,美国,United States,US_M2_MONEY_STOCK_M,美国M2货币存量,U.S. M2 Money Stock,2017-06,M,billions of dollars,SA,level,13580.5,FRED,Federal Reserve Economic Data,M2SL,U.S. M2 Money Stock,https://fred.stlouisfed.org/series/M2SL,2026-06-22,final,2026-06-22 16:46:29,2026-06-22
US.US_M2_MONEY_STOCK_M.FRED,US,US,USA,美国,United States,US_M2_MONEY_STOCK_M,美国M2货币存量,U.S. M2 Money Stock,2017-07,M,billions of dollars,SA,level,13643.1,FRED,Federal Reserve Economic Data,M2SL,U.S. M2 Money Stock,https://fred.stlouisfed.org/series/M2SL,2026-06-22,final,2026-06-22 16:46:29,2026-06-22
US.US_M2_MONEY_STOCK_M.FRED,US,US,USA,美国,United States,US_M2_MONEY_STOCK_M,美国M2货币存量,U.S. M2 Money Stock,2017-08,M,billions of dollars,SA,level,13697.7,FRED,Federal Reserve Economic Data,M2SL,U.S. M2 Money Stock,https://fred.stlouisfed.org/series/M2SL,2026-06-22,final,2026-06-22 16:46:29,2026-06-22
US.US_M2_MONEY_STOCK_M.FRED,US,US,USA,美国,United States,US_M2_MONEY_STOCK_M,美国M2货币存量,U.S. M2 Money Stock,2017-09,M,billions of dollars,SA,level,13745.1,FRED,Federal Reserve Economic Data,M2SL,U.S. M2 Money Stock,https://fred.stlouisfed.org/series/M2SL,2026-06-22,final,2026-06-22 16:46:29,2026-06-22
US.US_M2_MONEY_STOCK_M.FRED,US,US,USA,美国,United States,US_M2_MONEY_STOCK_M,美国M2货币存量,U.S. M2 Money Stock,2017-10,M,billions of dollars,SA,level,13800.1,FRED,Federal Reserve Economic Data,M2SL,U.S. M2 Money Stock,https://fred.stlouisfed.org/series/M2SL,2026-06-22,final,2026-06-22 16:46:29,2026-06-22
US.US_M2_MONEY_STOCK_M.FRED,US,US,USA,美国,United States,US_M2_MONEY_STOCK_M,美国M2货币存量,U.S. M2 Money Stock,2017-11,M,billions of dollars,SA,level,13843.5,FRED,Federal Reserve Economic Data,M2SL,U.S. M2 Money Stock,https://fred.stlouisfed.org/series/M2SL,2026-06-22,final,2026-06-22 16:46:29,2026-06-22
US.US_M2_MONEY_STOCK_M.FRED,US,US,USA,美国,United States,US_M2_MONEY_STOCK_M,美国M2货币存量,U.S. M2 Money Stock,2017-12,M,billions of dollars,SA,level,13881.7,FRED,Federal Reserve Economic Data,M2SL,U.S. M2 Money Stock,https://fred.stlouisfed.org/series/M2SL,2026-06-22,final,2026-06-22 16:46:29,2026-06-22
US.US_M2_MONEY_STOCK_M.FRED,US,US,USA,美国,United States,US_M2_MONEY_STOCK_M,美国M2货币存量,U.S. M2 Money Stock,2018-01,M,billions of dollars,SA,level,13900.3,FRED,Federal Reserve Economic Data,M2SL,U.S. M2 Money Stock,https://fred.stlouisfed.org/series/M2SL,2026-06-22,final,2026-06-22 16:46:29,2026-06-22
US.US_M2_MONEY_STOCK_M.FRED,US,US,USA,美国,United States,US_M2_MONEY_STOCK_M,美国M2货币存量,U.S. M2 Money Stock,2018-02,M,billions of dollars,SA,level,13949.3,FRED,Federal Reserve Economic Data,M2SL,U.S. M2 Money Stock,https://fred.stlouisfed.org/series/M2SL,2026-06-22,final,2026-06-22 16:46:29,2026-06-22
US.US_M2_MONEY_STOCK_M.FRED,US,US,USA,美国,United States,US_M2_MONEY_STOCK_M,美国M2货币存量,U.S. M2 Money Stock,2018-03,M,billions of dollars,SA,level,14012.7,FRED,Federal Reserve Economic Data,M2SL,U.S. M2 Money Stock,https://fred.stlouisfed.org/series/M2SL,2026-06-22,final,2026-06-22 16:46:29,2026-06-22
US.US_M2_MONEY_STOCK_M.FRED,US,US,USA,美国,United States,US_M2_MONEY_STOCK_M,美国M2货币存量,U.S. M2 Money Stock,2018-04,M,billions of dollars,SA,level,14035.9,FRED,Federal Reserve Economic Data,M2SL,U.S. M2 Money Stock,https://fred.stlouisfed.org/series/M2SL,2026-06-22,final,2026-06-22 16:46:29,2026-06-22
US.US_M2_MONEY_STOCK_M.FRED,US,US,USA,美国,United States,US_M2_MONEY_STOCK_M,美国M2货币存量,U.S. M2 Money Stock,2018-05,M,billions of dollars,SA,level,14092.4,FRED,Federal Reserve Economic Data,M2SL,U.S. M2 Money Stock,https://fred.stlouisfed.org/series/M2SL,2026-06-22,final,2026-06-22 16:46:29,2026-06-22
US.US_M2_MONEY_STOCK_M.FRED,US,US,USA,美国,United States,US_M2_MONEY_STOCK_M,美国M2货币存量,U.S. M2 Money Stock,2018-06,M,billions of dollars,SA,level,14137.2,FRED,Federal Reserve Economic Data,M2SL,U.S. M2 Money Stock,https://fred.stlouisfed.org/series/M2SL,2026-06-22,final,2026-06-22 16:46:29,2026-06-22
US.US_M2_MONEY_STOCK_M.FRED,US,US,USA,美国,United States,US_M2_MONEY_STOCK_M,美国M2货币存量,U.S. M2 Money Stock,2018-07,M,billions of dollars,SA,level,14174.6,FRED,Federal Reserve Economic Data,M2SL,U.S. M2 Money Stock,https://fred.stlouisfed.org/series/M2SL,2026-06-22,final,2026-06-22 16:46:29,2026-06-22
US.US_M2_MONEY_STOCK_M.FRED,US,US,USA,美国,United States,US_M2_MONEY_STOCK_M,美国M2货币存量,U.S. M2 Money Stock,2018-08,M,billions of dollars,SA,level,14223.2,FRED,Federal Reserve Economic Data,M2SL,U.S. M2 Money Stock,https://fred.stlouisfed.org/series/M2SL,2026-06-22,final,2026-06-22 16:46:29,2026-06-22
US.US_M2_MONEY_STOCK_M.FRED,US,US,USA,美国,United States,US_M2_MONEY_STOCK_M,美国M2货币存量,U.S. M2 Money Stock,2018-09,M,billions of dollars,SA,level,14245.5,FRED,Federal Reserve Economic Data,M2SL,U.S. M2 Money Stock,https://fred.stlouisfed.org/series/M2SL,2026-06-22,final,2026-06-22 16:46:29,2026-06-22
US.US_M2_MONEY_STOCK_M.FRED,US,US,USA,美国,United States,US_M2_MONEY_STOCK_M,美国M2货币存量,U.S. M2 Money Stock,2018-10,M,billions of dollars,SA,level,14256.6,FRED,Federal Reserve Economic Data,M2SL,U.S. M2 Money Stock,https://fred.stlouisfed.org/series/M2SL,2026-06-22,final,2026-06-22 16:46:29,2026-06-22
US.US_M2_MONEY_STOCK_M.FRED,US,US,USA,美国,United States,US_M2_MONEY_STOCK_M,美国M2货币存量,U.S. M2 Money Stock,2018-11,M,billions of dollars,SA,level,14282.8,FRED,Federal Reserve Economic Data,M2SL,U.S. M2 Money Stock,https://fred.stlouisfed.org/series/M2SL,2026-06-22,final,2026-06-22 16:46:29,2026-06-22
US.US_M2_MONEY_STOCK_M.FRED,US,US,USA,美国,United States,US_M2_MONEY_STOCK_M,美国M2货币存量,U.S. M2 Money Stock,2018-12,M,billions of dollars,SA,level,14386.8,FRED,Federal Reserve Economic Data,M2SL,U.S. M2 Money Stock,https://fred.stlouisfed.org/series/M2SL,2026-06-22,final,2026-06-22 16:46:29,2026-06-22
US.US_M2_MONEY_STOCK_M.FRED,US,US,USA,美国,United States,US_M2_MONEY_STOCK_M,美国M2货币存量,U.S. M2 Money Stock,2019-01,M,billions of dollars,SA,level,14459.7,FRED,Federal Reserve Economic Data,M2SL,U.S. M2 Money Stock,https://fred.stlouisfed.org/series/M2SL,2026-06-22,final,2026-06-22 16:46:29,2026-06-22
US.US_M2_MONEY_STOCK_M.FRED,US,US,USA,美国,United States,US_M2_MONEY_STOCK_M,美国M2货币存量,U.S. M2 Money Stock,2019-02,M,billions of dollars,SA,level,14506.3,FRED,Federal Reserve Economic Data,M2SL,U.S. M2 Money Stock,https://fred.stlouisfed.org/series/M2SL,2026-06-22,final,2026-06-22 16:46:29,2026-06-22
US.US_M2_MONEY_STOCK_M.FRED,US,US,USA,美国,United States,US_M2_MONEY_STOCK_M,美国M2货币存量,U.S. M2 Money Stock,2019-03,M,billions of dollars,SA,level,14557.5,FRED,Federal Reserve Economic Data,M2SL,U.S. M2 Money Stock,https://fred.stlouisfed.org/series/M2SL,2026-06-22,final,2026-06-22 16:46:29,2026-06-22
US.US_M2_MONEY_STOCK_M.FRED,US,US,USA,美国,United States,US_M2_MONEY_STOCK_M,美国M2货币存量,U.S. M2 Money Stock,2019-04,M,billions of dollars,SA,level,14594.7,FRED,Federal Reserve Economic Data,M2SL,U.S. M2 Money Stock,https://fred.stlouisfed.org/series/M2SL,2026-06-22,final,2026-06-22 16:46:29,2026-06-22
US.US_M2_MONEY_STOCK_M.FRED,US,US,USA,美国,United States,US_M2_MONEY_STOCK_M,美国M2货币存量,U.S. M2 Money Stock,2019-05,M,billions of dollars,SA,level,14704.4,FRED,Federal Reserve Economic Data,M2SL,U.S. M2 Money Stock,https://fred.stlouisfed.org/series/M2SL,2026-06-22,final,2026-06-22 16:46:29,2026-06-22
US.US_M2_MONEY_STOCK_M.FRED,US,US,USA,美国,United States,US_M2_MONEY_STOCK_M,美国M2货币存量,U.S. M2 Money Stock,2019-06,M,billions of dollars,SA,level,14802.8,FRED,Federal Reserve Economic Data,M2SL,U.S. M2 Money Stock,https://fred.stlouisfed.org/series/M2SL,2026-06-22,final,2026-06-22 16:46:29,2026-06-22
US.US_M2_MONEY_STOCK_M.FRED,US,US,USA,美国,United States,US_M2_MONEY_STOCK_M,美国M2货币存量,U.S. M2 Money Stock,2019-07,M,billions of dollars,SA,level,14886.8,FRED,Federal Reserve Economic Data,M2SL,U.S. M2 Money Stock,https://fred.stlouisfed.org/series/M2SL,2026-06-22,final,2026-06-22 16:46:29,2026-06-22
US.US_M2_MONEY_STOCK_M.FRED,US,US,USA,美国,United States,US_M2_MONEY_STOCK_M,美国M2货币存量,U.S. M2 Money Stock,2019-08,M,billions of dollars,SA,level,14974.4,FRED,Federal Reserve Economic Data,M2SL,U.S. M2 Money Stock,https://fred.stlouisfed.org/series/M2SL,2026-06-22,final,2026-06-22 16:46:29,2026-06-22
US.US_M2_MONEY_STOCK_M.FRED,US,US,USA,美国,United States,US_M2_MONEY_STOCK_M,美国M2货币存量,U.S. M2 Money Stock,2019-09,M,billions of dollars,SA,level,15047.0,FRED,Federal Reserve Economic Data,M2SL,U.S. M2 Money Stock,https://fred.stlouisfed.org/series/M2SL,2026-06-22,final,2026-06-22 16:46:29,2026-06-22
US.US_M2_MONEY_STOCK_M.FRED,US,US,USA,美国,United States,US_M2_MONEY_STOCK_M,美国M2货币存量,U.S. M2 Money Stock,2019-10,M,billions of dollars,SA,level,15184.1,FRED,Federal Reserve Economic Data,M2SL,U.S. M2 Money Stock,https://fred.stlouisfed.org/series/M2SL,2026-06-22,final,2026-06-22 16:46:29,2026-06-22
US.US_M2_MONEY_STOCK_M.FRED,US,US,USA,美国,United States,US_M2_MONEY_STOCK_M,美国M2货币存量,U.S. M2 Money Stock,2019-11,M,billions of dollars,SA,level,15296.0,FRED,Federal Reserve Economic Data,M2SL,U.S. M2 Money Stock,https://fred.stlouisfed.org/series/M2SL,2026-06-22,final,2026-06-22 16:46:29,2026-06-22
US.US_M2_MONEY_STOCK_M.FRED,US,US,USA,美国,United States,US_M2_MONEY_STOCK_M,美国M2货币存量,U.S. M2 Money Stock,2019-12,M,billions of dollars,SA,level,15347.5,FRED,Federal Reserve Economic Data,M2SL,U.S. M2 Money Stock,https://fred.stlouisfed.org/series/M2SL,2026-06-22,final,2026-06-22 16:46:29,2026-06-22
US.US_M2_MONEY_STOCK_M.FRED,US,US,USA,美国,United States,US_M2_MONEY_STOCK_M,美国M2货币存量,U.S. M2 Money Stock,2020-01,M,billions of dollars,SA,level,15427.1,FRED,Federal Reserve Economic Data,M2SL,U.S. M2 Money Stock,https://fred.stlouisfed.org/series/M2SL,2026-06-22,final,2026-06-22 16:46:29,2026-06-22
US.US_M2_MONEY_STOCK_M.FRED,US,US,USA,美国,United States,US_M2_MONEY_STOCK_M,美国M2货币存量,U.S. M2 Money Stock,2020-02,M,billions of dollars,SA,level,15493.4,FRED,Federal Reserve Economic Data,M2SL,U.S. M2 Money Stock,https://fred.stlouisfed.org/series/M2SL,2026-06-22,final,2026-06-22 16:46:29,2026-06-22
US.US_M2_MONEY_STOCK_M.FRED,US,US,USA,美国,United States,US_M2_MONEY_STOCK_M,美国M2货币存量,U.S. M2 Money Stock,2020-03,M,billions of dollars,SA,level,16033.0,FRED,Federal Reserve Economic Data,M2SL,U.S. M2 Money Stock,https://fred.stlouisfed.org/series/M2SL,2026-06-22,final,2026-06-22 16:46:29,2026-06-22
US.US_M2_MONEY_STOCK_M.FRED,US,US,USA,美国,United States,US_M2_MONEY_STOCK_M,美国M2货币存量,U.S. M2 Money Stock,2020-04,M,billions of dollars,SA,level,17065.3,FRED,Federal Reserve Economic Data,M2SL,U.S. M2 Money Stock,https://fred.stlouisfed.org/series/M2SL,2026-06-22,final,2026-06-22 16:46:29,2026-06-22
US.US_M2_MONEY_STOCK_M.FRED,US,US,USA,美国,United States,US_M2_MONEY_STOCK_M,美国M2货币存量,U.S. M2 Money Stock,2020-05,M,billions of dollars,SA,level,17932.9,FRED,Federal Reserve Economic Data,M2SL,U.S. M2 Money Stock,https://fred.stlouisfed.org/series/M2SL,2026-06-22,final,2026-06-22 16:46:29,2026-06-22
US.US_M2_MONEY_STOCK_M.FRED,US,US,USA,美国,United States,US_M2_MONEY_STOCK_M,美国M2货币存量,U.S. M2 Money Stock,2020-06,M,billions of dollars,SA,level,18184.3,FRED,Federal Reserve Economic Data,M2SL,U.S. M2 Money Stock,https://fred.stlouisfed.org/series/M2SL,2026-06-22,final,2026-06-22 16:46:29,2026-06-22
US.US_M2_MONEY_STOCK_M.FRED,US,US,USA,美国,United States,US_M2_MONEY_STOCK_M,美国M2货币存量,U.S. M2 Money Stock,2020-07,M,billions of dollars,SA,level,18335.4,FRED,Federal Reserve Economic Data,M2SL,U.S. M2 Money Stock,https://fred.stlouisfed.org/series/M2SL,2026-06-22,final,2026-06-22 16:46:29,2026-06-22
US.US_M2_MONEY_STOCK_M.FRED,US,US,USA,美国,United States,US_M2_MONEY_STOCK_M,美国M2货币存量,U.S. M2 Money Stock,2020-08,M,billions of dollars,SA,level,18411.2,FRED,Federal Reserve Economic Data,M2SL,U.S. M2 Money Stock,https://fred.stlouisfed.org/series/M2SL,2026-06-22,final,2026-06-22 16:46:29,2026-06-22
US.US_M2_MONEY_STOCK_M.FRED,US,US,USA,美国,United States,US_M2_MONEY_STOCK_M,美国M2货币存量,U.S. M2 Money Stock,2020-09,M,billions of dollars,SA,level,18602.5,FRED,Federal Reserve Economic Data,M2SL,U.S. M2 Money Stock,https://fred.stlouisfed.org/series/M2SL,2026-06-22,final,2026-06-22 16:46:29,2026-06-22
US.US_M2_MONEY_STOCK_M.FRED,US,US,USA,美国,United States,US_M2_MONEY_STOCK_M,美国M2货币存量,U.S. M2 Money Stock,2020-10,M,billions of dollars,SA,level,18757.6,FRED,Federal Reserve Economic Data,M2SL,U.S. M2 Money Stock,https://fred.stlouisfed.org/series/M2SL,2026-06-22,final,2026-06-22 16:46:29,2026-06-22
US.US_M2_MONEY_STOCK_M.FRED,US,US,USA,美国,United States,US_M2_MONEY_STOCK_M,美国M2货币存量,U.S. M2 Money Stock,2020-11,M,billions of dollars,SA,level,18997.0,FRED,Federal Reserve Economic Data,M2SL,U.S. M2 Money Stock,https://fred.stlouisfed.org/series/M2SL,2026-06-22,final,2026-06-22 16:46:29,2026-06-22
US.US_M2_MONEY_STOCK_M.FRED,US,US,USA,美国,United States,US_M2_MONEY_STOCK_M,美国M2货币存量,U.S. M2 Money Stock,2020-12,M,billions of dollars,SA,level,19115.7,FRED,Federal Reserve Economic Data,M2SL,U.S. M2 Money Stock,https://fred.stlouisfed.org/series/M2SL,2026-06-22,final,2026-06-22 16:46:29,2026-06-22
US.US_M2_MONEY_STOCK_M.FRED,US,US,USA,美国,United States,US_M2_MONEY_STOCK_M,美国M2货币存量,U.S. M2 Money Stock,2021-01,M,billions of dollars,SA,level,19379.0,FRED,Federal Reserve Economic Data,M2SL,U.S. M2 Money Stock,https://fred.stlouisfed.org/series/M2SL,2026-06-22,final,2026-06-22 16:46:29,2026-06-22
US.US_M2_MONEY_STOCK_M.FRED,US,US,USA,美国,United States,US_M2_MONEY_STOCK_M,美国M2货币存量,U.S. M2 Money Stock,2021-02,M,billions of dollars,SA,level,19641.8,FRED,Federal Reserve Economic Data,M2SL,U.S. M2 Money Stock,https://fred.stlouisfed.org/series/M2SL,2026-06-22,final,2026-06-22 16:46:29,2026-06-22
US.US_M2_MONEY_STOCK_M.FRED,US,US,USA,美国,United States,US_M2_MONEY_STOCK_M,美国M2货币存量,U.S. M2 Money Stock,2021-03,M,billions of dollars,SA,level,19873.2,FRED,Federal Reserve Economic Data,M2SL,U.S. M2 Money Stock,https://fred.stlouisfed.org/series/M2SL,2026-06-22,final,2026-06-22 16:46:29,2026-06-22
US.US_M2_MONEY_STOCK_M.FRED,US,US,USA,美国,United States,US_M2_MONEY_STOCK_M,美国M2货币存量,U.S. M2 Money Stock,2021-04,M,billions of dollars,SA,level,20175.4,FRED,Federal Reserve Economic Data,M2SL,U.S. M2 Money Stock,https://fred.stlouisfed.org/series/M2SL,2026-06-22,final,2026-06-22 16:46:29,2026-06-22
US.US_M2_MONEY_STOCK_M.FRED,US,US,USA,美国,United States,US_M2_MONEY_STOCK_M,美国M2货币存量,U.S. M2 Money Stock,2021-05,M,billions of dollars,SA,level,20459.0,FRED,Federal Reserve Economic Data,M2SL,U.S. M2 Money Stock,https://fred.stlouisfed.org/series/M2SL,2026-06-22,final,2026-06-22 16:46:29,2026-06-22
US.US_M2_MONEY_STOCK_M.FRED,US,US,USA,美国,United States,US_M2_MONEY_STOCK_M,美国M2货币存量,U.S. M2 Money Stock,2021-06,M,billions of dollars,SA,level,20477.1,FRED,Federal Reserve Economic Data,M2SL,U.S. M2 Money Stock,https://fred.stlouisfed.org/series/M2SL,2026-06-22,final,2026-06-22 16:46:29,2026-06-22
US.US_M2_MONEY_STOCK_M.FRED,US,US,USA,美国,United States,US_M2_MONEY_STOCK_M,美国M2货币存量,U.S. M2 Money Stock,2021-07,M,billions of dollars,SA,level,20633.3,FRED,Federal Reserve Economic Data,M2SL,U.S. M2 Money Stock,https://fred.stlouisfed.org/series/M2SL,2026-06-22,final,2026-06-22 16:46:29,2026-06-22
US.US_M2_MONEY_STOCK_M.FRED,US,US,USA,美国,United States,US_M2_MONEY_STOCK_M,美国M2货币存量,U.S. M2 Money Stock,2021-08,M,billions of dollars,SA,level,20840.7,FRED,Federal Reserve Economic Data,M2SL,U.S. M2 Money Stock,https://fred.stlouisfed.org/series/M2SL,2026-06-22,final,2026-06-22 16:46:29,2026-06-22
US.US_M2_MONEY_STOCK_M.FRED,US,US,USA,美国,United States,US_M2_MONEY_STOCK_M,美国M2货币存量,U.S. M2 Money Stock,2021-09,M,billions of dollars,SA,level,20981.0,FRED,Federal Reserve Economic Data,M2SL,U.S. M2 Money Stock,https://fred.stlouisfed.org/series/M2SL,2026-06-22,final,2026-06-22 16:46:29,2026-06-22
US.US_M2_MONEY_STOCK_M.FRED,US,US,USA,美国,United States,US_M2_MONEY_STOCK_M,美国M2货币存量,U.S. M2 Money Stock,2021-10,M,billions of dollars,SA,level,21160.7,FRED,Federal Reserve Economic Data,M2SL,U.S. M2 Money Stock,https://fred.stlouisfed.org/series/M2SL,2026-06-22,final,2026-06-22 16:46:29,2026-06-22
US.US_M2_MONEY_STOCK_M.FRED,US,US,USA,美国,United States,US_M2_MONEY_STOCK_M,美国M2货币存量,U.S. M2 Money Stock,2021-11,M,billions of dollars,SA,level,21335.9,FRED,Federal Reserve Economic Data,M2SL,U.S. M2 Money Stock,https://fred.stlouisfed.org/series/M2SL,2026-06-22,final,2026-06-22 16:46:29,2026-06-22
US.US_M2_MONEY_STOCK_M.FRED,US,US,USA,美国,United States,US_M2_MONEY_STOCK_M,美国M2货币存量,U.S. M2 Money Stock,2021-12,M,billions of dollars,SA,level,21498.8,FRED,Federal Reserve Economic Data,M2SL,U.S. M2 Money Stock,https://fred.stlouisfed.org/series/M2SL,2026-06-22,final,2026-06-22 16:46:29,2026-06-22
US.US_M2_MONEY_STOCK_M.FRED,US,US,USA,美国,United States,US_M2_MONEY_STOCK_M,美国M2货币存量,U.S. M2 Money Stock,2022-01,M,billions of dollars,SA,level,21650.0,FRED,Federal Reserve Economic Data,M2SL,U.S. M2 Money Stock,https://fred.stlouisfed.org/series/M2SL,2026-06-22,final,2026-06-22 16:46:29,2026-06-22
US.US_M2_MONEY_STOCK_M.FRED,US,US,USA,美国,United States,US_M2_MONEY_STOCK_M,美国M2货币存量,U.S. M2 Money Stock,2022-02,M,billions of dollars,SA,level,21724.8,FRED,Federal Reserve Economic Data,M2SL,U.S. M2 Money Stock,https://fred.stlouisfed.org/series/M2SL,2026-06-22,final,2026-06-22 16:46:29,2026-06-22
US.US_M2_MONEY_STOCK_M.FRED,US,US,USA,美国,United States,US_M2_MONEY_STOCK_M,美国M2货币存量,U.S. M2 Money Stock,2022-03,M,billions of dollars,SA,level,21786.8,FRED,Federal Reserve Economic Data,M2SL,U.S. M2 Money Stock,https://fred.stlouisfed.org/series/M2SL,2026-06-22,final,2026-06-22 16:46:29,2026-06-22
US.US_M2_MONEY_STOCK_M.FRED,US,US,USA,美国,United States,US_M2_MONEY_STOCK_M,美国M2货币存量,U.S. M2 Money Stock,2022-04,M,billions of dollars,SA,level,21769.5,FRED,Federal Reserve Economic Data,M2SL,U.S. M2 Money Stock,https://fred.stlouisfed.org/series/M2SL,2026-06-22,final,2026-06-22 16:46:29,2026-06-22
US.US_M2_MONEY_STOCK_M.FRED,US,US,USA,美国,United States,US_M2_MONEY_STOCK_M,美国M2货币存量,U.S. M2 Money Stock,2022-05,M,billions of dollars,SA,level,21719.5,FRED,Federal Reserve Economic Data,M2SL,U.S. M2 Money Stock,https://fred.stlouisfed.org/series/M2SL,2026-06-22,final,2026-06-22 16:46:29,2026-06-22
US.US_M2_MONEY_STOCK_M.FRED,US,US,USA,美国,United States,US_M2_MONEY_STOCK_M,美国M2货币存量,U.S. M2 Money Stock,2022-06,M,billions of dollars,SA,level,21651.2,FRED,Federal Reserve Economic Data,M2SL,U.S. M2 Money Stock,https://fred.stlouisfed.org/series/M2SL,2026-06-22,final,2026-06-22 16:46:29,2026-06-22
US.US_M2_MONEY_STOCK_M.FRED,US,US,USA,美国,United States,US_M2_MONEY_STOCK_M,美国M2货币存量,U.S. M2 Money Stock,2022-07,M,billions of dollars,SA,level,21652.8,FRED,Federal Reserve Economic Data,M2SL,U.S. M2 Money Stock,https://fred.stlouisfed.org/series/M2SL,2026-06-22,final,2026-06-22 16:46:29,2026-06-22
US.US_M2_MONEY_STOCK_M.FRED,US,US,USA,美国,United States,US_M2_MONEY_STOCK_M,美国M2货币存量,U.S. M2 Money Stock,2022-08,M,billions of dollars,SA,level,21638.2,FRED,Federal Reserve Economic Data,M2SL,U.S. M2 Money Stock,https://fred.stlouisfed.org/series/M2SL,2026-06-22,final,2026-06-22 16:46:29,2026-06-22
US.US_M2_MONEY_STOCK_M.FRED,US,US,USA,美国,United States,US_M2_MONEY_STOCK_M,美国M2货币存量,U.S. M2 Money Stock,2022-09,M,billions of dollars,SA,level,21536.5,FRED,Federal Reserve Economic Data,M2SL,U.S. M2 Money Stock,https://fred.stlouisfed.org/series/M2SL,2026-06-22,final,2026-06-22 16:46:29,2026-06-22
US.US_M2_MONEY_STOCK_M.FRED,US,US,USA,美国,United States,US_M2_MONEY_STOCK_M,美国M2货币存量,U.S. M2 Money Stock,2022-10,M,billions of dollars,SA,level,21461.5,FRED,Federal Reserve Economic Data,M2SL,U.S. M2 Money Stock,https://fred.stlouisfed.org/series/M2SL,2026-06-22,final,2026-06-22 16:46:29,2026-06-22
US.US_M2_MONEY_STOCK_M.FRED,US,US,USA,美国,United States,US_M2_MONEY_STOCK_M,美国M2货币存量,U.S. M2 Money Stock,2022-11,M,billions of dollars,SA,level,21406.5,FRED,Federal Reserve Economic Data,M2SL,U.S. M2 Money Stock,https://fred.stlouisfed.org/series/M2SL,2026-06-22,final,2026-06-22 16:46:29,2026-06-22
US.US_M2_MONEY_STOCK_M.FRED,US,US,USA,美国,United States,US_M2_MONEY_STOCK_M,美国M2货币存量,U.S. M2 Money Stock,2022-12,M,billions of dollars,SA,level,21291.0,FRED,Federal Reserve Economic Data,M2SL,U.S. M2 Money Stock,https://fred.stlouisfed.org/series/M2SL,2026-06-22,final,2026-06-22 16:46:29,2026-06-22
US.US_M2_MONEY_STOCK_M.FRED,US,US,USA,美国,United States,US_M2_MONEY_STOCK_M,美国M2货币存量,U.S. M2 Money Stock,2023-01,M,billions of dollars,SA,level,21279.4,FRED,Federal Reserve Economic Data,M2SL,U.S. M2 Money Stock,https://fred.stlouisfed.org/series/M2SL,2026-06-22,final,2026-06-22 16:46:29,2026-06-22
US.US_M2_MONEY_STOCK_M.FRED,US,US,USA,美国,United States,US_M2_MONEY_STOCK_M,美国M2货币存量,U.S. M2 Money Stock,2023-02,M,billions of dollars,SA,level,21242.9,FRED,Federal Reserve Economic Data,M2SL,U.S. M2 Money Stock,https://fred.stlouisfed.org/series/M2SL,2026-06-22,final,2026-06-22 16:46:29,2026-06-22
US.US_M2_MONEY_STOCK_M.FRED,US,US,USA,美国,United States,US_M2_MONEY_STOCK_M,美国M2货币存量,U.S. M2 Money Stock,2023-03,M,billions of dollars,SA,level,20946.8,FRED,Federal Reserve Economic Data,M2SL,U.S. M2 Money Stock,https://fred.stlouisfed.org/series/M2SL,2026-06-22,final,2026-06-22 16:46:29,2026-06-22
US.US_M2_MONEY_STOCK_M.FRED,US,US,USA,美国,United States,US_M2_MONEY_STOCK_M,美国M2货币存量,U.S. M2 Money Stock,2023-04,M,billions of dollars,SA,level,20761.4,FRED,Federal Reserve Economic Data,M2SL,U.S. M2 Money Stock,https://fred.stlouisfed.org/series/M2SL,2026-06-22,final,2026-06-22 16:46:29,2026-06-22
US.US_M2_MONEY_STOCK_M.FRED,US,US,USA,美国,United States,US_M2_MONEY_STOCK_M,美国M2货币存量,U.S. M2 Money Stock,2023-05,M,billions of dollars,SA,level,20829.7,FRED,Federal Reserve Economic Data,M2SL,U.S. M2 Money Stock,https://fred.stlouisfed.org/series/M2SL,2026-06-22,final,2026-06-22 16:46:29,2026-06-22
US.US_M2_MONEY_STOCK_M.FRED,US,US,USA,美国,United States,US_M2_MONEY_STOCK_M,美国M2货币存量,U.S. M2 Money Stock,2023-06,M,billions of dollars,SA,level,20799.3,FRED,Federal Reserve Economic Data,M2SL,U.S. M2 Money Stock,https://fred.stlouisfed.org/series/M2SL,2026-06-22,final,2026-06-22 16:46:29,2026-06-22
US.US_M2_MONEY_STOCK_M.FRED,US,US,USA,美国,United States,US_M2_MONEY_STOCK_M,美国M2货币存量,U.S. M2 Money Stock,2023-07,M,billions of dollars,SA,level,20791.2,FRED,Federal Reserve Economic Data,M2SL,U.S. M2 Money Stock,https://fred.stlouisfed.org/series/M2SL,2026-06-22,final,2026-06-22 16:46:29,2026-06-22
US.US_M2_MONEY_STOCK_M.FRED,US,US,USA,美国,United States,US_M2_MONEY_STOCK_M,美国M2货币存量,U.S. M2 Money Stock,2023-08,M,billions of dollars,SA,level,20777.2,FRED,Federal Reserve Economic Data,M2SL,U.S. M2 Money Stock,https://fred.stlouisfed.org/series/M2SL,2026-06-22,final,2026-06-22 16:46:29,2026-06-22
US.US_M2_MONEY_STOCK_M.FRED,US,US,USA,美国,United States,US_M2_MONEY_STOCK_M,美国M2货币存量,U.S. M2 Money Stock,2023-09,M,billions of dollars,SA,level,20747.8,FRED,Federal Reserve Economic Data,M2SL,U.S. M2 Money Stock,https://fred.stlouisfed.org/series/M2SL,2026-06-22,final,2026-06-22 16:46:29,2026-06-22
US.US_M2_MONEY_STOCK_M.FRED,US,US,USA,美国,United States,US_M2_MONEY_STOCK_M,美国M2货币存量,U.S. M2 Money Stock,2023-10,M,billions of dollars,SA,level,20732.9,FRED,Federal Reserve Economic Data,M2SL,U.S. M2 Money Stock,https://fred.stlouisfed.org/series/M2SL,2026-06-22,final,2026-06-22 16:46:29,2026-06-22
US.US_M2_MONEY_STOCK_M.FRED,US,US,USA,美国,United States,US_M2_MONEY_STOCK_M,美国M2货币存量,U.S. M2 Money Stock,2023-11,M,billions of dollars,SA,level,20746.5,FRED,Federal Reserve Economic Data,M2SL,U.S. M2 Money Stock,https://fred.stlouisfed.org/series/M2SL,2026-06-22,final,2026-06-22 16:46:29,2026-06-22
US.US_M2_MONEY_STOCK_M.FRED,US,US,USA,美国,United States,US_M2_MONEY_STOCK_M,美国M2货币存量,U.S. M2 Money Stock,2023-12,M,billions of dollars,SA,level,20777.9,FRED,Federal Reserve Economic Data,M2SL,U.S. M2 Money Stock,https://fred.stlouisfed.org/series/M2SL,2026-06-22,final,2026-06-22 16:46:29,2026-06-22
US.US_M2_MONEY_STOCK_M.FRED,US,US,USA,美国,United States,US_M2_MONEY_STOCK_M,美国M2货币存量,U.S. M2 Money Stock,2024-01,M,billions of dollars,SA,level,20843.9,FRED,Federal Reserve Economic Data,M2SL,U.S. M2 Money Stock,https://fred.stlouisfed.org/series/M2SL,2026-06-22,final,2026-06-22 16:46:29,2026-06-22
US.US_M2_MONEY_STOCK_M.FRED,US,US,USA,美国,United States,US_M2_MONEY_STOCK_M,美国M2货币存量,U.S. M2 Money Stock,2024-02,M,billions of dollars,SA,level,20927.4,FRED,Federal Reserve Economic Data,M2SL,U.S. M2 Money Stock,https://fred.stlouisfed.org/series/M2SL,2026-06-22,final,2026-06-22 16:46:29,2026-06-22
US.US_M2_MONEY_STOCK_M.FRED,US,US,USA,美国,United States,US_M2_MONEY_STOCK_M,美国M2货币存量,U.S. M2 Money Stock,2024-03,M,billions of dollars,SA,level,20973.9,FRED,Federal Reserve Economic Data,M2SL,U.S. M2 Money Stock,https://fred.stlouisfed.org/series/M2SL,2026-06-22,final,2026-06-22 16:46:29,2026-06-22
US.US_M2_MONEY_STOCK_M.FRED,US,US,USA,美国,United States,US_M2_MONEY_STOCK_M,美国M2货币存量,U.S. M2 Money Stock,2024-04,M,billions of dollars,SA,level,20959.7,FRED,Federal Reserve Economic Data,M2SL,U.S. M2 Money Stock,https://fred.stlouisfed.org/series/M2SL,2026-06-22,final,2026-06-22 16:46:29,2026-06-22
US.US_M2_MONEY_STOCK_M.FRED,US,US,USA,美国,United States,US_M2_MONEY_STOCK_M,美国M2货币存量,U.S. M2 Money Stock,2024-05,M,billions of dollars,SA,level,21020.7,FRED,Federal Reserve Economic Data,M2SL,U.S. M2 Money Stock,https://fred.stlouisfed.org/series/M2SL,2026-06-22,final,2026-06-22 16:46:29,2026-06-22
US.US_M2_MONEY_STOCK_M.FRED,US,US,USA,美国,United States,US_M2_MONEY_STOCK_M,美国M2货币存量,U.S. M2 Money Stock,2024-06,M,billions of dollars,SA,level,21068.4,FRED,Federal Reserve Economic Data,M2SL,U.S. M2 Money Stock,https://fred.stlouisfed.org/series/M2SL,2026-06-22,final,2026-06-22 16:46:29,2026-06-22
US.US_M2_MONEY_STOCK_M.FRED,US,US,USA,美国,United States,US_M2_MONEY_STOCK_M,美国M2货币存量,U.S. M2 Money Stock,2024-07,M,billions of dollars,SA,level,21095.3,FRED,Federal Reserve Economic Data,M2SL,U.S. M2 Money Stock,https://fred.stlouisfed.org/series/M2SL,2026-06-22,final,2026-06-22 16:46:29,2026-06-22
US.US_M2_MONEY_STOCK_M.FRED,US,US,USA,美国,United States,US_M2_MONEY_STOCK_M,美国M2货币存量,U.S. M2 Money Stock,2024-08,M,billions of dollars,SA,level,21186.8,FRED,Federal Reserve Economic Data,M2SL,U.S. M2 Money Stock,https://fred.stlouisfed.org/series/M2SL,2026-06-22,final,2026-06-22 16:46:29,2026-06-22
US.US_M2_MONEY_STOCK_M.FRED,US,US,USA,美国,United States,US_M2_MONEY_STOCK_M,美国M2货币存量,U.S. M2 Money Stock,2024-09,M,billions of dollars,SA,level,21269.5,FRED,Federal Reserve Economic Data,M2SL,U.S. M2 Money Stock,https://fred.stlouisfed.org/series/M2SL,2026-06-22,final,2026-06-22 16:46:29,2026-06-22
US.US_M2_MONEY_STOCK_M.FRED,US,US,USA,美国,United States,US_M2_MONEY_STOCK_M,美国M2货币存量,U.S. M2 Money Stock,2024-10,M,billions of dollars,SA,level,21331.9,FRED,Federal Reserve Economic Data,M2SL,U.S. M2 Money Stock,https://fred.stlouisfed.org/series/M2SL,2026-06-22,final,2026-06-22 16:46:29,2026-06-22
US.US_M2_MONEY_STOCK_M.FRED,US,US,USA,美国,United States,US_M2_MONEY_STOCK_M,美国M2货币存量,U.S. M2 Money Stock,2024-11,M,billions of dollars,SA,level,21452.2,FRED,Federal Reserve Economic Data,M2SL,U.S. M2 Money Stock,https://fred.stlouisfed.org/series/M2SL,2026-06-22,final,2026-06-22 16:46:29,2026-06-22
US.US_M2_MONEY_STOCK_M.FRED,US,US,USA,美国,United States,US_M2_MONEY_STOCK_M,美国M2货币存量,U.S. M2 Money Stock,2024-12,M,billions of dollars,SA,level,21485.9,FRED,Federal Reserve Economic Data,M2SL,U.S. M2 Money Stock,https://fred.stlouisfed.org/series/M2SL,2026-06-22,final,2026-06-22 16:46:29,2026-06-22
US.US_M2_MONEY_STOCK_M.FRED,US,US,USA,美国,United States,US_M2_MONEY_STOCK_M,美国M2货币存量,U.S. M2 Money Stock,2025-01,M,billions of dollars,SA,level,21548.1,FRED,Federal Reserve Economic Data,M2SL,U.S. M2 Money Stock,https://fred.stlouisfed.org/series/M2SL,2026-06-22,final,2026-06-22 16:46:29,2026-06-22
US.US_M2_MONEY_STOCK_M.FRED,US,US,USA,美国,United States,US_M2_MONEY_STOCK_M,美国M2货币存量,U.S. M2 Money Stock,2025-02,M,billions of dollars,SA,level,21613.5,FRED,Federal Reserve Economic Data,M2SL,U.S. M2 Money Stock,https://fred.stlouisfed.org/series/M2SL,2026-06-22,final,2026-06-22 16:46:29,2026-06-22
US.US_M2_MONEY_STOCK_M.FRED,US,US,USA,美国,United States,US_M2_MONEY_STOCK_M,美国M2货币存量,U.S. M2 Money Stock,2025-03,M,billions of dollars,SA,level,21693.7,FRED,Federal Reserve Economic Data,M2SL,U.S. M2 Money Stock,https://fred.stlouisfed.org/series/M2SL,2026-06-22,final,2026-06-22 16:46:29,2026-06-22
US.US_M2_MONEY_STOCK_M.FRED,US,US,USA,美国,United States,US_M2_MONEY_STOCK_M,美国M2货币存量,U.S. M2 Money Stock,2025-04,M,billions of dollars,SA,level,21775.7,FRED,Federal Reserve Economic Data,M2SL,U.S. M2 Money Stock,https://fred.stlouisfed.org/series/M2SL,2026-06-22,final,2026-06-22 16:46:29,2026-06-22
US.US_M2_MONEY_STOCK_M.FRED,US,US,USA,美国,United States,US_M2_MONEY_STOCK_M,美国M2货币存量,U.S. M2 Money Stock,2025-05,M,billions of dollars,SA,level,21834.0,FRED,Federal Reserve Economic Data,M2SL,U.S. M2 Money Stock,https://fred.stlouisfed.org/series/M2SL,2026-06-22,final,2026-06-22 16:46:29,2026-06-22
US.US_M2_MONEY_STOCK_M.FRED,US,US,USA,美国,United States,US_M2_MONEY_STOCK_M,美国M2货币存量,U.S. M2 Money Stock,2025-06,M,billions of dollars,SA,level,21938.8,FRED,Federal Reserve Economic Data,M2SL,U.S. M2 Money Stock,https://fred.stlouisfed.org/series/M2SL,2026-06-22,final,2026-06-22 16:46:29,2026-06-22
US.US_M2_MONEY_STOCK_M.FRED,US,US,USA,美国,United States,US_M2_MONEY_STOCK_M,美国M2货币存量,U.S. M2 Money Stock,2025-07,M,billions of dollars,SA,level,22020.0,FRED,Federal Reserve Economic Data,M2SL,U.S. M2 Money Stock,https://fred.stlouisfed.org/series/M2SL,2026-06-22,final,2026-06-22 16:46:29,2026-06-22
US.US_M2_MONEY_STOCK_M.FRED,US,US,USA,美国,United States,US_M2_MONEY_STOCK_M,美国M2货币存量,U.S. M2 Money Stock,2025-08,M,billions of dollars,SA,level,22086.9,FRED,Federal Reserve Economic Data,M2SL,U.S. M2 Money Stock,https://fred.stlouisfed.org/series/M2SL,2026-06-22,final,2026-06-22 16:46:29,2026-06-22
US.US_M2_MONEY_STOCK_M.FRED,US,US,USA,美国,United States,US_M2_MONEY_STOCK_M,美国M2货币存量,U.S. M2 Money Stock,2025-09,M,billions of dollars,SA,level,22170.3,FRED,Federal Reserve Economic Data,M2SL,U.S. M2 Money Stock,https://fred.stlouisfed.org/series/M2SL,2026-06-22,final,2026-06-22 16:46:29,2026-06-22
US.US_M2_MONEY_STOCK_M.FRED,US,US,USA,美国,United States,US_M2_MONEY_STOCK_M,美国M2货币存量,U.S. M2 Money Stock,2025-10,M,billions of dollars,SA,level,22245.1,FRED,Federal Reserve Economic Data,M2SL,U.S. M2 Money Stock,https://fred.stlouisfed.org/series/M2SL,2026-06-22,final,2026-06-22 16:46:29,2026-06-22
US.US_M2_MONEY_STOCK_M.FRED,US,US,USA,美国,United States,US_M2_MONEY_STOCK_M,美国M2货币存量,U.S. M2 Money Stock,2025-11,M,billions of dollars,SA,level,22277.4,FRED,Federal Reserve Economic Data,M2SL,U.S. M2 Money Stock,https://fred.stlouisfed.org/series/M2SL,2026-06-22,final,2026-06-22 16:46:29,2026-06-22
US.US_M2_MONEY_STOCK_M.FRED,US,US,USA,美国,United States,US_M2_MONEY_STOCK_M,美国M2货币存量,U.S. M2 Money Stock,2025-12,M,billions of dollars,SA,level,22353.5,FRED,Federal Reserve Economic Data,M2SL,U.S. M2 Money Stock,https://fred.stlouisfed.org/series/M2SL,2026-06-22,final,2026-06-22 16:46:29,2026-06-22
US.US_M2_MONEY_STOCK_M.FRED,US,US,USA,美国,United States,US_M2_MONEY_STOCK_M,美国M2货币存量,U.S. M2 Money Stock,2026-01,M,billions of dollars,SA,level,22429.3,FRED,Federal Reserve Economic Data,M2SL,U.S. M2 Money Stock,https://fred.stlouisfed.org/series/M2SL,2026-06-22,final,2026-06-22 16:46:29,2026-06-22
US.US_M2_MONEY_STOCK_M.FRED,US,US,USA,美国,United States,US_M2_MONEY_STOCK_M,美国M2货币存量,U.S. M2 Money Stock,2026-02,M,billions of dollars,SA,level,22627.0,FRED,Federal Reserve Economic Data,M2SL,U.S. M2 Money Stock,https://fred.stlouisfed.org/series/M2SL,2026-06-22,final,2026-06-22 16:46:29,2026-06-22
US.US_M2_MONEY_STOCK_M.FRED,US,US,USA,美国,United States,US_M2_MONEY_STOCK_M,美国M2货币存量,U.S. M2 Money Stock,2026-03,M,billions of dollars,SA,level,22686.4,FRED,Federal Reserve Economic Data,M2SL,U.S. M2 Money Stock,https://fred.stlouisfed.org/series/M2SL,2026-06-22,final,2026-06-22 16:46:29,2026-06-22
US.US_M2_MONEY_STOCK_M.FRED,US,US,USA,美国,United States,US_M2_MONEY_STOCK_M,美国M2货币存量,U.S. M2 Money Stock,2026-04,M,billions of dollars,SA,level,22804.5,FRED,Federal Reserve Economic Data,M2SL,U.S. M2 Money Stock,https://fred.stlouisfed.org/series/M2SL,2026-06-22,final,2026-06-22 16:46:29,2026-06-22
US.US_10Y_TREASURY_RATE_M.FRED,US,US,USA,美国,United States,US_10Y_TREASURY_RATE_M,美国10年期国债收益率,U.S. 10-Year Treasury Rate,2015-01,M,%,NSA,level,1.88,FRED,Federal Reserve Economic Data,GS10,U.S. 10-Year Treasury Rate,https://fred.stlouisfed.org/series/GS10,2026-06-22,final,2026-06-22 16:46:29,2026-06-22
US.US_10Y_TREASURY_RATE_M.FRED,US,US,USA,美国,United States,US_10Y_TREASURY_RATE_M,美国10年期国债收益率,U.S. 10-Year Treasury Rate,2015-02,M,%,NSA,level,1.98,FRED,Federal Reserve Economic Data,GS10,U.S. 10-Year Treasury Rate,https://fred.stlouisfed.org/series/GS10,2026-06-22,final,2026-06-22 16:46:29,2026-06-22
US.US_10Y_TREASURY_RATE_M.FRED,US,US,USA,美国,United States,US_10Y_TREASURY_RATE_M,美国10年期国债收益率,U.S. 10-Year Treasury Rate,2015-03,M,%,NSA,level,2.04,FRED,Federal Reserve Economic Data,GS10,U.S. 10-Year Treasury Rate,https://fred.stlouisfed.org/series/GS10,2026-06-22,final,2026-06-22 16:46:29,2026-06-22
US.US_10Y_TREASURY_RATE_M.FRED,US,US,USA,美国,United States,US_10Y_TREASURY_RATE_M,美国10年期国债收益率,U.S. 10-Year Treasury Rate,2015-04,M,%,NSA,level,1.94,FRED,Federal Reserve Economic Data,GS10,U.S. 10-Year Treasury Rate,https://fred.stlouisfed.org/series/GS10,2026-06-22,final,2026-06-22 16:46:29,2026-06-22
US.US_10Y_TREASURY_RATE_M.FRED,US,US,USA,美国,United States,US_10Y_TREASURY_RATE_M,美国10年期国债收益率,U.S. 10-Year Treasury Rate,2015-05,M,%,NSA,level,2.2,FRED,Federal Reserve Economic Data,GS10,U.S. 10-Year Treasury Rate,https://fred.stlouisfed.org/series/GS10,2026-06-22,final,2026-06-22 16:46:29,2026-06-22
US.US_10Y_TREASURY_RATE_M.FRED,US,US,USA,美国,United States,US_10Y_TREASURY_RATE_M,美国10年期国债收益率,U.S. 10-Year Treasury Rate,2015-06,M,%,NSA,level,2.36,FRED,Federal Reserve Economic Data,GS10,U.S. 10-Year Treasury Rate,https://fred.stlouisfed.org/series/GS10,2026-06-22,final,2026-06-22 16:46:29,2026-06-22
US.US_10Y_TREASURY_RATE_M.FRED,US,US,USA,美国,United States,US_10Y_TREASURY_RATE_M,美国10年期国债收益率,U.S. 10-Year Treasury Rate,2015-07,M,%,NSA,level,2.32,FRED,Federal Reserve Economic Data,GS10,U.S. 10-Year Treasury Rate,https://fred.stlouisfed.org/series/GS10,2026-06-22,final,2026-06-22 16:46:29,2026-06-22
US.US_10Y_TREASURY_RATE_M.FRED,US,US,USA,美国,United States,US_10Y_TREASURY_RATE_M,美国10年期国债收益率,U.S. 10-Year Treasury Rate,2015-08,M,%,NSA,level,2.17,FRED,Federal Reserve Economic Data,GS10,U.S. 10-Year Treasury Rate,https://fred.stlouisfed.org/series/GS10,2026-06-22,final,2026-06-22 16:46:29,2026-06-22
US.US_10Y_TREASURY_RATE_M.FRED,US,US,USA,美国,United States,US_10Y_TREASURY_RATE_M,美国10年期国债收益率,U.S. 10-Year Treasury Rate,2015-09,M,%,NSA,level,2.17,FRED,Federal Reserve Economic Data,GS10,U.S. 10-Year Treasury Rate,https://fred.stlouisfed.org/series/GS10,2026-06-22,final,2026-06-22 16:46:29,2026-06-22
US.US_10Y_TREASURY_RATE_M.FRED,US,US,USA,美国,United States,US_10Y_TREASURY_RATE_M,美国10年期国债收益率,U.S. 10-Year Treasury Rate,2015-10,M,%,NSA,level,2.07,FRED,Federal Reserve Economic Data,GS10,U.S. 10-Year Treasury Rate,https://fred.stlouisfed.org/series/GS10,2026-06-22,final,2026-06-22 16:46:29,2026-06-22
US.US_10Y_TREASURY_RATE_M.FRED,US,US,USA,美国,United States,US_10Y_TREASURY_RATE_M,美国10年期国债收益率,U.S. 10-Year Treasury Rate,2015-11,M,%,NSA,level,2.26,FRED,Federal Reserve Economic Data,GS10,U.S. 10-Year Treasury Rate,https://fred.stlouisfed.org/series/GS10,2026-06-22,final,2026-06-22 16:46:29,2026-06-22
US.US_10Y_TREASURY_RATE_M.FRED,US,US,USA,美国,United States,US_10Y_TREASURY_RATE_M,美国10年期国债收益率,U.S. 10-Year Treasury Rate,2015-12,M,%,NSA,level,2.24,FRED,Federal Reserve Economic Data,GS10,U.S. 10-Year Treasury Rate,https://fred.stlouisfed.org/series/GS10,2026-06-22,final,2026-06-22 16:46:29,2026-06-22
US.US_10Y_TREASURY_RATE_M.FRED,US,US,USA,美国,United States,US_10Y_TREASURY_RATE_M,美国10年期国债收益率,U.S. 10-Year Treasury Rate,2016-01,M,%,NSA,level,2.09,FRED,Federal Reserve Economic Data,GS10,U.S. 10-Year Treasury Rate,https://fred.stlouisfed.org/series/GS10,2026-06-22,final,2026-06-22 16:46:29,2026-06-22
US.US_10Y_TREASURY_RATE_M.FRED,US,US,USA,美国,United States,US_10Y_TREASURY_RATE_M,美国10年期国债收益率,U.S. 10-Year Treasury Rate,2016-02,M,%,NSA,level,1.78,FRED,Federal Reserve Economic Data,GS10,U.S. 10-Year Treasury Rate,https://fred.stlouisfed.org/series/GS10,2026-06-22,final,2026-06-22 16:46:29,2026-06-22
US.US_10Y_TREASURY_RATE_M.FRED,US,US,USA,美国,United States,US_10Y_TREASURY_RATE_M,美国10年期国债收益率,U.S. 10-Year Treasury Rate,2016-03,M,%,NSA,level,1.89,FRED,Federal Reserve Economic Data,GS10,U.S. 10-Year Treasury Rate,https://fred.stlouisfed.org/series/GS10,2026-06-22,final,2026-06-22 16:46:29,2026-06-22
US.US_10Y_TREASURY_RATE_M.FRED,US,US,USA,美国,United States,US_10Y_TREASURY_RATE_M,美国10年期国债收益率,U.S. 10-Year Treasury Rate,2016-04,M,%,NSA,level,1.81,FRED,Federal Reserve Economic Data,GS10,U.S. 10-Year Treasury Rate,https://fred.stlouisfed.org/series/GS10,2026-06-22,final,2026-06-22 16:46:29,2026-06-22
US.US_10Y_TREASURY_RATE_M.FRED,US,US,USA,美国,United States,US_10Y_TREASURY_RATE_M,美国10年期国债收益率,U.S. 10-Year Treasury Rate,2016-05,M,%,NSA,level,1.81,FRED,Federal Reserve Economic Data,GS10,U.S. 10-Year Treasury Rate,https://fred.stlouisfed.org/series/GS10,2026-06-22,final,2026-06-22 16:46:29,2026-06-22
US.US_10Y_TREASURY_RATE_M.FRED,US,US,USA,美国,United States,US_10Y_TREASURY_RATE_M,美国10年期国债收益率,U.S. 10-Year Treasury Rate,2016-06,M,%,NSA,level,1.64,FRED,Federal Reserve Economic Data,GS10,U.S. 10-Year Treasury Rate,https://fred.stlouisfed.org/series/GS10,2026-06-22,final,2026-06-22 16:46:29,2026-06-22
US.US_10Y_TREASURY_RATE_M.FRED,US,US,USA,美国,United States,US_10Y_TREASURY_RATE_M,美国10年期国债收益率,U.S. 10-Year Treasury Rate,2016-07,M,%,NSA,level,1.5,FRED,Federal Reserve Economic Data,GS10,U.S. 10-Year Treasury Rate,https://fred.stlouisfed.org/series/GS10,2026-06-22,final,2026-06-22 16:46:29,2026-06-22
US.US_10Y_TREASURY_RATE_M.FRED,US,US,USA,美国,United States,US_10Y_TREASURY_RATE_M,美国10年期国债收益率,U.S. 10-Year Treasury Rate,2016-08,M,%,NSA,level,1.56,FRED,Federal Reserve Economic Data,GS10,U.S. 10-Year Treasury Rate,https://fred.stlouisfed.org/series/GS10,2026-06-22,final,2026-06-22 16:46:29,2026-06-22
US.US_10Y_TREASURY_RATE_M.FRED,US,US,USA,美国,United States,US_10Y_TREASURY_RATE_M,美国10年期国债收益率,U.S. 10-Year Treasury Rate,2016-09,M,%,NSA,level,1.63,FRED,Federal Reserve Economic Data,GS10,U.S. 10-Year Treasury Rate,https://fred.stlouisfed.org/series/GS10,2026-06-22,final,2026-06-22 16:46:29,2026-06-22
US.US_10Y_TREASURY_RATE_M.FRED,US,US,USA,美国,United States,US_10Y_TREASURY_RATE_M,美国10年期国债收益率,U.S. 10-Year Treasury Rate,2016-10,M,%,NSA,level,1.76,FRED,Federal Reserve Economic Data,GS10,U.S. 10-Year Treasury Rate,https://fred.stlouisfed.org/series/GS10,2026-06-22,final,2026-06-22 16:46:29,2026-06-22
US.US_10Y_TREASURY_RATE_M.FRED,US,US,USA,美国,United States,US_10Y_TREASURY_RATE_M,美国10年期国债收益率,U.S. 10-Year Treasury Rate,2016-11,M,%,NSA,level,2.14,FRED,Federal Reserve Economic Data,GS10,U.S. 10-Year Treasury Rate,https://fred.stlouisfed.org/series/GS10,2026-06-22,final,2026-06-22 16:46:29,2026-06-22
US.US_10Y_TREASURY_RATE_M.FRED,US,US,USA,美国,United States,US_10Y_TREASURY_RATE_M,美国10年期国债收益率,U.S. 10-Year Treasury Rate,2016-12,M,%,NSA,level,2.49,FRED,Federal Reserve Economic Data,GS10,U.S. 10-Year Treasury Rate,https://fred.stlouisfed.org/series/GS10,2026-06-22,final,2026-06-22 16:46:29,2026-06-22
US.US_10Y_TREASURY_RATE_M.FRED,US,US,USA,美国,United States,US_10Y_TREASURY_RATE_M,美国10年期国债收益率,U.S. 10-Year Treasury Rate,2017-01,M,%,NSA,level,2.43,FRED,Federal Reserve Economic Data,GS10,U.S. 10-Year Treasury Rate,https://fred.stlouisfed.org/series/GS10,2026-06-22,final,2026-06-22 16:46:29,2026-06-22
US.US_10Y_TREASURY_RATE_M.FRED,US,US,USA,美国,United States,US_10Y_TREASURY_RATE_M,美国10年期国债收益率,U.S. 10-Year Treasury Rate,2017-02,M,%,NSA,level,2.42,FRED,Federal Reserve Economic Data,GS10,U.S. 10-Year Treasury Rate,https://fred.stlouisfed.org/series/GS10,2026-06-22,final,2026-06-22 16:46:29,2026-06-22
US.US_10Y_TREASURY_RATE_M.FRED,US,US,USA,美国,United States,US_10Y_TREASURY_RATE_M,美国10年期国债收益率,U.S. 10-Year Treasury Rate,2017-03,M,%,NSA,level,2.48,FRED,Federal Reserve Economic Data,GS10,U.S. 10-Year Treasury Rate,https://fred.stlouisfed.org/series/GS10,2026-06-22,final,2026-06-22 16:46:29,2026-06-22
US.US_10Y_TREASURY_RATE_M.FRED,US,US,USA,美国,United States,US_10Y_TREASURY_RATE_M,美国10年期国债收益率,U.S. 10-Year Treasury Rate,2017-04,M,%,NSA,level,2.3,FRED,Federal Reserve Economic Data,GS10,U.S. 10-Year Treasury Rate,https://fred.stlouisfed.org/series/GS10,2026-06-22,final,2026-06-22 16:46:29,2026-06-22
US.US_10Y_TREASURY_RATE_M.FRED,US,US,USA,美国,United States,US_10Y_TREASURY_RATE_M,美国10年期国债收益率,U.S. 10-Year Treasury Rate,2017-05,M,%,NSA,level,2.3,FRED,Federal Reserve Economic Data,GS10,U.S. 10-Year Treasury Rate,https://fred.stlouisfed.org/series/GS10,2026-06-22,final,2026-06-22 16:46:29,2026-06-22
US.US_10Y_TREASURY_RATE_M.FRED,US,US,USA,美国,United States,US_10Y_TREASURY_RATE_M,美国10年期国债收益率,U.S. 10-Year Treasury Rate,2017-06,M,%,NSA,level,2.19,FRED,Federal Reserve Economic Data,GS10,U.S. 10-Year Treasury Rate,https://fred.stlouisfed.org/series/GS10,2026-06-22,final,2026-06-22 16:46:29,2026-06-22
US.US_10Y_TREASURY_RATE_M.FRED,US,US,USA,美国,United States,US_10Y_TREASURY_RATE_M,美国10年期国债收益率,U.S. 10-Year Treasury Rate,2017-07,M,%,NSA,level,2.32,FRED,Federal Reserve Economic Data,GS10,U.S. 10-Year Treasury Rate,https://fred.stlouisfed.org/series/GS10,2026-06-22,final,2026-06-22 16:46:29,2026-06-22
US.US_10Y_TREASURY_RATE_M.FRED,US,US,USA,美国,United States,US_10Y_TREASURY_RATE_M,美国10年期国债收益率,U.S. 10-Year Treasury Rate,2017-08,M,%,NSA,level,2.21,FRED,Federal Reserve Economic Data,GS10,U.S. 10-Year Treasury Rate,https://fred.stlouisfed.org/series/GS10,2026-06-22,final,2026-06-22 16:46:29,2026-06-22
US.US_10Y_TREASURY_RATE_M.FRED,US,US,USA,美国,United States,US_10Y_TREASURY_RATE_M,美国10年期国债收益率,U.S. 10-Year Treasury Rate,2017-09,M,%,NSA,level,2.2,FRED,Federal Reserve Economic Data,GS10,U.S. 10-Year Treasury Rate,https://fred.stlouisfed.org/series/GS10,2026-06-22,final,2026-06-22 16:46:29,2026-06-22
US.US_10Y_TREASURY_RATE_M.FRED,US,US,USA,美国,United States,US_10Y_TREASURY_RATE_M,美国10年期国债收益率,U.S. 10-Year Treasury Rate,2017-10,M,%,NSA,level,2.36,FRED,Federal Reserve Economic Data,GS10,U.S. 10-Year Treasury Rate,https://fred.stlouisfed.org/series/GS10,2026-06-22,final,2026-06-22 16:46:29,2026-06-22
US.US_10Y_TREASURY_RATE_M.FRED,US,US,USA,美国,United States,US_10Y_TREASURY_RATE_M,美国10年期国债收益率,U.S. 10-Year Treasury Rate,2017-11,M,%,NSA,level,2.35,FRED,Federal Reserve Economic Data,GS10,U.S. 10-Year Treasury Rate,https://fred.stlouisfed.org/series/GS10,2026-06-22,final,2026-06-22 16:46:29,2026-06-22
US.US_10Y_TREASURY_RATE_M.FRED,US,US,USA,美国,United States,US_10Y_TREASURY_RATE_M,美国10年期国债收益率,U.S. 10-Year Treasury Rate,2017-12,M,%,NSA,level,2.4,FRED,Federal Reserve Economic Data,GS10,U.S. 10-Year Treasury Rate,https://fred.stlouisfed.org/series/GS10,2026-06-22,final,2026-06-22 16:46:29,2026-06-22
US.US_10Y_TREASURY_RATE_M.FRED,US,US,USA,美国,United States,US_10Y_TREASURY_RATE_M,美国10年期国债收益率,U.S. 10-Year Treasury Rate,2018-01,M,%,NSA,level,2.58,FRED,Federal Reserve Economic Data,GS10,U.S. 10-Year Treasury Rate,https://fred.stlouisfed.org/series/GS10,2026-06-22,final,2026-06-22 16:46:29,2026-06-22
US.US_10Y_TREASURY_RATE_M.FRED,US,US,USA,美国,United States,US_10Y_TREASURY_RATE_M,美国10年期国债收益率,U.S. 10-Year Treasury Rate,2018-02,M,%,NSA,level,2.86,FRED,Federal Reserve Economic Data,GS10,U.S. 10-Year Treasury Rate,https://fred.stlouisfed.org/series/GS10,2026-06-22,final,2026-06-22 16:46:29,2026-06-22
US.US_10Y_TREASURY_RATE_M.FRED,US,US,USA,美国,United States,US_10Y_TREASURY_RATE_M,美国10年期国债收益率,U.S. 10-Year Treasury Rate,2018-03,M,%,NSA,level,2.84,FRED,Federal Reserve Economic Data,GS10,U.S. 10-Year Treasury Rate,https://fred.stlouisfed.org/series/GS10,2026-06-22,final,2026-06-22 16:46:29,2026-06-22
US.US_10Y_TREASURY_RATE_M.FRED,US,US,USA,美国,United States,US_10Y_TREASURY_RATE_M,美国10年期国债收益率,U.S. 10-Year Treasury Rate,2018-04,M,%,NSA,level,2.87,FRED,Federal Reserve Economic Data,GS10,U.S. 10-Year Treasury Rate,https://fred.stlouisfed.org/series/GS10,2026-06-22,final,2026-06-22 16:46:29,2026-06-22
US.US_10Y_TREASURY_RATE_M.FRED,US,US,USA,美国,United States,US_10Y_TREASURY_RATE_M,美国10年期国债收益率,U.S. 10-Year Treasury Rate,2018-05,M,%,NSA,level,2.98,FRED,Federal Reserve Economic Data,GS10,U.S. 10-Year Treasury Rate,https://fred.stlouisfed.org/series/GS10,2026-06-22,final,2026-06-22 16:46:29,2026-06-22
US.US_10Y_TREASURY_RATE_M.FRED,US,US,USA,美国,United States,US_10Y_TREASURY_RATE_M,美国10年期国债收益率,U.S. 10-Year Treasury Rate,2018-06,M,%,NSA,level,2.91,FRED,Federal Reserve Economic Data,GS10,U.S. 10-Year Treasury Rate,https://fred.stlouisfed.org/series/GS10,2026-06-22,final,2026-06-22 16:46:29,2026-06-22
US.US_10Y_TREASURY_RATE_M.FRED,US,US,USA,美国,United States,US_10Y_TREASURY_RATE_M,美国10年期国债收益率,U.S. 10-Year Treasury Rate,2018-07,M,%,NSA,level,2.89,FRED,Federal Reserve Economic Data,GS10,U.S. 10-Year Treasury Rate,https://fred.stlouisfed.org/series/GS10,2026-06-22,final,2026-06-22 16:46:29,2026-06-22
US.US_10Y_TREASURY_RATE_M.FRED,US,US,USA,美国,United States,US_10Y_TREASURY_RATE_M,美国10年期国债收益率,U.S. 10-Year Treasury Rate,2018-08,M,%,NSA,level,2.89,FRED,Federal Reserve Economic Data,GS10,U.S. 10-Year Treasury Rate,https://fred.stlouisfed.org/series/GS10,2026-06-22,final,2026-06-22 16:46:29,2026-06-22
US.US_10Y_TREASURY_RATE_M.FRED,US,US,USA,美国,United States,US_10Y_TREASURY_RATE_M,美国10年期国债收益率,U.S. 10-Year Treasury Rate,2018-09,M,%,NSA,level,3.0,FRED,Federal Reserve Economic Data,GS10,U.S. 10-Year Treasury Rate,https://fred.stlouisfed.org/series/GS10,2026-06-22,final,2026-06-22 16:46:29,2026-06-22
US.US_10Y_TREASURY_RATE_M.FRED,US,US,USA,美国,United States,US_10Y_TREASURY_RATE_M,美国10年期国债收益率,U.S. 10-Year Treasury Rate,2018-10,M,%,NSA,level,3.15,FRED,Federal Reserve Economic Data,GS10,U.S. 10-Year Treasury Rate,https://fred.stlouisfed.org/series/GS10,2026-06-22,final,2026-06-22 16:46:29,2026-06-22
US.US_10Y_TREASURY_RATE_M.FRED,US,US,USA,美国,United States,US_10Y_TREASURY_RATE_M,美国10年期国债收益率,U.S. 10-Year Treasury Rate,2018-11,M,%,NSA,level,3.12,FRED,Federal Reserve Economic Data,GS10,U.S. 10-Year Treasury Rate,https://fred.stlouisfed.org/series/GS10,2026-06-22,final,2026-06-22 16:46:29,2026-06-22
US.US_10Y_TREASURY_RATE_M.FRED,US,US,USA,美国,United States,US_10Y_TREASURY_RATE_M,美国10年期国债收益率,U.S. 10-Year Treasury Rate,2018-12,M,%,NSA,level,2.83,FRED,Federal Reserve Economic Data,GS10,U.S. 10-Year Treasury Rate,https://fred.stlouisfed.org/series/GS10,2026-06-22,final,2026-06-22 16:46:29,2026-06-22
US.US_10Y_TREASURY_RATE_M.FRED,US,US,USA,美国,United States,US_10Y_TREASURY_RATE_M,美国10年期国债收益率,U.S. 10-Year Treasury Rate,2019-01,M,%,NSA,level,2.71,FRED,Federal Reserve Economic Data,GS10,U.S. 10-Year Treasury Rate,https://fred.stlouisfed.org/series/GS10,2026-06-22,final,2026-06-22 16:46:29,2026-06-22
US.US_10Y_TREASURY_RATE_M.FRED,US,US,USA,美国,United States,US_10Y_TREASURY_RATE_M,美国10年期国债收益率,U.S. 10-Year Treasury Rate,2019-02,M,%,NSA,level,2.68,FRED,Federal Reserve Economic Data,GS10,U.S. 10-Year Treasury Rate,https://fred.stlouisfed.org/series/GS10,2026-06-22,final,2026-06-22 16:46:29,2026-06-22
US.US_10Y_TREASURY_RATE_M.FRED,US,US,USA,美国,United States,US_10Y_TREASURY_RATE_M,美国10年期国债收益率,U.S. 10-Year Treasury Rate,2019-03,M,%,NSA,level,2.57,FRED,Federal Reserve Economic Data,GS10,U.S. 10-Year Treasury Rate,https://fred.stlouisfed.org/series/GS10,2026-06-22,final,2026-06-22 16:46:29,2026-06-22
US.US_10Y_TREASURY_RATE_M.FRED,US,US,USA,美国,United States,US_10Y_TREASURY_RATE_M,美国10年期国债收益率,U.S. 10-Year Treasury Rate,2019-04,M,%,NSA,level,2.53,FRED,Federal Reserve Economic Data,GS10,U.S. 10-Year Treasury Rate,https://fred.stlouisfed.org/series/GS10,2026-06-22,final,2026-06-22 16:46:29,2026-06-22
US.US_10Y_TREASURY_RATE_M.FRED,US,US,USA,美国,United States,US_10Y_TREASURY_RATE_M,美国10年期国债收益率,U.S. 10-Year Treasury Rate,2019-05,M,%,NSA,level,2.4,FRED,Federal Reserve Economic Data,GS10,U.S. 10-Year Treasury Rate,https://fred.stlouisfed.org/series/GS10,2026-06-22,final,2026-06-22 16:46:29,2026-06-22
US.US_10Y_TREASURY_RATE_M.FRED,US,US,USA,美国,United States,US_10Y_TREASURY_RATE_M,美国10年期国债收益率,U.S. 10-Year Treasury Rate,2019-06,M,%,NSA,level,2.07,FRED,Federal Reserve Economic Data,GS10,U.S. 10-Year Treasury Rate,https://fred.stlouisfed.org/series/GS10,2026-06-22,final,2026-06-22 16:46:29,2026-06-22
US.US_10Y_TREASURY_RATE_M.FRED,US,US,USA,美国,United States,US_10Y_TREASURY_RATE_M,美国10年期国债收益率,U.S. 10-Year Treasury Rate,2019-07,M,%,NSA,level,2.06,FRED,Federal Reserve Economic Data,GS10,U.S. 10-Year Treasury Rate,https://fred.stlouisfed.org/series/GS10,2026-06-22,final,2026-06-22 16:46:29,2026-06-22
US.US_10Y_TREASURY_RATE_M.FRED,US,US,USA,美国,United States,US_10Y_TREASURY_RATE_M,美国10年期国债收益率,U.S. 10-Year Treasury Rate,2019-08,M,%,NSA,level,1.63,FRED,Federal Reserve Economic Data,GS10,U.S. 10-Year Treasury Rate,https://fred.stlouisfed.org/series/GS10,2026-06-22,final,2026-06-22 16:46:29,2026-06-22
US.US_10Y_TREASURY_RATE_M.FRED,US,US,USA,美国,United States,US_10Y_TREASURY_RATE_M,美国10年期国债收益率,U.S. 10-Year Treasury Rate,2019-09,M,%,NSA,level,1.7,FRED,Federal Reserve Economic Data,GS10,U.S. 10-Year Treasury Rate,https://fred.stlouisfed.org/series/GS10,2026-06-22,final,2026-06-22 16:46:29,2026-06-22
US.US_10Y_TREASURY_RATE_M.FRED,US,US,USA,美国,United States,US_10Y_TREASURY_RATE_M,美国10年期国债收益率,U.S. 10-Year Treasury Rate,2019-10,M,%,NSA,level,1.71,FRED,Federal Reserve Economic Data,GS10,U.S. 10-Year Treasury Rate,https://fred.stlouisfed.org/series/GS10,2026-06-22,final,2026-06-22 16:46:29,2026-06-22
US.US_10Y_TREASURY_RATE_M.FRED,US,US,USA,美国,United States,US_10Y_TREASURY_RATE_M,美国10年期国债收益率,U.S. 10-Year Treasury Rate,2019-11,M,%,NSA,level,1.81,FRED,Federal Reserve Economic Data,GS10,U.S. 10-Year Treasury Rate,https://fred.stlouisfed.org/series/GS10,2026-06-22,final,2026-06-22 16:46:29,2026-06-22
US.US_10Y_TREASURY_RATE_M.FRED,US,US,USA,美国,United States,US_10Y_TREASURY_RATE_M,美国10年期国债收益率,U.S. 10-Year Treasury Rate,2019-12,M,%,NSA,level,1.86,FRED,Federal Reserve Economic Data,GS10,U.S. 10-Year Treasury Rate,https://fred.stlouisfed.org/series/GS10,2026-06-22,final,2026-06-22 16:46:29,2026-06-22
US.US_10Y_TREASURY_RATE_M.FRED,US,US,USA,美国,United States,US_10Y_TREASURY_RATE_M,美国10年期国债收益率,U.S. 10-Year Treasury Rate,2020-01,M,%,NSA,level,1.76,FRED,Federal Reserve Economic Data,GS10,U.S. 10-Year Treasury Rate,https://fred.stlouisfed.org/series/GS10,2026-06-22,final,2026-06-22 16:46:29,2026-06-22
US.US_10Y_TREASURY_RATE_M.FRED,US,US,USA,美国,United States,US_10Y_TREASURY_RATE_M,美国10年期国债收益率,U.S. 10-Year Treasury Rate,2020-02,M,%,NSA,level,1.5,FRED,Federal Reserve Economic Data,GS10,U.S. 10-Year Treasury Rate,https://fred.stlouisfed.org/series/GS10,2026-06-22,final,2026-06-22 16:46:29,2026-06-22
US.US_10Y_TREASURY_RATE_M.FRED,US,US,USA,美国,United States,US_10Y_TREASURY_RATE_M,美国10年期国债收益率,U.S. 10-Year Treasury Rate,2020-03,M,%,NSA,level,0.87,FRED,Federal Reserve Economic Data,GS10,U.S. 10-Year Treasury Rate,https://fred.stlouisfed.org/series/GS10,2026-06-22,final,2026-06-22 16:46:29,2026-06-22
US.US_10Y_TREASURY_RATE_M.FRED,US,US,USA,美国,United States,US_10Y_TREASURY_RATE_M,美国10年期国债收益率,U.S. 10-Year Treasury Rate,2020-04,M,%,NSA,level,0.66,FRED,Federal Reserve Economic Data,GS10,U.S. 10-Year Treasury Rate,https://fred.stlouisfed.org/series/GS10,2026-06-22,final,2026-06-22 16:46:29,2026-06-22
US.US_10Y_TREASURY_RATE_M.FRED,US,US,USA,美国,United States,US_10Y_TREASURY_RATE_M,美国10年期国债收益率,U.S. 10-Year Treasury Rate,2020-05,M,%,NSA,level,0.67,FRED,Federal Reserve Economic Data,GS10,U.S. 10-Year Treasury Rate,https://fred.stlouisfed.org/series/GS10,2026-06-22,final,2026-06-22 16:46:29,2026-06-22
US.US_10Y_TREASURY_RATE_M.FRED,US,US,USA,美国,United States,US_10Y_TREASURY_RATE_M,美国10年期国债收益率,U.S. 10-Year Treasury Rate,2020-06,M,%,NSA,level,0.73,FRED,Federal Reserve Economic Data,GS10,U.S. 10-Year Treasury Rate,https://fred.stlouisfed.org/series/GS10,2026-06-22,final,2026-06-22 16:46:29,2026-06-22
US.US_10Y_TREASURY_RATE_M.FRED,US,US,USA,美国,United States,US_10Y_TREASURY_RATE_M,美国10年期国债收益率,U.S. 10-Year Treasury Rate,2020-07,M,%,NSA,level,0.62,FRED,Federal Reserve Economic Data,GS10,U.S. 10-Year Treasury Rate,https://fred.stlouisfed.org/series/GS10,2026-06-22,final,2026-06-22 16:46:29,2026-06-22
US.US_10Y_TREASURY_RATE_M.FRED,US,US,USA,美国,United States,US_10Y_TREASURY_RATE_M,美国10年期国债收益率,U.S. 10-Year Treasury Rate,2020-08,M,%,NSA,level,0.65,FRED,Federal Reserve Economic Data,GS10,U.S. 10-Year Treasury Rate,https://fred.stlouisfed.org/series/GS10,2026-06-22,final,2026-06-22 16:46:29,2026-06-22
US.US_10Y_TREASURY_RATE_M.FRED,US,US,USA,美国,United States,US_10Y_TREASURY_RATE_M,美国10年期国债收益率,U.S. 10-Year Treasury Rate,2020-09,M,%,NSA,level,0.68,FRED,Federal Reserve Economic Data,GS10,U.S. 10-Year Treasury Rate,https://fred.stlouisfed.org/series/GS10,2026-06-22,final,2026-06-22 16:46:29,2026-06-22
US.US_10Y_TREASURY_RATE_M.FRED,US,US,USA,美国,United States,US_10Y_TREASURY_RATE_M,美国10年期国债收益率,U.S. 10-Year Treasury Rate,2020-10,M,%,NSA,level,0.79,FRED,Federal Reserve Economic Data,GS10,U.S. 10-Year Treasury Rate,https://fred.stlouisfed.org/series/GS10,2026-06-22,final,2026-06-22 16:46:29,2026-06-22
US.US_10Y_TREASURY_RATE_M.FRED,US,US,USA,美国,United States,US_10Y_TREASURY_RATE_M,美国10年期国债收益率,U.S. 10-Year Treasury Rate,2020-11,M,%,NSA,level,0.87,FRED,Federal Reserve Economic Data,GS10,U.S. 10-Year Treasury Rate,https://fred.stlouisfed.org/series/GS10,2026-06-22,final,2026-06-22 16:46:29,2026-06-22
US.US_10Y_TREASURY_RATE_M.FRED,US,US,USA,美国,United States,US_10Y_TREASURY_RATE_M,美国10年期国债收益率,U.S. 10-Year Treasury Rate,2020-12,M,%,NSA,level,0.93,FRED,Federal Reserve Economic Data,GS10,U.S. 10-Year Treasury Rate,https://fred.stlouisfed.org/series/GS10,2026-06-22,final,2026-06-22 16:46:29,2026-06-22
US.US_10Y_TREASURY_RATE_M.FRED,US,US,USA,美国,United States,US_10Y_TREASURY_RATE_M,美国10年期国债收益率,U.S. 10-Year Treasury Rate,2021-01,M,%,NSA,level,1.08,FRED,Federal Reserve Economic Data,GS10,U.S. 10-Year Treasury Rate,https://fred.stlouisfed.org/series/GS10,2026-06-22,final,2026-06-22 16:46:29,2026-06-22
US.US_10Y_TREASURY_RATE_M.FRED,US,US,USA,美国,United States,US_10Y_TREASURY_RATE_M,美国10年期国债收益率,U.S. 10-Year Treasury Rate,2021-02,M,%,NSA,level,1.26,FRED,Federal Reserve Economic Data,GS10,U.S. 10-Year Treasury Rate,https://fred.stlouisfed.org/series/GS10,2026-06-22,final,2026-06-22 16:46:29,2026-06-22
US.US_10Y_TREASURY_RATE_M.FRED,US,US,USA,美国,United States,US_10Y_TREASURY_RATE_M,美国10年期国债收益率,U.S. 10-Year Treasury Rate,2021-03,M,%,NSA,level,1.61,FRED,Federal Reserve Economic Data,GS10,U.S. 10-Year Treasury Rate,https://fred.stlouisfed.org/series/GS10,2026-06-22,final,2026-06-22 16:46:29,2026-06-22
US.US_10Y_TREASURY_RATE_M.FRED,US,US,USA,美国,United States,US_10Y_TREASURY_RATE_M,美国10年期国债收益率,U.S. 10-Year Treasury Rate,2021-04,M,%,NSA,level,1.64,FRED,Federal Reserve Economic Data,GS10,U.S. 10-Year Treasury Rate,https://fred.stlouisfed.org/series/GS10,2026-06-22,final,2026-06-22 16:46:29,2026-06-22
US.US_10Y_TREASURY_RATE_M.FRED,US,US,USA,美国,United States,US_10Y_TREASURY_RATE_M,美国10年期国债收益率,U.S. 10-Year Treasury Rate,2021-05,M,%,NSA,level,1.62,FRED,Federal Reserve Economic Data,GS10,U.S. 10-Year Treasury Rate,https://fred.stlouisfed.org/series/GS10,2026-06-22,final,2026-06-22 16:46:29,2026-06-22
US.US_10Y_TREASURY_RATE_M.FRED,US,US,USA,美国,United States,US_10Y_TREASURY_RATE_M,美国10年期国债收益率,U.S. 10-Year Treasury Rate,2021-06,M,%,NSA,level,1.52,FRED,Federal Reserve Economic Data,GS10,U.S. 10-Year Treasury Rate,https://fred.stlouisfed.org/series/GS10,2026-06-22,final,2026-06-22 16:46:29,2026-06-22
US.US_10Y_TREASURY_RATE_M.FRED,US,US,USA,美国,United States,US_10Y_TREASURY_RATE_M,美国10年期国债收益率,U.S. 10-Year Treasury Rate,2021-07,M,%,NSA,level,1.32,FRED,Federal Reserve Economic Data,GS10,U.S. 10-Year Treasury Rate,https://fred.stlouisfed.org/series/GS10,2026-06-22,final,2026-06-22 16:46:29,2026-06-22
US.US_10Y_TREASURY_RATE_M.FRED,US,US,USA,美国,United States,US_10Y_TREASURY_RATE_M,美国10年期国债收益率,U.S. 10-Year Treasury Rate,2021-08,M,%,NSA,level,1.28,FRED,Federal Reserve Economic Data,GS10,U.S. 10-Year Treasury Rate,https://fred.stlouisfed.org/series/GS10,2026-06-22,final,2026-06-22 16:46:29,2026-06-22
US.US_10Y_TREASURY_RATE_M.FRED,US,US,USA,美国,United States,US_10Y_TREASURY_RATE_M,美国10年期国债收益率,U.S. 10-Year Treasury Rate,2021-09,M,%,NSA,level,1.37,FRED,Federal Reserve Economic Data,GS10,U.S. 10-Year Treasury Rate,https://fred.stlouisfed.org/series/GS10,2026-06-22,final,2026-06-22 16:46:29,2026-06-22
US.US_10Y_TREASURY_RATE_M.FRED,US,US,USA,美国,United States,US_10Y_TREASURY_RATE_M,美国10年期国债收益率,U.S. 10-Year Treasury Rate,2021-10,M,%,NSA,level,1.58,FRED,Federal Reserve Economic Data,GS10,U.S. 10-Year Treasury Rate,https://fred.stlouisfed.org/series/GS10,2026-06-22,final,2026-06-22 16:46:29,2026-06-22
US.US_10Y_TREASURY_RATE_M.FRED,US,US,USA,美国,United States,US_10Y_TREASURY_RATE_M,美国10年期国债收益率,U.S. 10-Year Treasury Rate,2021-11,M,%,NSA,level,1.56,FRED,Federal Reserve Economic Data,GS10,U.S. 10-Year Treasury Rate,https://fred.stlouisfed.org/series/GS10,2026-06-22,final,2026-06-22 16:46:29,2026-06-22
US.US_10Y_TREASURY_RATE_M.FRED,US,US,USA,美国,United States,US_10Y_TREASURY_RATE_M,美国10年期国债收益率,U.S. 10-Year Treasury Rate,2021-12,M,%,NSA,level,1.47,FRED,Federal Reserve Economic Data,GS10,U.S. 10-Year Treasury Rate,https://fred.stlouisfed.org/series/GS10,2026-06-22,final,2026-06-22 16:46:29,2026-06-22
US.US_10Y_TREASURY_RATE_M.FRED,US,US,USA,美国,United States,US_10Y_TREASURY_RATE_M,美国10年期国债收益率,U.S. 10-Year Treasury Rate,2022-01,M,%,NSA,level,1.76,FRED,Federal Reserve Economic Data,GS10,U.S. 10-Year Treasury Rate,https://fred.stlouisfed.org/series/GS10,2026-06-22,final,2026-06-22 16:46:29,2026-06-22
US.US_10Y_TREASURY_RATE_M.FRED,US,US,USA,美国,United States,US_10Y_TREASURY_RATE_M,美国10年期国债收益率,U.S. 10-Year Treasury Rate,2022-02,M,%,NSA,level,1.93,FRED,Federal Reserve Economic Data,GS10,U.S. 10-Year Treasury Rate,https://fred.stlouisfed.org/series/GS10,2026-06-22,final,2026-06-22 16:46:29,2026-06-22
US.US_10Y_TREASURY_RATE_M.FRED,US,US,USA,美国,United States,US_10Y_TREASURY_RATE_M,美国10年期国债收益率,U.S. 10-Year Treasury Rate,2022-03,M,%,NSA,level,2.13,FRED,Federal Reserve Economic Data,GS10,U.S. 10-Year Treasury Rate,https://fred.stlouisfed.org/series/GS10,2026-06-22,final,2026-06-22 16:46:29,2026-06-22
US.US_10Y_TREASURY_RATE_M.FRED,US,US,USA,美国,United States,US_10Y_TREASURY_RATE_M,美国10年期国债收益率,U.S. 10-Year Treasury Rate,2022-04,M,%,NSA,level,2.75,FRED,Federal Reserve Economic Data,GS10,U.S. 10-Year Treasury Rate,https://fred.stlouisfed.org/series/GS10,2026-06-22,final,2026-06-22 16:46:29,2026-06-22
US.US_10Y_TREASURY_RATE_M.FRED,US,US,USA,美国,United States,US_10Y_TREASURY_RATE_M,美国10年期国债收益率,U.S. 10-Year Treasury Rate,2022-05,M,%,NSA,level,2.9,FRED,Federal Reserve Economic Data,GS10,U.S. 10-Year Treasury Rate,https://fred.stlouisfed.org/series/GS10,2026-06-22,final,2026-06-22 16:46:29,2026-06-22
US.US_10Y_TREASURY_RATE_M.FRED,US,US,USA,美国,United States,US_10Y_TREASURY_RATE_M,美国10年期国债收益率,U.S. 10-Year Treasury Rate,2022-06,M,%,NSA,level,3.14,FRED,Federal Reserve Economic Data,GS10,U.S. 10-Year Treasury Rate,https://fred.stlouisfed.org/series/GS10,2026-06-22,final,2026-06-22 16:46:29,2026-06-22
US.US_10Y_TREASURY_RATE_M.FRED,US,US,USA,美国,United States,US_10Y_TREASURY_RATE_M,美国10年期国债收益率,U.S. 10-Year Treasury Rate,2022-07,M,%,NSA,level,2.9,FRED,Federal Reserve Economic Data,GS10,U.S. 10-Year Treasury Rate,https://fred.stlouisfed.org/series/GS10,2026-06-22,final,2026-06-22 16:46:29,2026-06-22
US.US_10Y_TREASURY_RATE_M.FRED,US,US,USA,美国,United States,US_10Y_TREASURY_RATE_M,美国10年期国债收益率,U.S. 10-Year Treasury Rate,2022-08,M,%,NSA,level,2.9,FRED,Federal Reserve Economic Data,GS10,U.S. 10-Year Treasury Rate,https://fred.stlouisfed.org/series/GS10,2026-06-22,final,2026-06-22 16:46:29,2026-06-22
US.US_10Y_TREASURY_RATE_M.FRED,US,US,USA,美国,United States,US_10Y_TREASURY_RATE_M,美国10年期国债收益率,U.S. 10-Year Treasury Rate,2022-09,M,%,NSA,level,3.52,FRED,Federal Reserve Economic Data,GS10,U.S. 10-Year Treasury Rate,https://fred.stlouisfed.org/series/GS10,2026-06-22,final,2026-06-22 16:46:29,2026-06-22
US.US_10Y_TREASURY_RATE_M.FRED,US,US,USA,美国,United States,US_10Y_TREASURY_RATE_M,美国10年期国债收益率,U.S. 10-Year Treasury Rate,2022-10,M,%,NSA,level,3.98,FRED,Federal Reserve Economic Data,GS10,U.S. 10-Year Treasury Rate,https://fred.stlouisfed.org/series/GS10,2026-06-22,final,2026-06-22 16:46:29,2026-06-22
US.US_10Y_TREASURY_RATE_M.FRED,US,US,USA,美国,United States,US_10Y_TREASURY_RATE_M,美国10年期国债收益率,U.S. 10-Year Treasury Rate,2022-11,M,%,NSA,level,3.89,FRED,Federal Reserve Economic Data,GS10,U.S. 10-Year Treasury Rate,https://fred.stlouisfed.org/series/GS10,2026-06-22,final,2026-06-22 16:46:29,2026-06-22
US.US_10Y_TREASURY_RATE_M.FRED,US,US,USA,美国,United States,US_10Y_TREASURY_RATE_M,美国10年期国债收益率,U.S. 10-Year Treasury Rate,2022-12,M,%,NSA,level,3.62,FRED,Federal Reserve Economic Data,GS10,U.S. 10-Year Treasury Rate,https://fred.stlouisfed.org/series/GS10,2026-06-22,final,2026-06-22 16:46:29,2026-06-22
US.US_10Y_TREASURY_RATE_M.FRED,US,US,USA,美国,United States,US_10Y_TREASURY_RATE_M,美国10年期国债收益率,U.S. 10-Year Treasury Rate,2023-01,M,%,NSA,level,3.53,FRED,Federal Reserve Economic Data,GS10,U.S. 10-Year Treasury Rate,https://fred.stlouisfed.org/series/GS10,2026-06-22,final,2026-06-22 16:46:29,2026-06-22
US.US_10Y_TREASURY_RATE_M.FRED,US,US,USA,美国,United States,US_10Y_TREASURY_RATE_M,美国10年期国债收益率,U.S. 10-Year Treasury Rate,2023-02,M,%,NSA,level,3.75,FRED,Federal Reserve Economic Data,GS10,U.S. 10-Year Treasury Rate,https://fred.stlouisfed.org/series/GS10,2026-06-22,final,2026-06-22 16:46:29,2026-06-22
US.US_10Y_TREASURY_RATE_M.FRED,US,US,USA,美国,United States,US_10Y_TREASURY_RATE_M,美国10年期国债收益率,U.S. 10-Year Treasury Rate,2023-03,M,%,NSA,level,3.66,FRED,Federal Reserve Economic Data,GS10,U.S. 10-Year Treasury Rate,https://fred.stlouisfed.org/series/GS10,2026-06-22,final,2026-06-22 16:46:29,2026-06-22
US.US_10Y_TREASURY_RATE_M.FRED,US,US,USA,美国,United States,US_10Y_TREASURY_RATE_M,美国10年期国债收益率,U.S. 10-Year Treasury Rate,2023-04,M,%,NSA,level,3.46,FRED,Federal Reserve Economic Data,GS10,U.S. 10-Year Treasury Rate,https://fred.stlouisfed.org/series/GS10,2026-06-22,final,2026-06-22 16:46:29,2026-06-22
US.US_10Y_TREASURY_RATE_M.FRED,US,US,USA,美国,United States,US_10Y_TREASURY_RATE_M,美国10年期国债收益率,U.S. 10-Year Treasury Rate,2023-05,M,%,NSA,level,3.57,FRED,Federal Reserve Economic Data,GS10,U.S. 10-Year Treasury Rate,https://fred.stlouisfed.org/series/GS10,2026-06-22,final,2026-06-22 16:46:29,2026-06-22
US.US_10Y_TREASURY_RATE_M.FRED,US,US,USA,美国,United States,US_10Y_TREASURY_RATE_M,美国10年期国债收益率,U.S. 10-Year Treasury Rate,2023-06,M,%,NSA,level,3.75,FRED,Federal Reserve Economic Data,GS10,U.S. 10-Year Treasury Rate,https://fred.stlouisfed.org/series/GS10,2026-06-22,final,2026-06-22 16:46:29,2026-06-22
US.US_10Y_TREASURY_RATE_M.FRED,US,US,USA,美国,United States,US_10Y_TREASURY_RATE_M,美国10年期国债收益率,U.S. 10-Year Treasury Rate,2023-07,M,%,NSA,level,3.9,FRED,Federal Reserve Economic Data,GS10,U.S. 10-Year Treasury Rate,https://fred.stlouisfed.org/series/GS10,2026-06-22,final,2026-06-22 16:46:29,2026-06-22
US.US_10Y_TREASURY_RATE_M.FRED,US,US,USA,美国,United States,US_10Y_TREASURY_RATE_M,美国10年期国债收益率,U.S. 10-Year Treasury Rate,2023-08,M,%,NSA,level,4.17,FRED,Federal Reserve Economic Data,GS10,U.S. 10-Year Treasury Rate,https://fred.stlouisfed.org/series/GS10,2026-06-22,final,2026-06-22 16:46:29,2026-06-22
US.US_10Y_TREASURY_RATE_M.FRED,US,US,USA,美国,United States,US_10Y_TREASURY_RATE_M,美国10年期国债收益率,U.S. 10-Year Treasury Rate,2023-09,M,%,NSA,level,4.38,FRED,Federal Reserve Economic Data,GS10,U.S. 10-Year Treasury Rate,https://fred.stlouisfed.org/series/GS10,2026-06-22,final,2026-06-22 16:46:29,2026-06-22
US.US_10Y_TREASURY_RATE_M.FRED,US,US,USA,美国,United States,US_10Y_TREASURY_RATE_M,美国10年期国债收益率,U.S. 10-Year Treasury Rate,2023-10,M,%,NSA,level,4.8,FRED,Federal Reserve Economic Data,GS10,U.S. 10-Year Treasury Rate,https://fred.stlouisfed.org/series/GS10,2026-06-22,final,2026-06-22 16:46:29,2026-06-22
US.US_10Y_TREASURY_RATE_M.FRED,US,US,USA,美国,United States,US_10Y_TREASURY_RATE_M,美国10年期国债收益率,U.S. 10-Year Treasury Rate,2023-11,M,%,NSA,level,4.5,FRED,Federal Reserve Economic Data,GS10,U.S. 10-Year Treasury Rate,https://fred.stlouisfed.org/series/GS10,2026-06-22,final,2026-06-22 16:46:29,2026-06-22
US.US_10Y_TREASURY_RATE_M.FRED,US,US,USA,美国,United States,US_10Y_TREASURY_RATE_M,美国10年期国债收益率,U.S. 10-Year Treasury Rate,2023-12,M,%,NSA,level,4.02,FRED,Federal Reserve Economic Data,GS10,U.S. 10-Year Treasury Rate,https://fred.stlouisfed.org/series/GS10,2026-06-22,final,2026-06-22 16:46:29,2026-06-22
US.US_10Y_TREASURY_RATE_M.FRED,US,US,USA,美国,United States,US_10Y_TREASURY_RATE_M,美国10年期国债收益率,U.S. 10-Year Treasury Rate,2024-01,M,%,NSA,level,4.06,FRED,Federal Reserve Economic Data,GS10,U.S. 10-Year Treasury Rate,https://fred.stlouisfed.org/series/GS10,2026-06-22,final,2026-06-22 16:46:29,2026-06-22
US.US_10Y_TREASURY_RATE_M.FRED,US,US,USA,美国,United States,US_10Y_TREASURY_RATE_M,美国10年期国债收益率,U.S. 10-Year Treasury Rate,2024-02,M,%,NSA,level,4.21,FRED,Federal Reserve Economic Data,GS10,U.S. 10-Year Treasury Rate,https://fred.stlouisfed.org/series/GS10,2026-06-22,final,2026-06-22 16:46:29,2026-06-22
US.US_10Y_TREASURY_RATE_M.FRED,US,US,USA,美国,United States,US_10Y_TREASURY_RATE_M,美国10年期国债收益率,U.S. 10-Year Treasury Rate,2024-03,M,%,NSA,level,4.21,FRED,Federal Reserve Economic Data,GS10,U.S. 10-Year Treasury Rate,https://fred.stlouisfed.org/series/GS10,2026-06-22,final,2026-06-22 16:46:29,2026-06-22
US.US_10Y_TREASURY_RATE_M.FRED,US,US,USA,美国,United States,US_10Y_TREASURY_RATE_M,美国10年期国债收益率,U.S. 10-Year Treasury Rate,2024-04,M,%,NSA,level,4.54,FRED,Federal Reserve Economic Data,GS10,U.S. 10-Year Treasury Rate,https://fred.stlouisfed.org/series/GS10,2026-06-22,final,2026-06-22 16:46:29,2026-06-22
US.US_10Y_TREASURY_RATE_M.FRED,US,US,USA,美国,United States,US_10Y_TREASURY_RATE_M,美国10年期国债收益率,U.S. 10-Year Treasury Rate,2024-05,M,%,NSA,level,4.48,FRED,Federal Reserve Economic Data,GS10,U.S. 10-Year Treasury Rate,https://fred.stlouisfed.org/series/GS10,2026-06-22,final,2026-06-22 16:46:29,2026-06-22
US.US_10Y_TREASURY_RATE_M.FRED,US,US,USA,美国,United States,US_10Y_TREASURY_RATE_M,美国10年期国债收益率,U.S. 10-Year Treasury Rate,2024-06,M,%,NSA,level,4.31,FRED,Federal Reserve Economic Data,GS10,U.S. 10-Year Treasury Rate,https://fred.stlouisfed.org/series/GS10,2026-06-22,final,2026-06-22 16:46:29,2026-06-22
US.US_10Y_TREASURY_RATE_M.FRED,US,US,USA,美国,United States,US_10Y_TREASURY_RATE_M,美国10年期国债收益率,U.S. 10-Year Treasury Rate,2024-07,M,%,NSA,level,4.25,FRED,Federal Reserve Economic Data,GS10,U.S. 10-Year Treasury Rate,https://fred.stlouisfed.org/series/GS10,2026-06-22,final,2026-06-22 16:46:29,2026-06-22
US.US_10Y_TREASURY_RATE_M.FRED,US,US,USA,美国,United States,US_10Y_TREASURY_RATE_M,美国10年期国债收益率,U.S. 10-Year Treasury Rate,2024-08,M,%,NSA,level,3.87,FRED,Federal Reserve Economic Data,GS10,U.S. 10-Year Treasury Rate,https://fred.stlouisfed.org/series/GS10,2026-06-22,final,2026-06-22 16:46:29,2026-06-22
US.US_10Y_TREASURY_RATE_M.FRED,US,US,USA,美国,United States,US_10Y_TREASURY_RATE_M,美国10年期国债收益率,U.S. 10-Year Treasury Rate,2024-09,M,%,NSA,level,3.72,FRED,Federal Reserve Economic Data,GS10,U.S. 10-Year Treasury Rate,https://fred.stlouisfed.org/series/GS10,2026-06-22,final,2026-06-22 16:46:29,2026-06-22
US.US_10Y_TREASURY_RATE_M.FRED,US,US,USA,美国,United States,US_10Y_TREASURY_RATE_M,美国10年期国债收益率,U.S. 10-Year Treasury Rate,2024-10,M,%,NSA,level,4.1,FRED,Federal Reserve Economic Data,GS10,U.S. 10-Year Treasury Rate,https://fred.stlouisfed.org/series/GS10,2026-06-22,final,2026-06-22 16:46:29,2026-06-22
US.US_10Y_TREASURY_RATE_M.FRED,US,US,USA,美国,United States,US_10Y_TREASURY_RATE_M,美国10年期国债收益率,U.S. 10-Year Treasury Rate,2024-11,M,%,NSA,level,4.36,FRED,Federal Reserve Economic Data,GS10,U.S. 10-Year Treasury Rate,https://fred.stlouisfed.org/series/GS10,2026-06-22,final,2026-06-22 16:46:29,2026-06-22
US.US_10Y_TREASURY_RATE_M.FRED,US,US,USA,美国,United States,US_10Y_TREASURY_RATE_M,美国10年期国债收益率,U.S. 10-Year Treasury Rate,2024-12,M,%,NSA,level,4.39,FRED,Federal Reserve Economic Data,GS10,U.S. 10-Year Treasury Rate,https://fred.stlouisfed.org/series/GS10,2026-06-22,final,2026-06-22 16:46:29,2026-06-22
US.US_10Y_TREASURY_RATE_M.FRED,US,US,USA,美国,United States,US_10Y_TREASURY_RATE_M,美国10年期国债收益率,U.S. 10-Year Treasury Rate,2025-01,M,%,NSA,level,4.63,FRED,Federal Reserve Economic Data,GS10,U.S. 10-Year Treasury Rate,https://fred.stlouisfed.org/series/GS10,2026-06-22,final,2026-06-22 16:46:29,2026-06-22
US.US_10Y_TREASURY_RATE_M.FRED,US,US,USA,美国,United States,US_10Y_TREASURY_RATE_M,美国10年期国债收益率,U.S. 10-Year Treasury Rate,2025-02,M,%,NSA,level,4.45,FRED,Federal Reserve Economic Data,GS10,U.S. 10-Year Treasury Rate,https://fred.stlouisfed.org/series/GS10,2026-06-22,final,2026-06-22 16:46:29,2026-06-22
US.US_10Y_TREASURY_RATE_M.FRED,US,US,USA,美国,United States,US_10Y_TREASURY_RATE_M,美国10年期国债收益率,U.S. 10-Year Treasury Rate,2025-03,M,%,NSA,level,4.28,FRED,Federal Reserve Economic Data,GS10,U.S. 10-Year Treasury Rate,https://fred.stlouisfed.org/series/GS10,2026-06-22,final,2026-06-22 16:46:29,2026-06-22
US.US_10Y_TREASURY_RATE_M.FRED,US,US,USA,美国,United States,US_10Y_TREASURY_RATE_M,美国10年期国债收益率,U.S. 10-Year Treasury Rate,2025-04,M,%,NSA,level,4.28,FRED,Federal Reserve Economic Data,GS10,U.S. 10-Year Treasury Rate,https://fred.stlouisfed.org/series/GS10,2026-06-22,final,2026-06-22 16:46:29,2026-06-22
US.US_10Y_TREASURY_RATE_M.FRED,US,US,USA,美国,United States,US_10Y_TREASURY_RATE_M,美国10年期国债收益率,U.S. 10-Year Treasury Rate,2025-05,M,%,NSA,level,4.42,FRED,Federal Reserve Economic Data,GS10,U.S. 10-Year Treasury Rate,https://fred.stlouisfed.org/series/GS10,2026-06-22,final,2026-06-22 16:46:29,2026-06-22
US.US_10Y_TREASURY_RATE_M.FRED,US,US,USA,美国,United States,US_10Y_TREASURY_RATE_M,美国10年期国债收益率,U.S. 10-Year Treasury Rate,2025-06,M,%,NSA,level,4.38,FRED,Federal Reserve Economic Data,GS10,U.S. 10-Year Treasury Rate,https://fred.stlouisfed.org/series/GS10,2026-06-22,final,2026-06-22 16:46:29,2026-06-22
US.US_10Y_TREASURY_RATE_M.FRED,US,US,USA,美国,United States,US_10Y_TREASURY_RATE_M,美国10年期国债收益率,U.S. 10-Year Treasury Rate,2025-07,M,%,NSA,level,4.39,FRED,Federal Reserve Economic Data,GS10,U.S. 10-Year Treasury Rate,https://fred.stlouisfed.org/series/GS10,2026-06-22,final,2026-06-22 16:46:29,2026-06-22
US.US_10Y_TREASURY_RATE_M.FRED,US,US,USA,美国,United States,US_10Y_TREASURY_RATE_M,美国10年期国债收益率,U.S. 10-Year Treasury Rate,2025-08,M,%,NSA,level,4.26,FRED,Federal Reserve Economic Data,GS10,U.S. 10-Year Treasury Rate,https://fred.stlouisfed.org/series/GS10,2026-06-22,final,2026-06-22 16:46:29,2026-06-22
US.US_10Y_TREASURY_RATE_M.FRED,US,US,USA,美国,United States,US_10Y_TREASURY_RATE_M,美国10年期国债收益率,U.S. 10-Year Treasury Rate,2025-09,M,%,NSA,level,4.12,FRED,Federal Reserve Economic Data,GS10,U.S. 10-Year Treasury Rate,https://fred.stlouisfed.org/series/GS10,2026-06-22,final,2026-06-22 16:46:29,2026-06-22
US.US_10Y_TREASURY_RATE_M.FRED,US,US,USA,美国,United States,US_10Y_TREASURY_RATE_M,美国10年期国债收益率,U.S. 10-Year Treasury Rate,2025-10,M,%,NSA,level,4.06,FRED,Federal Reserve Economic Data,GS10,U.S. 10-Year Treasury Rate,https://fred.stlouisfed.org/series/GS10,2026-06-22,final,2026-06-22 16:46:29,2026-06-22
US.US_10Y_TREASURY_RATE_M.FRED,US,US,USA,美国,United States,US_10Y_TREASURY_RATE_M,美国10年期国债收益率,U.S. 10-Year Treasury Rate,2025-11,M,%,NSA,level,4.09,FRED,Federal Reserve Economic Data,GS10,U.S. 10-Year Treasury Rate,https://fred.stlouisfed.org/series/GS10,2026-06-22,final,2026-06-22 16:46:29,2026-06-22
US.US_10Y_TREASURY_RATE_M.FRED,US,US,USA,美国,United States,US_10Y_TREASURY_RATE_M,美国10年期国债收益率,U.S. 10-Year Treasury Rate,2025-12,M,%,NSA,level,4.14,FRED,Federal Reserve Economic Data,GS10,U.S. 10-Year Treasury Rate,https://fred.stlouisfed.org/series/GS10,2026-06-22,final,2026-06-22 16:46:29,2026-06-22
US.US_10Y_TREASURY_RATE_M.FRED,US,US,USA,美国,United States,US_10Y_TREASURY_RATE_M,美国10年期国债收益率,U.S. 10-Year Treasury Rate,2026-01,M,%,NSA,level,4.21,FRED,Federal Reserve Economic Data,GS10,U.S. 10-Year Treasury Rate,https://fred.stlouisfed.org/series/GS10,2026-06-22,final,2026-06-22 16:46:29,2026-06-22
US.US_10Y_TREASURY_RATE_M.FRED,US,US,USA,美国,United States,US_10Y_TREASURY_RATE_M,美国10年期国债收益率,U.S. 10-Year Treasury Rate,2026-02,M,%,NSA,level,4.13,FRED,Federal Reserve Economic Data,GS10,U.S. 10-Year Treasury Rate,https://fred.stlouisfed.org/series/GS10,2026-06-22,final,2026-06-22 16:46:29,2026-06-22
US.US_10Y_TREASURY_RATE_M.FRED,US,US,USA,美国,United States,US_10Y_TREASURY_RATE_M,美国10年期国债收益率,U.S. 10-Year Treasury Rate,2026-03,M,%,NSA,level,4.25,FRED,Federal Reserve Economic Data,GS10,U.S. 10-Year Treasury Rate,https://fred.stlouisfed.org/series/GS10,2026-06-22,final,2026-06-22 16:46:29,2026-06-22
US.US_10Y_TREASURY_RATE_M.FRED,US,US,USA,美国,United States,US_10Y_TREASURY_RATE_M,美国10年期国债收益率,U.S. 10-Year Treasury Rate,2026-04,M,%,NSA,level,4.32,FRED,Federal Reserve Economic Data,GS10,U.S. 10-Year Treasury Rate,https://fred.stlouisfed.org/series/GS10,2026-06-22,final,2026-06-22 16:46:29,2026-06-22
US.US_10Y_TREASURY_RATE_M.FRED,US,US,USA,美国,United States,US_10Y_TREASURY_RATE_M,美国10年期国债收益率,U.S. 10-Year Treasury Rate,2026-05,M,%,NSA,level,4.48,FRED,Federal Reserve Economic Data,GS10,U.S. 10-Year Treasury Rate,https://fred.stlouisfed.org/series/GS10,2026-06-22,final,2026-06-22 16:46:29,2026-06-22
US.US_2Y_TREASURY_RATE_M.FRED,US,US,USA,美国,United States,US_2Y_TREASURY_RATE_M,美国2年期国债收益率,U.S. 2-Year Treasury Rate,2015-01,M,%,NSA,level,0.55,FRED,Federal Reserve Economic Data,GS2,U.S. 2-Year Treasury Rate,https://fred.stlouisfed.org/series/GS2,2026-06-22,final,2026-06-22 16:46:29,2026-06-22
US.US_2Y_TREASURY_RATE_M.FRED,US,US,USA,美国,United States,US_2Y_TREASURY_RATE_M,美国2年期国债收益率,U.S. 2-Year Treasury Rate,2015-02,M,%,NSA,level,0.62,FRED,Federal Reserve Economic Data,GS2,U.S. 2-Year Treasury Rate,https://fred.stlouisfed.org/series/GS2,2026-06-22,final,2026-06-22 16:46:29,2026-06-22
US.US_2Y_TREASURY_RATE_M.FRED,US,US,USA,美国,United States,US_2Y_TREASURY_RATE_M,美国2年期国债收益率,U.S. 2-Year Treasury Rate,2015-03,M,%,NSA,level,0.64,FRED,Federal Reserve Economic Data,GS2,U.S. 2-Year Treasury Rate,https://fred.stlouisfed.org/series/GS2,2026-06-22,final,2026-06-22 16:46:29,2026-06-22
US.US_2Y_TREASURY_RATE_M.FRED,US,US,USA,美国,United States,US_2Y_TREASURY_RATE_M,美国2年期国债收益率,U.S. 2-Year Treasury Rate,2015-04,M,%,NSA,level,0.54,FRED,Federal Reserve Economic Data,GS2,U.S. 2-Year Treasury Rate,https://fred.stlouisfed.org/series/GS2,2026-06-22,final,2026-06-22 16:46:29,2026-06-22
US.US_2Y_TREASURY_RATE_M.FRED,US,US,USA,美国,United States,US_2Y_TREASURY_RATE_M,美国2年期国债收益率,U.S. 2-Year Treasury Rate,2015-05,M,%,NSA,level,0.61,FRED,Federal Reserve Economic Data,GS2,U.S. 2-Year Treasury Rate,https://fred.stlouisfed.org/series/GS2,2026-06-22,final,2026-06-22 16:46:29,2026-06-22
US.US_2Y_TREASURY_RATE_M.FRED,US,US,USA,美国,United States,US_2Y_TREASURY_RATE_M,美国2年期国债收益率,U.S. 2-Year Treasury Rate,2015-06,M,%,NSA,level,0.69,FRED,Federal Reserve Economic Data,GS2,U.S. 2-Year Treasury Rate,https://fred.stlouisfed.org/series/GS2,2026-06-22,final,2026-06-22 16:46:29,2026-06-22
US.US_2Y_TREASURY_RATE_M.FRED,US,US,USA,美国,United States,US_2Y_TREASURY_RATE_M,美国2年期国债收益率,U.S. 2-Year Treasury Rate,2015-07,M,%,NSA,level,0.67,FRED,Federal Reserve Economic Data,GS2,U.S. 2-Year Treasury Rate,https://fred.stlouisfed.org/series/GS2,2026-06-22,final,2026-06-22 16:46:29,2026-06-22
US.US_2Y_TREASURY_RATE_M.FRED,US,US,USA,美国,United States,US_2Y_TREASURY_RATE_M,美国2年期国债收益率,U.S. 2-Year Treasury Rate,2015-08,M,%,NSA,level,0.7,FRED,Federal Reserve Economic Data,GS2,U.S. 2-Year Treasury Rate,https://fred.stlouisfed.org/series/GS2,2026-06-22,final,2026-06-22 16:46:29,2026-06-22
US.US_2Y_TREASURY_RATE_M.FRED,US,US,USA,美国,United States,US_2Y_TREASURY_RATE_M,美国2年期国债收益率,U.S. 2-Year Treasury Rate,2015-09,M,%,NSA,level,0.71,FRED,Federal Reserve Economic Data,GS2,U.S. 2-Year Treasury Rate,https://fred.stlouisfed.org/series/GS2,2026-06-22,final,2026-06-22 16:46:29,2026-06-22
US.US_2Y_TREASURY_RATE_M.FRED,US,US,USA,美国,United States,US_2Y_TREASURY_RATE_M,美国2年期国债收益率,U.S. 2-Year Treasury Rate,2015-10,M,%,NSA,level,0.64,FRED,Federal Reserve Economic Data,GS2,U.S. 2-Year Treasury Rate,https://fred.stlouisfed.org/series/GS2,2026-06-22,final,2026-06-22 16:46:29,2026-06-22
US.US_2Y_TREASURY_RATE_M.FRED,US,US,USA,美国,United States,US_2Y_TREASURY_RATE_M,美国2年期国债收益率,U.S. 2-Year Treasury Rate,2015-11,M,%,NSA,level,0.88,FRED,Federal Reserve Economic Data,GS2,U.S. 2-Year Treasury Rate,https://fred.stlouisfed.org/series/GS2,2026-06-22,final,2026-06-22 16:46:29,2026-06-22
US.US_2Y_TREASURY_RATE_M.FRED,US,US,USA,美国,United States,US_2Y_TREASURY_RATE_M,美国2年期国债收益率,U.S. 2-Year Treasury Rate,2015-12,M,%,NSA,level,0.98,FRED,Federal Reserve Economic Data,GS2,U.S. 2-Year Treasury Rate,https://fred.stlouisfed.org/series/GS2,2026-06-22,final,2026-06-22 16:46:29,2026-06-22
US.US_2Y_TREASURY_RATE_M.FRED,US,US,USA,美国,United States,US_2Y_TREASURY_RATE_M,美国2年期国债收益率,U.S. 2-Year Treasury Rate,2016-01,M,%,NSA,level,0.9,FRED,Federal Reserve Economic Data,GS2,U.S. 2-Year Treasury Rate,https://fred.stlouisfed.org/series/GS2,2026-06-22,final,2026-06-22 16:46:29,2026-06-22
US.US_2Y_TREASURY_RATE_M.FRED,US,US,USA,美国,United States,US_2Y_TREASURY_RATE_M,美国2年期国债收益率,U.S. 2-Year Treasury Rate,2016-02,M,%,NSA,level,0.73,FRED,Federal Reserve Economic Data,GS2,U.S. 2-Year Treasury Rate,https://fred.stlouisfed.org/series/GS2,2026-06-22,final,2026-06-22 16:46:29,2026-06-22
US.US_2Y_TREASURY_RATE_M.FRED,US,US,USA,美国,United States,US_2Y_TREASURY_RATE_M,美国2年期国债收益率,U.S. 2-Year Treasury Rate,2016-03,M,%,NSA,level,0.88,FRED,Federal Reserve Economic Data,GS2,U.S. 2-Year Treasury Rate,https://fred.stlouisfed.org/series/GS2,2026-06-22,final,2026-06-22 16:46:29,2026-06-22
US.US_2Y_TREASURY_RATE_M.FRED,US,US,USA,美国,United States,US_2Y_TREASURY_RATE_M,美国2年期国债收益率,U.S. 2-Year Treasury Rate,2016-04,M,%,NSA,level,0.77,FRED,Federal Reserve Economic Data,GS2,U.S. 2-Year Treasury Rate,https://fred.stlouisfed.org/series/GS2,2026-06-22,final,2026-06-22 16:46:29,2026-06-22
US.US_2Y_TREASURY_RATE_M.FRED,US,US,USA,美国,United States,US_2Y_TREASURY_RATE_M,美国2年期国债收益率,U.S. 2-Year Treasury Rate,2016-05,M,%,NSA,level,0.82,FRED,Federal Reserve Economic Data,GS2,U.S. 2-Year Treasury Rate,https://fred.stlouisfed.org/series/GS2,2026-06-22,final,2026-06-22 16:46:29,2026-06-22
US.US_2Y_TREASURY_RATE_M.FRED,US,US,USA,美国,United States,US_2Y_TREASURY_RATE_M,美国2年期国债收益率,U.S. 2-Year Treasury Rate,2016-06,M,%,NSA,level,0.73,FRED,Federal Reserve Economic Data,GS2,U.S. 2-Year Treasury Rate,https://fred.stlouisfed.org/series/GS2,2026-06-22,final,2026-06-22 16:46:29,2026-06-22
US.US_2Y_TREASURY_RATE_M.FRED,US,US,USA,美国,United States,US_2Y_TREASURY_RATE_M,美国2年期国债收益率,U.S. 2-Year Treasury Rate,2016-07,M,%,NSA,level,0.67,FRED,Federal Reserve Economic Data,GS2,U.S. 2-Year Treasury Rate,https://fred.stlouisfed.org/series/GS2,2026-06-22,final,2026-06-22 16:46:29,2026-06-22
US.US_2Y_TREASURY_RATE_M.FRED,US,US,USA,美国,United States,US_2Y_TREASURY_RATE_M,美国2年期国债收益率,U.S. 2-Year Treasury Rate,2016-08,M,%,NSA,level,0.74,FRED,Federal Reserve Economic Data,GS2,U.S. 2-Year Treasury Rate,https://fred.stlouisfed.org/series/GS2,2026-06-22,final,2026-06-22 16:46:29,2026-06-22
US.US_2Y_TREASURY_RATE_M.FRED,US,US,USA,美国,United States,US_2Y_TREASURY_RATE_M,美国2年期国债收益率,U.S. 2-Year Treasury Rate,2016-09,M,%,NSA,level,0.77,FRED,Federal Reserve Economic Data,GS2,U.S. 2-Year Treasury Rate,https://fred.stlouisfed.org/series/GS2,2026-06-22,final,2026-06-22 16:46:29,2026-06-22
US.US_2Y_TREASURY_RATE_M.FRED,US,US,USA,美国,United States,US_2Y_TREASURY_RATE_M,美国2年期国债收益率,U.S. 2-Year Treasury Rate,2016-10,M,%,NSA,level,0.84,FRED,Federal Reserve Economic Data,GS2,U.S. 2-Year Treasury Rate,https://fred.stlouisfed.org/series/GS2,2026-06-22,final,2026-06-22 16:46:29,2026-06-22
US.US_2Y_TREASURY_RATE_M.FRED,US,US,USA,美国,United States,US_2Y_TREASURY_RATE_M,美国2年期国债收益率,U.S. 2-Year Treasury Rate,2016-11,M,%,NSA,level,0.98,FRED,Federal Reserve Economic Data,GS2,U.S. 2-Year Treasury Rate,https://fred.stlouisfed.org/series/GS2,2026-06-22,final,2026-06-22 16:46:29,2026-06-22
US.US_2Y_TREASURY_RATE_M.FRED,US,US,USA,美国,United States,US_2Y_TREASURY_RATE_M,美国2年期国债收益率,U.S. 2-Year Treasury Rate,2016-12,M,%,NSA,level,1.2,FRED,Federal Reserve Economic Data,GS2,U.S. 2-Year Treasury Rate,https://fred.stlouisfed.org/series/GS2,2026-06-22,final,2026-06-22 16:46:29,2026-06-22
US.US_2Y_TREASURY_RATE_M.FRED,US,US,USA,美国,United States,US_2Y_TREASURY_RATE_M,美国2年期国债收益率,U.S. 2-Year Treasury Rate,2017-01,M,%,NSA,level,1.21,FRED,Federal Reserve Economic Data,GS2,U.S. 2-Year Treasury Rate,https://fred.stlouisfed.org/series/GS2,2026-06-22,final,2026-06-22 16:46:29,2026-06-22
US.US_2Y_TREASURY_RATE_M.FRED,US,US,USA,美国,United States,US_2Y_TREASURY_RATE_M,美国2年期国债收益率,U.S. 2-Year Treasury Rate,2017-02,M,%,NSA,level,1.2,FRED,Federal Reserve Economic Data,GS2,U.S. 2-Year Treasury Rate,https://fred.stlouisfed.org/series/GS2,2026-06-22,final,2026-06-22 16:46:29,2026-06-22
US.US_2Y_TREASURY_RATE_M.FRED,US,US,USA,美国,United States,US_2Y_TREASURY_RATE_M,美国2年期国债收益率,U.S. 2-Year Treasury Rate,2017-03,M,%,NSA,level,1.31,FRED,Federal Reserve Economic Data,GS2,U.S. 2-Year Treasury Rate,https://fred.stlouisfed.org/series/GS2,2026-06-22,final,2026-06-22 16:46:29,2026-06-22
US.US_2Y_TREASURY_RATE_M.FRED,US,US,USA,美国,United States,US_2Y_TREASURY_RATE_M,美国2年期国债收益率,U.S. 2-Year Treasury Rate,2017-04,M,%,NSA,level,1.24,FRED,Federal Reserve Economic Data,GS2,U.S. 2-Year Treasury Rate,https://fred.stlouisfed.org/series/GS2,2026-06-22,final,2026-06-22 16:46:29,2026-06-22
US.US_2Y_TREASURY_RATE_M.FRED,US,US,USA,美国,United States,US_2Y_TREASURY_RATE_M,美国2年期国债收益率,U.S. 2-Year Treasury Rate,2017-05,M,%,NSA,level,1.3,FRED,Federal Reserve Economic Data,GS2,U.S. 2-Year Treasury Rate,https://fred.stlouisfed.org/series/GS2,2026-06-22,final,2026-06-22 16:46:29,2026-06-22
US.US_2Y_TREASURY_RATE_M.FRED,US,US,USA,美国,United States,US_2Y_TREASURY_RATE_M,美国2年期国债收益率,U.S. 2-Year Treasury Rate,2017-06,M,%,NSA,level,1.34,FRED,Federal Reserve Economic Data,GS2,U.S. 2-Year Treasury Rate,https://fred.stlouisfed.org/series/GS2,2026-06-22,final,2026-06-22 16:46:29,2026-06-22
US.US_2Y_TREASURY_RATE_M.FRED,US,US,USA,美国,United States,US_2Y_TREASURY_RATE_M,美国2年期国债收益率,U.S. 2-Year Treasury Rate,2017-07,M,%,NSA,level,1.37,FRED,Federal Reserve Economic Data,GS2,U.S. 2-Year Treasury Rate,https://fred.stlouisfed.org/series/GS2,2026-06-22,final,2026-06-22 16:46:29,2026-06-22
US.US_2Y_TREASURY_RATE_M.FRED,US,US,USA,美国,United States,US_2Y_TREASURY_RATE_M,美国2年期国债收益率,U.S. 2-Year Treasury Rate,2017-08,M,%,NSA,level,1.34,FRED,Federal Reserve Economic Data,GS2,U.S. 2-Year Treasury Rate,https://fred.stlouisfed.org/series/GS2,2026-06-22,final,2026-06-22 16:46:29,2026-06-22
US.US_2Y_TREASURY_RATE_M.FRED,US,US,USA,美国,United States,US_2Y_TREASURY_RATE_M,美国2年期国债收益率,U.S. 2-Year Treasury Rate,2017-09,M,%,NSA,level,1.38,FRED,Federal Reserve Economic Data,GS2,U.S. 2-Year Treasury Rate,https://fred.stlouisfed.org/series/GS2,2026-06-22,final,2026-06-22 16:46:29,2026-06-22
US.US_2Y_TREASURY_RATE_M.FRED,US,US,USA,美国,United States,US_2Y_TREASURY_RATE_M,美国2年期国债收益率,U.S. 2-Year Treasury Rate,2017-10,M,%,NSA,level,1.55,FRED,Federal Reserve Economic Data,GS2,U.S. 2-Year Treasury Rate,https://fred.stlouisfed.org/series/GS2,2026-06-22,final,2026-06-22 16:46:29,2026-06-22
US.US_2Y_TREASURY_RATE_M.FRED,US,US,USA,美国,United States,US_2Y_TREASURY_RATE_M,美国2年期国债收益率,U.S. 2-Year Treasury Rate,2017-11,M,%,NSA,level,1.7,FRED,Federal Reserve Economic Data,GS2,U.S. 2-Year Treasury Rate,https://fred.stlouisfed.org/series/GS2,2026-06-22,final,2026-06-22 16:46:29,2026-06-22
US.US_2Y_TREASURY_RATE_M.FRED,US,US,USA,美国,United States,US_2Y_TREASURY_RATE_M,美国2年期国债收益率,U.S. 2-Year Treasury Rate,2017-12,M,%,NSA,level,1.84,FRED,Federal Reserve Economic Data,GS2,U.S. 2-Year Treasury Rate,https://fred.stlouisfed.org/series/GS2,2026-06-22,final,2026-06-22 16:46:29,2026-06-22
US.US_2Y_TREASURY_RATE_M.FRED,US,US,USA,美国,United States,US_2Y_TREASURY_RATE_M,美国2年期国债收益率,U.S. 2-Year Treasury Rate,2018-01,M,%,NSA,level,2.03,FRED,Federal Reserve Economic Data,GS2,U.S. 2-Year Treasury Rate,https://fred.stlouisfed.org/series/GS2,2026-06-22,final,2026-06-22 16:46:29,2026-06-22
US.US_2Y_TREASURY_RATE_M.FRED,US,US,USA,美国,United States,US_2Y_TREASURY_RATE_M,美国2年期国债收益率,U.S. 2-Year Treasury Rate,2018-02,M,%,NSA,level,2.18,FRED,Federal Reserve Economic Data,GS2,U.S. 2-Year Treasury Rate,https://fred.stlouisfed.org/series/GS2,2026-06-22,final,2026-06-22 16:46:29,2026-06-22
US.US_2Y_TREASURY_RATE_M.FRED,US,US,USA,美国,United States,US_2Y_TREASURY_RATE_M,美国2年期国债收益率,U.S. 2-Year Treasury Rate,2018-03,M,%,NSA,level,2.28,FRED,Federal Reserve Economic Data,GS2,U.S. 2-Year Treasury Rate,https://fred.stlouisfed.org/series/GS2,2026-06-22,final,2026-06-22 16:46:29,2026-06-22
US.US_2Y_TREASURY_RATE_M.FRED,US,US,USA,美国,United States,US_2Y_TREASURY_RATE_M,美国2年期国债收益率,U.S. 2-Year Treasury Rate,2018-04,M,%,NSA,level,2.38,FRED,Federal Reserve Economic Data,GS2,U.S. 2-Year Treasury Rate,https://fred.stlouisfed.org/series/GS2,2026-06-22,final,2026-06-22 16:46:29,2026-06-22
US.US_2Y_TREASURY_RATE_M.FRED,US,US,USA,美国,United States,US_2Y_TREASURY_RATE_M,美国2年期国债收益率,U.S. 2-Year Treasury Rate,2018-05,M,%,NSA,level,2.51,FRED,Federal Reserve Economic Data,GS2,U.S. 2-Year Treasury Rate,https://fred.stlouisfed.org/series/GS2,2026-06-22,final,2026-06-22 16:46:29,2026-06-22
US.US_2Y_TREASURY_RATE_M.FRED,US,US,USA,美国,United States,US_2Y_TREASURY_RATE_M,美国2年期国债收益率,U.S. 2-Year Treasury Rate,2018-06,M,%,NSA,level,2.53,FRED,Federal Reserve Economic Data,GS2,U.S. 2-Year Treasury Rate,https://fred.stlouisfed.org/series/GS2,2026-06-22,final,2026-06-22 16:46:29,2026-06-22
US.US_2Y_TREASURY_RATE_M.FRED,US,US,USA,美国,United States,US_2Y_TREASURY_RATE_M,美国2年期国债收益率,U.S. 2-Year Treasury Rate,2018-07,M,%,NSA,level,2.61,FRED,Federal Reserve Economic Data,GS2,U.S. 2-Year Treasury Rate,https://fred.stlouisfed.org/series/GS2,2026-06-22,final,2026-06-22 16:46:29,2026-06-22
US.US_2Y_TREASURY_RATE_M.FRED,US,US,USA,美国,United States,US_2Y_TREASURY_RATE_M,美国2年期国债收益率,U.S. 2-Year Treasury Rate,2018-08,M,%,NSA,level,2.64,FRED,Federal Reserve Economic Data,GS2,U.S. 2-Year Treasury Rate,https://fred.stlouisfed.org/series/GS2,2026-06-22,final,2026-06-22 16:46:29,2026-06-22
US.US_2Y_TREASURY_RATE_M.FRED,US,US,USA,美国,United States,US_2Y_TREASURY_RATE_M,美国2年期国债收益率,U.S. 2-Year Treasury Rate,2018-09,M,%,NSA,level,2.77,FRED,Federal Reserve Economic Data,GS2,U.S. 2-Year Treasury Rate,https://fred.stlouisfed.org/series/GS2,2026-06-22,final,2026-06-22 16:46:29,2026-06-22
US.US_2Y_TREASURY_RATE_M.FRED,US,US,USA,美国,United States,US_2Y_TREASURY_RATE_M,美国2年期国债收益率,U.S. 2-Year Treasury Rate,2018-10,M,%,NSA,level,2.86,FRED,Federal Reserve Economic Data,GS2,U.S. 2-Year Treasury Rate,https://fred.stlouisfed.org/series/GS2,2026-06-22,final,2026-06-22 16:46:29,2026-06-22
US.US_2Y_TREASURY_RATE_M.FRED,US,US,USA,美国,United States,US_2Y_TREASURY_RATE_M,美国2年期国债收益率,U.S. 2-Year Treasury Rate,2018-11,M,%,NSA,level,2.86,FRED,Federal Reserve Economic Data,GS2,U.S. 2-Year Treasury Rate,https://fred.stlouisfed.org/series/GS2,2026-06-22,final,2026-06-22 16:46:29,2026-06-22
US.US_2Y_TREASURY_RATE_M.FRED,US,US,USA,美国,United States,US_2Y_TREASURY_RATE_M,美国2年期国债收益率,U.S. 2-Year Treasury Rate,2018-12,M,%,NSA,level,2.68,FRED,Federal Reserve Economic Data,GS2,U.S. 2-Year Treasury Rate,https://fred.stlouisfed.org/series/GS2,2026-06-22,final,2026-06-22 16:46:29,2026-06-22
US.US_2Y_TREASURY_RATE_M.FRED,US,US,USA,美国,United States,US_2Y_TREASURY_RATE_M,美国2年期国债收益率,U.S. 2-Year Treasury Rate,2019-01,M,%,NSA,level,2.54,FRED,Federal Reserve Economic Data,GS2,U.S. 2-Year Treasury Rate,https://fred.stlouisfed.org/series/GS2,2026-06-22,final,2026-06-22 16:46:29,2026-06-22
US.US_2Y_TREASURY_RATE_M.FRED,US,US,USA,美国,United States,US_2Y_TREASURY_RATE_M,美国2年期国债收益率,U.S. 2-Year Treasury Rate,2019-02,M,%,NSA,level,2.5,FRED,Federal Reserve Economic Data,GS2,U.S. 2-Year Treasury Rate,https://fred.stlouisfed.org/series/GS2,2026-06-22,final,2026-06-22 16:46:29,2026-06-22
US.US_2Y_TREASURY_RATE_M.FRED,US,US,USA,美国,United States,US_2Y_TREASURY_RATE_M,美国2年期国债收益率,U.S. 2-Year Treasury Rate,2019-03,M,%,NSA,level,2.41,FRED,Federal Reserve Economic Data,GS2,U.S. 2-Year Treasury Rate,https://fred.stlouisfed.org/series/GS2,2026-06-22,final,2026-06-22 16:46:29,2026-06-22
US.US_2Y_TREASURY_RATE_M.FRED,US,US,USA,美国,United States,US_2Y_TREASURY_RATE_M,美国2年期国债收益率,U.S. 2-Year Treasury Rate,2019-04,M,%,NSA,level,2.34,FRED,Federal Reserve Economic Data,GS2,U.S. 2-Year Treasury Rate,https://fred.stlouisfed.org/series/GS2,2026-06-22,final,2026-06-22 16:46:29,2026-06-22
US.US_2Y_TREASURY_RATE_M.FRED,US,US,USA,美国,United States,US_2Y_TREASURY_RATE_M,美国2年期国债收益率,U.S. 2-Year Treasury Rate,2019-05,M,%,NSA,level,2.21,FRED,Federal Reserve Economic Data,GS2,U.S. 2-Year Treasury Rate,https://fred.stlouisfed.org/series/GS2,2026-06-22,final,2026-06-22 16:46:29,2026-06-22
US.US_2Y_TREASURY_RATE_M.FRED,US,US,USA,美国,United States,US_2Y_TREASURY_RATE_M,美国2年期国债收益率,U.S. 2-Year Treasury Rate,2019-06,M,%,NSA,level,1.81,FRED,Federal Reserve Economic Data,GS2,U.S. 2-Year Treasury Rate,https://fred.stlouisfed.org/series/GS2,2026-06-22,final,2026-06-22 16:46:29,2026-06-22
US.US_2Y_TREASURY_RATE_M.FRED,US,US,USA,美国,United States,US_2Y_TREASURY_RATE_M,美国2年期国债收益率,U.S. 2-Year Treasury Rate,2019-07,M,%,NSA,level,1.84,FRED,Federal Reserve Economic Data,GS2,U.S. 2-Year Treasury Rate,https://fred.stlouisfed.org/series/GS2,2026-06-22,final,2026-06-22 16:46:29,2026-06-22
US.US_2Y_TREASURY_RATE_M.FRED,US,US,USA,美国,United States,US_2Y_TREASURY_RATE_M,美国2年期国债收益率,U.S. 2-Year Treasury Rate,2019-08,M,%,NSA,level,1.57,FRED,Federal Reserve Economic Data,GS2,U.S. 2-Year Treasury Rate,https://fred.stlouisfed.org/series/GS2,2026-06-22,final,2026-06-22 16:46:29,2026-06-22
US.US_2Y_TREASURY_RATE_M.FRED,US,US,USA,美国,United States,US_2Y_TREASURY_RATE_M,美国2年期国债收益率,U.S. 2-Year Treasury Rate,2019-09,M,%,NSA,level,1.65,FRED,Federal Reserve Economic Data,GS2,U.S. 2-Year Treasury Rate,https://fred.stlouisfed.org/series/GS2,2026-06-22,final,2026-06-22 16:46:29,2026-06-22
US.US_2Y_TREASURY_RATE_M.FRED,US,US,USA,美国,United States,US_2Y_TREASURY_RATE_M,美国2年期国债收益率,U.S. 2-Year Treasury Rate,2019-10,M,%,NSA,level,1.55,FRED,Federal Reserve Economic Data,GS2,U.S. 2-Year Treasury Rate,https://fred.stlouisfed.org/series/GS2,2026-06-22,final,2026-06-22 16:46:29,2026-06-22
US.US_2Y_TREASURY_RATE_M.FRED,US,US,USA,美国,United States,US_2Y_TREASURY_RATE_M,美国2年期国债收益率,U.S. 2-Year Treasury Rate,2019-11,M,%,NSA,level,1.61,FRED,Federal Reserve Economic Data,GS2,U.S. 2-Year Treasury Rate,https://fred.stlouisfed.org/series/GS2,2026-06-22,final,2026-06-22 16:46:29,2026-06-22
US.US_2Y_TREASURY_RATE_M.FRED,US,US,USA,美国,United States,US_2Y_TREASURY_RATE_M,美国2年期国债收益率,U.S. 2-Year Treasury Rate,2019-12,M,%,NSA,level,1.61,FRED,Federal Reserve Economic Data,GS2,U.S. 2-Year Treasury Rate,https://fred.stlouisfed.org/series/GS2,2026-06-22,final,2026-06-22 16:46:29,2026-06-22
US.US_2Y_TREASURY_RATE_M.FRED,US,US,USA,美国,United States,US_2Y_TREASURY_RATE_M,美国2年期国债收益率,U.S. 2-Year Treasury Rate,2020-01,M,%,NSA,level,1.52,FRED,Federal Reserve Economic Data,GS2,U.S. 2-Year Treasury Rate,https://fred.stlouisfed.org/series/GS2,2026-06-22,final,2026-06-22 16:46:29,2026-06-22
US.US_2Y_TREASURY_RATE_M.FRED,US,US,USA,美国,United States,US_2Y_TREASURY_RATE_M,美国2年期国债收益率,U.S. 2-Year Treasury Rate,2020-02,M,%,NSA,level,1.33,FRED,Federal Reserve Economic Data,GS2,U.S. 2-Year Treasury Rate,https://fred.stlouisfed.org/series/GS2,2026-06-22,final,2026-06-22 16:46:29,2026-06-22
US.US_2Y_TREASURY_RATE_M.FRED,US,US,USA,美国,United States,US_2Y_TREASURY_RATE_M,美国2年期国债收益率,U.S. 2-Year Treasury Rate,2020-03,M,%,NSA,level,0.45,FRED,Federal Reserve Economic Data,GS2,U.S. 2-Year Treasury Rate,https://fred.stlouisfed.org/series/GS2,2026-06-22,final,2026-06-22 16:46:29,2026-06-22
US.US_2Y_TREASURY_RATE_M.FRED,US,US,USA,美国,United States,US_2Y_TREASURY_RATE_M,美国2年期国债收益率,U.S. 2-Year Treasury Rate,2020-04,M,%,NSA,level,0.22,FRED,Federal Reserve Economic Data,GS2,U.S. 2-Year Treasury Rate,https://fred.stlouisfed.org/series/GS2,2026-06-22,final,2026-06-22 16:46:29,2026-06-22
US.US_2Y_TREASURY_RATE_M.FRED,US,US,USA,美国,United States,US_2Y_TREASURY_RATE_M,美国2年期国债收益率,U.S. 2-Year Treasury Rate,2020-05,M,%,NSA,level,0.17,FRED,Federal Reserve Economic Data,GS2,U.S. 2-Year Treasury Rate,https://fred.stlouisfed.org/series/GS2,2026-06-22,final,2026-06-22 16:46:29,2026-06-22
US.US_2Y_TREASURY_RATE_M.FRED,US,US,USA,美国,United States,US_2Y_TREASURY_RATE_M,美国2年期国债收益率,U.S. 2-Year Treasury Rate,2020-06,M,%,NSA,level,0.19,FRED,Federal Reserve Economic Data,GS2,U.S. 2-Year Treasury Rate,https://fred.stlouisfed.org/series/GS2,2026-06-22,final,2026-06-22 16:46:29,2026-06-22
US.US_2Y_TREASURY_RATE_M.FRED,US,US,USA,美国,United States,US_2Y_TREASURY_RATE_M,美国2年期国债收益率,U.S. 2-Year Treasury Rate,2020-07,M,%,NSA,level,0.15,FRED,Federal Reserve Economic Data,GS2,U.S. 2-Year Treasury Rate,https://fred.stlouisfed.org/series/GS2,2026-06-22,final,2026-06-22 16:46:29,2026-06-22
US.US_2Y_TREASURY_RATE_M.FRED,US,US,USA,美国,United States,US_2Y_TREASURY_RATE_M,美国2年期国债收益率,U.S. 2-Year Treasury Rate,2020-08,M,%,NSA,level,0.14,FRED,Federal Reserve Economic Data,GS2,U.S. 2-Year Treasury Rate,https://fred.stlouisfed.org/series/GS2,2026-06-22,final,2026-06-22 16:46:29,2026-06-22
US.US_2Y_TREASURY_RATE_M.FRED,US,US,USA,美国,United States,US_2Y_TREASURY_RATE_M,美国2年期国债收益率,U.S. 2-Year Treasury Rate,2020-09,M,%,NSA,level,0.13,FRED,Federal Reserve Economic Data,GS2,U.S. 2-Year Treasury Rate,https://fred.stlouisfed.org/series/GS2,2026-06-22,final,2026-06-22 16:46:29,2026-06-22
US.US_2Y_TREASURY_RATE_M.FRED,US,US,USA,美国,United States,US_2Y_TREASURY_RATE_M,美国2年期国债收益率,U.S. 2-Year Treasury Rate,2020-10,M,%,NSA,level,0.15,FRED,Federal Reserve Economic Data,GS2,U.S. 2-Year Treasury Rate,https://fred.stlouisfed.org/series/GS2,2026-06-22,final,2026-06-22 16:46:29,2026-06-22
US.US_2Y_TREASURY_RATE_M.FRED,US,US,USA,美国,United States,US_2Y_TREASURY_RATE_M,美国2年期国债收益率,U.S. 2-Year Treasury Rate,2020-11,M,%,NSA,level,0.17,FRED,Federal Reserve Economic Data,GS2,U.S. 2-Year Treasury Rate,https://fred.stlouisfed.org/series/GS2,2026-06-22,final,2026-06-22 16:46:29,2026-06-22
US.US_2Y_TREASURY_RATE_M.FRED,US,US,USA,美国,United States,US_2Y_TREASURY_RATE_M,美国2年期国债收益率,U.S. 2-Year Treasury Rate,2020-12,M,%,NSA,level,0.14,FRED,Federal Reserve Economic Data,GS2,U.S. 2-Year Treasury Rate,https://fred.stlouisfed.org/series/GS2,2026-06-22,final,2026-06-22 16:46:29,2026-06-22
US.US_2Y_TREASURY_RATE_M.FRED,US,US,USA,美国,United States,US_2Y_TREASURY_RATE_M,美国2年期国债收益率,U.S. 2-Year Treasury Rate,2021-01,M,%,NSA,level,0.13,FRED,Federal Reserve Economic Data,GS2,U.S. 2-Year Treasury Rate,https://fred.stlouisfed.org/series/GS2,2026-06-22,final,2026-06-22 16:46:29,2026-06-22
US.US_2Y_TREASURY_RATE_M.FRED,US,US,USA,美国,United States,US_2Y_TREASURY_RATE_M,美国2年期国债收益率,U.S. 2-Year Treasury Rate,2021-02,M,%,NSA,level,0.12,FRED,Federal Reserve Economic Data,GS2,U.S. 2-Year Treasury Rate,https://fred.stlouisfed.org/series/GS2,2026-06-22,final,2026-06-22 16:46:29,2026-06-22
US.US_2Y_TREASURY_RATE_M.FRED,US,US,USA,美国,United States,US_2Y_TREASURY_RATE_M,美国2年期国债收益率,U.S. 2-Year Treasury Rate,2021-03,M,%,NSA,level,0.15,FRED,Federal Reserve Economic Data,GS2,U.S. 2-Year Treasury Rate,https://fred.stlouisfed.org/series/GS2,2026-06-22,final,2026-06-22 16:46:29,2026-06-22
US.US_2Y_TREASURY_RATE_M.FRED,US,US,USA,美国,United States,US_2Y_TREASURY_RATE_M,美国2年期国债收益率,U.S. 2-Year Treasury Rate,2021-04,M,%,NSA,level,0.16,FRED,Federal Reserve Economic Data,GS2,U.S. 2-Year Treasury Rate,https://fred.stlouisfed.org/series/GS2,2026-06-22,final,2026-06-22 16:46:29,2026-06-22
US.US_2Y_TREASURY_RATE_M.FRED,US,US,USA,美国,United States,US_2Y_TREASURY_RATE_M,美国2年期国债收益率,U.S. 2-Year Treasury Rate,2021-05,M,%,NSA,level,0.16,FRED,Federal Reserve Economic Data,GS2,U.S. 2-Year Treasury Rate,https://fred.stlouisfed.org/series/GS2,2026-06-22,final,2026-06-22 16:46:29,2026-06-22
US.US_2Y_TREASURY_RATE_M.FRED,US,US,USA,美国,United States,US_2Y_TREASURY_RATE_M,美国2年期国债收益率,U.S. 2-Year Treasury Rate,2021-06,M,%,NSA,level,0.2,FRED,Federal Reserve Economic Data,GS2,U.S. 2-Year Treasury Rate,https://fred.stlouisfed.org/series/GS2,2026-06-22,final,2026-06-22 16:46:29,2026-06-22
US.US_2Y_TREASURY_RATE_M.FRED,US,US,USA,美国,United States,US_2Y_TREASURY_RATE_M,美国2年期国债收益率,U.S. 2-Year Treasury Rate,2021-07,M,%,NSA,level,0.22,FRED,Federal Reserve Economic Data,GS2,U.S. 2-Year Treasury Rate,https://fred.stlouisfed.org/series/GS2,2026-06-22,final,2026-06-22 16:46:29,2026-06-22
US.US_2Y_TREASURY_RATE_M.FRED,US,US,USA,美国,United States,US_2Y_TREASURY_RATE_M,美国2年期国债收益率,U.S. 2-Year Treasury Rate,2021-08,M,%,NSA,level,0.22,FRED,Federal Reserve Economic Data,GS2,U.S. 2-Year Treasury Rate,https://fred.stlouisfed.org/series/GS2,2026-06-22,final,2026-06-22 16:46:29,2026-06-22
US.US_2Y_TREASURY_RATE_M.FRED,US,US,USA,美国,United States,US_2Y_TREASURY_RATE_M,美国2年期国债收益率,U.S. 2-Year Treasury Rate,2021-09,M,%,NSA,level,0.24,FRED,Federal Reserve Economic Data,GS2,U.S. 2-Year Treasury Rate,https://fred.stlouisfed.org/series/GS2,2026-06-22,final,2026-06-22 16:46:29,2026-06-22
US.US_2Y_TREASURY_RATE_M.FRED,US,US,USA,美国,United States,US_2Y_TREASURY_RATE_M,美国2年期国债收益率,U.S. 2-Year Treasury Rate,2021-10,M,%,NSA,level,0.39,FRED,Federal Reserve Economic Data,GS2,U.S. 2-Year Treasury Rate,https://fred.stlouisfed.org/series/GS2,2026-06-22,final,2026-06-22 16:46:29,2026-06-22
US.US_2Y_TREASURY_RATE_M.FRED,US,US,USA,美国,United States,US_2Y_TREASURY_RATE_M,美国2年期国债收益率,U.S. 2-Year Treasury Rate,2021-11,M,%,NSA,level,0.51,FRED,Federal Reserve Economic Data,GS2,U.S. 2-Year Treasury Rate,https://fred.stlouisfed.org/series/GS2,2026-06-22,final,2026-06-22 16:46:29,2026-06-22
US.US_2Y_TREASURY_RATE_M.FRED,US,US,USA,美国,United States,US_2Y_TREASURY_RATE_M,美国2年期国债收益率,U.S. 2-Year Treasury Rate,2021-12,M,%,NSA,level,0.68,FRED,Federal Reserve Economic Data,GS2,U.S. 2-Year Treasury Rate,https://fred.stlouisfed.org/series/GS2,2026-06-22,final,2026-06-22 16:46:29,2026-06-22
US.US_2Y_TREASURY_RATE_M.FRED,US,US,USA,美国,United States,US_2Y_TREASURY_RATE_M,美国2年期国债收益率,U.S. 2-Year Treasury Rate,2022-01,M,%,NSA,level,0.98,FRED,Federal Reserve Economic Data,GS2,U.S. 2-Year Treasury Rate,https://fred.stlouisfed.org/series/GS2,2026-06-22,final,2026-06-22 16:46:29,2026-06-22
US.US_2Y_TREASURY_RATE_M.FRED,US,US,USA,美国,United States,US_2Y_TREASURY_RATE_M,美国2年期国债收益率,U.S. 2-Year Treasury Rate,2022-02,M,%,NSA,level,1.44,FRED,Federal Reserve Economic Data,GS2,U.S. 2-Year Treasury Rate,https://fred.stlouisfed.org/series/GS2,2026-06-22,final,2026-06-22 16:46:29,2026-06-22
US.US_2Y_TREASURY_RATE_M.FRED,US,US,USA,美国,United States,US_2Y_TREASURY_RATE_M,美国2年期国债收益率,U.S. 2-Year Treasury Rate,2022-03,M,%,NSA,level,1.91,FRED,Federal Reserve Economic Data,GS2,U.S. 2-Year Treasury Rate,https://fred.stlouisfed.org/series/GS2,2026-06-22,final,2026-06-22 16:46:29,2026-06-22
US.US_2Y_TREASURY_RATE_M.FRED,US,US,USA,美国,United States,US_2Y_TREASURY_RATE_M,美国2年期国债收益率,U.S. 2-Year Treasury Rate,2022-04,M,%,NSA,level,2.54,FRED,Federal Reserve Economic Data,GS2,U.S. 2-Year Treasury Rate,https://fred.stlouisfed.org/series/GS2,2026-06-22,final,2026-06-22 16:46:29,2026-06-22
US.US_2Y_TREASURY_RATE_M.FRED,US,US,USA,美国,United States,US_2Y_TREASURY_RATE_M,美国2年期国债收益率,U.S. 2-Year Treasury Rate,2022-05,M,%,NSA,level,2.62,FRED,Federal Reserve Economic Data,GS2,U.S. 2-Year Treasury Rate,https://fred.stlouisfed.org/series/GS2,2026-06-22,final,2026-06-22 16:46:29,2026-06-22
US.US_2Y_TREASURY_RATE_M.FRED,US,US,USA,美国,United States,US_2Y_TREASURY_RATE_M,美国2年期国债收益率,U.S. 2-Year Treasury Rate,2022-06,M,%,NSA,level,3.0,FRED,Federal Reserve Economic Data,GS2,U.S. 2-Year Treasury Rate,https://fred.stlouisfed.org/series/GS2,2026-06-22,final,2026-06-22 16:46:29,2026-06-22
US.US_2Y_TREASURY_RATE_M.FRED,US,US,USA,美国,United States,US_2Y_TREASURY_RATE_M,美国2年期国债收益率,U.S. 2-Year Treasury Rate,2022-07,M,%,NSA,level,3.04,FRED,Federal Reserve Economic Data,GS2,U.S. 2-Year Treasury Rate,https://fred.stlouisfed.org/series/GS2,2026-06-22,final,2026-06-22 16:46:29,2026-06-22
US.US_2Y_TREASURY_RATE_M.FRED,US,US,USA,美国,United States,US_2Y_TREASURY_RATE_M,美国2年期国债收益率,U.S. 2-Year Treasury Rate,2022-08,M,%,NSA,level,3.25,FRED,Federal Reserve Economic Data,GS2,U.S. 2-Year Treasury Rate,https://fred.stlouisfed.org/series/GS2,2026-06-22,final,2026-06-22 16:46:29,2026-06-22
US.US_2Y_TREASURY_RATE_M.FRED,US,US,USA,美国,United States,US_2Y_TREASURY_RATE_M,美国2年期国债收益率,U.S. 2-Year Treasury Rate,2022-09,M,%,NSA,level,3.86,FRED,Federal Reserve Economic Data,GS2,U.S. 2-Year Treasury Rate,https://fred.stlouisfed.org/series/GS2,2026-06-22,final,2026-06-22 16:46:29,2026-06-22
US.US_2Y_TREASURY_RATE_M.FRED,US,US,USA,美国,United States,US_2Y_TREASURY_RATE_M,美国2年期国债收益率,U.S. 2-Year Treasury Rate,2022-10,M,%,NSA,level,4.38,FRED,Federal Reserve Economic Data,GS2,U.S. 2-Year Treasury Rate,https://fred.stlouisfed.org/series/GS2,2026-06-22,final,2026-06-22 16:46:29,2026-06-22
US.US_2Y_TREASURY_RATE_M.FRED,US,US,USA,美国,United States,US_2Y_TREASURY_RATE_M,美国2年期国债收益率,U.S. 2-Year Treasury Rate,2022-11,M,%,NSA,level,4.5,FRED,Federal Reserve Economic Data,GS2,U.S. 2-Year Treasury Rate,https://fred.stlouisfed.org/series/GS2,2026-06-22,final,2026-06-22 16:46:29,2026-06-22
US.US_2Y_TREASURY_RATE_M.FRED,US,US,USA,美国,United States,US_2Y_TREASURY_RATE_M,美国2年期国债收益率,U.S. 2-Year Treasury Rate,2022-12,M,%,NSA,level,4.29,FRED,Federal Reserve Economic Data,GS2,U.S. 2-Year Treasury Rate,https://fred.stlouisfed.org/series/GS2,2026-06-22,final,2026-06-22 16:46:29,2026-06-22
US.US_2Y_TREASURY_RATE_M.FRED,US,US,USA,美国,United States,US_2Y_TREASURY_RATE_M,美国2年期国债收益率,U.S. 2-Year Treasury Rate,2023-01,M,%,NSA,level,4.21,FRED,Federal Reserve Economic Data,GS2,U.S. 2-Year Treasury Rate,https://fred.stlouisfed.org/series/GS2,2026-06-22,final,2026-06-22 16:46:29,2026-06-22
US.US_2Y_TREASURY_RATE_M.FRED,US,US,USA,美国,United States,US_2Y_TREASURY_RATE_M,美国2年期国债收益率,U.S. 2-Year Treasury Rate,2023-02,M,%,NSA,level,4.53,FRED,Federal Reserve Economic Data,GS2,U.S. 2-Year Treasury Rate,https://fred.stlouisfed.org/series/GS2,2026-06-22,final,2026-06-22 16:46:29,2026-06-22
US.US_2Y_TREASURY_RATE_M.FRED,US,US,USA,美国,United States,US_2Y_TREASURY_RATE_M,美国2年期国债收益率,U.S. 2-Year Treasury Rate,2023-03,M,%,NSA,level,4.3,FRED,Federal Reserve Economic Data,GS2,U.S. 2-Year Treasury Rate,https://fred.stlouisfed.org/series/GS2,2026-06-22,final,2026-06-22 16:46:29,2026-06-22
US.US_2Y_TREASURY_RATE_M.FRED,US,US,USA,美国,United States,US_2Y_TREASURY_RATE_M,美国2年期国债收益率,U.S. 2-Year Treasury Rate,2023-04,M,%,NSA,level,4.02,FRED,Federal Reserve Economic Data,GS2,U.S. 2-Year Treasury Rate,https://fred.stlouisfed.org/series/GS2,2026-06-22,final,2026-06-22 16:46:29,2026-06-22
US.US_2Y_TREASURY_RATE_M.FRED,US,US,USA,美国,United States,US_2Y_TREASURY_RATE_M,美国2年期国债收益率,U.S. 2-Year Treasury Rate,2023-05,M,%,NSA,level,4.13,FRED,Federal Reserve Economic Data,GS2,U.S. 2-Year Treasury Rate,https://fred.stlouisfed.org/series/GS2,2026-06-22,final,2026-06-22 16:46:29,2026-06-22
US.US_2Y_TREASURY_RATE_M.FRED,US,US,USA,美国,United States,US_2Y_TREASURY_RATE_M,美国2年期国债收益率,U.S. 2-Year Treasury Rate,2023-06,M,%,NSA,level,4.64,FRED,Federal Reserve Economic Data,GS2,U.S. 2-Year Treasury Rate,https://fred.stlouisfed.org/series/GS2,2026-06-22,final,2026-06-22 16:46:29,2026-06-22
US.US_2Y_TREASURY_RATE_M.FRED,US,US,USA,美国,United States,US_2Y_TREASURY_RATE_M,美国2年期国债收益率,U.S. 2-Year Treasury Rate,2023-07,M,%,NSA,level,4.83,FRED,Federal Reserve Economic Data,GS2,U.S. 2-Year Treasury Rate,https://fred.stlouisfed.org/series/GS2,2026-06-22,final,2026-06-22 16:46:29,2026-06-22
US.US_2Y_TREASURY_RATE_M.FRED,US,US,USA,美国,United States,US_2Y_TREASURY_RATE_M,美国2年期国债收益率,U.S. 2-Year Treasury Rate,2023-08,M,%,NSA,level,4.9,FRED,Federal Reserve Economic Data,GS2,U.S. 2-Year Treasury Rate,https://fred.stlouisfed.org/series/GS2,2026-06-22,final,2026-06-22 16:46:29,2026-06-22
US.US_2Y_TREASURY_RATE_M.FRED,US,US,USA,美国,United States,US_2Y_TREASURY_RATE_M,美国2年期国债收益率,U.S. 2-Year Treasury Rate,2023-09,M,%,NSA,level,5.02,FRED,Federal Reserve Economic Data,GS2,U.S. 2-Year Treasury Rate,https://fred.stlouisfed.org/series/GS2,2026-06-22,final,2026-06-22 16:46:29,2026-06-22
US.US_2Y_TREASURY_RATE_M.FRED,US,US,USA,美国,United States,US_2Y_TREASURY_RATE_M,美国2年期国债收益率,U.S. 2-Year Treasury Rate,2023-10,M,%,NSA,level,5.07,FRED,Federal Reserve Economic Data,GS2,U.S. 2-Year Treasury Rate,https://fred.stlouisfed.org/series/GS2,2026-06-22,final,2026-06-22 16:46:29,2026-06-22
US.US_2Y_TREASURY_RATE_M.FRED,US,US,USA,美国,United States,US_2Y_TREASURY_RATE_M,美国2年期国债收益率,U.S. 2-Year Treasury Rate,2023-11,M,%,NSA,level,4.88,FRED,Federal Reserve Economic Data,GS2,U.S. 2-Year Treasury Rate,https://fred.stlouisfed.org/series/GS2,2026-06-22,final,2026-06-22 16:46:29,2026-06-22
US.US_2Y_TREASURY_RATE_M.FRED,US,US,USA,美国,United States,US_2Y_TREASURY_RATE_M,美国2年期国债收益率,U.S. 2-Year Treasury Rate,2023-12,M,%,NSA,level,4.46,FRED,Federal Reserve Economic Data,GS2,U.S. 2-Year Treasury Rate,https://fred.stlouisfed.org/series/GS2,2026-06-22,final,2026-06-22 16:46:29,2026-06-22
US.US_2Y_TREASURY_RATE_M.FRED,US,US,USA,美国,United States,US_2Y_TREASURY_RATE_M,美国2年期国债收益率,U.S. 2-Year Treasury Rate,2024-01,M,%,NSA,level,4.32,FRED,Federal Reserve Economic Data,GS2,U.S. 2-Year Treasury Rate,https://fred.stlouisfed.org/series/GS2,2026-06-22,final,2026-06-22 16:46:29,2026-06-22
US.US_2Y_TREASURY_RATE_M.FRED,US,US,USA,美国,United States,US_2Y_TREASURY_RATE_M,美国2年期国债收益率,U.S. 2-Year Treasury Rate,2024-02,M,%,NSA,level,4.54,FRED,Federal Reserve Economic Data,GS2,U.S. 2-Year Treasury Rate,https://fred.stlouisfed.org/series/GS2,2026-06-22,final,2026-06-22 16:46:29,2026-06-22
US.US_2Y_TREASURY_RATE_M.FRED,US,US,USA,美国,United States,US_2Y_TREASURY_RATE_M,美国2年期国债收益率,U.S. 2-Year Treasury Rate,2024-03,M,%,NSA,level,4.59,FRED,Federal Reserve Economic Data,GS2,U.S. 2-Year Treasury Rate,https://fred.stlouisfed.org/series/GS2,2026-06-22,final,2026-06-22 16:46:29,2026-06-22
US.US_2Y_TREASURY_RATE_M.FRED,US,US,USA,美国,United States,US_2Y_TREASURY_RATE_M,美国2年期国债收益率,U.S. 2-Year Treasury Rate,2024-04,M,%,NSA,level,4.87,FRED,Federal Reserve Economic Data,GS2,U.S. 2-Year Treasury Rate,https://fred.stlouisfed.org/series/GS2,2026-06-22,final,2026-06-22 16:46:29,2026-06-22
US.US_2Y_TREASURY_RATE_M.FRED,US,US,USA,美国,United States,US_2Y_TREASURY_RATE_M,美国2年期国债收益率,U.S. 2-Year Treasury Rate,2024-05,M,%,NSA,level,4.86,FRED,Federal Reserve Economic Data,GS2,U.S. 2-Year Treasury Rate,https://fred.stlouisfed.org/series/GS2,2026-06-22,final,2026-06-22 16:46:29,2026-06-22
US.US_2Y_TREASURY_RATE_M.FRED,US,US,USA,美国,United States,US_2Y_TREASURY_RATE_M,美国2年期国债收益率,U.S. 2-Year Treasury Rate,2024-06,M,%,NSA,level,4.74,FRED,Federal Reserve Economic Data,GS2,U.S. 2-Year Treasury Rate,https://fred.stlouisfed.org/series/GS2,2026-06-22,final,2026-06-22 16:46:29,2026-06-22
US.US_2Y_TREASURY_RATE_M.FRED,US,US,USA,美国,United States,US_2Y_TREASURY_RATE_M,美国2年期国债收益率,U.S. 2-Year Treasury Rate,2024-07,M,%,NSA,level,4.5,FRED,Federal Reserve Economic Data,GS2,U.S. 2-Year Treasury Rate,https://fred.stlouisfed.org/series/GS2,2026-06-22,final,2026-06-22 16:46:29,2026-06-22
US.US_2Y_TREASURY_RATE_M.FRED,US,US,USA,美国,United States,US_2Y_TREASURY_RATE_M,美国2年期国债收益率,U.S. 2-Year Treasury Rate,2024-08,M,%,NSA,level,3.97,FRED,Federal Reserve Economic Data,GS2,U.S. 2-Year Treasury Rate,https://fred.stlouisfed.org/series/GS2,2026-06-22,final,2026-06-22 16:46:29,2026-06-22
US.US_2Y_TREASURY_RATE_M.FRED,US,US,USA,美国,United States,US_2Y_TREASURY_RATE_M,美国2年期国债收益率,U.S. 2-Year Treasury Rate,2024-09,M,%,NSA,level,3.62,FRED,Federal Reserve Economic Data,GS2,U.S. 2-Year Treasury Rate,https://fred.stlouisfed.org/series/GS2,2026-06-22,final,2026-06-22 16:46:29,2026-06-22
US.US_2Y_TREASURY_RATE_M.FRED,US,US,USA,美国,United States,US_2Y_TREASURY_RATE_M,美国2年期国债收益率,U.S. 2-Year Treasury Rate,2024-10,M,%,NSA,level,3.97,FRED,Federal Reserve Economic Data,GS2,U.S. 2-Year Treasury Rate,https://fred.stlouisfed.org/series/GS2,2026-06-22,final,2026-06-22 16:46:29,2026-06-22
US.US_2Y_TREASURY_RATE_M.FRED,US,US,USA,美国,United States,US_2Y_TREASURY_RATE_M,美国2年期国债收益率,U.S. 2-Year Treasury Rate,2024-11,M,%,NSA,level,4.26,FRED,Federal Reserve Economic Data,GS2,U.S. 2-Year Treasury Rate,https://fred.stlouisfed.org/series/GS2,2026-06-22,final,2026-06-22 16:46:29,2026-06-22
US.US_2Y_TREASURY_RATE_M.FRED,US,US,USA,美国,United States,US_2Y_TREASURY_RATE_M,美国2年期国债收益率,U.S. 2-Year Treasury Rate,2024-12,M,%,NSA,level,4.23,FRED,Federal Reserve Economic Data,GS2,U.S. 2-Year Treasury Rate,https://fred.stlouisfed.org/series/GS2,2026-06-22,final,2026-06-22 16:46:29,2026-06-22
US.US_2Y_TREASURY_RATE_M.FRED,US,US,USA,美国,United States,US_2Y_TREASURY_RATE_M,美国2年期国债收益率,U.S. 2-Year Treasury Rate,2025-01,M,%,NSA,level,4.27,FRED,Federal Reserve Economic Data,GS2,U.S. 2-Year Treasury Rate,https://fred.stlouisfed.org/series/GS2,2026-06-22,final,2026-06-22 16:46:29,2026-06-22
US.US_2Y_TREASURY_RATE_M.FRED,US,US,USA,美国,United States,US_2Y_TREASURY_RATE_M,美国2年期国债收益率,U.S. 2-Year Treasury Rate,2025-02,M,%,NSA,level,4.21,FRED,Federal Reserve Economic Data,GS2,U.S. 2-Year Treasury Rate,https://fred.stlouisfed.org/series/GS2,2026-06-22,final,2026-06-22 16:46:29,2026-06-22
US.US_2Y_TREASURY_RATE_M.FRED,US,US,USA,美国,United States,US_2Y_TREASURY_RATE_M,美国2年期国债收益率,U.S. 2-Year Treasury Rate,2025-03,M,%,NSA,level,3.97,FRED,Federal Reserve Economic Data,GS2,U.S. 2-Year Treasury Rate,https://fred.stlouisfed.org/series/GS2,2026-06-22,final,2026-06-22 16:46:29,2026-06-22
US.US_2Y_TREASURY_RATE_M.FRED,US,US,USA,美国,United States,US_2Y_TREASURY_RATE_M,美国2年期国债收益率,U.S. 2-Year Treasury Rate,2025-04,M,%,NSA,level,3.78,FRED,Federal Reserve Economic Data,GS2,U.S. 2-Year Treasury Rate,https://fred.stlouisfed.org/series/GS2,2026-06-22,final,2026-06-22 16:46:29,2026-06-22
US.US_2Y_TREASURY_RATE_M.FRED,US,US,USA,美国,United States,US_2Y_TREASURY_RATE_M,美国2年期国债收益率,U.S. 2-Year Treasury Rate,2025-05,M,%,NSA,level,3.92,FRED,Federal Reserve Economic Data,GS2,U.S. 2-Year Treasury Rate,https://fred.stlouisfed.org/series/GS2,2026-06-22,final,2026-06-22 16:46:29,2026-06-22
US.US_2Y_TREASURY_RATE_M.FRED,US,US,USA,美国,United States,US_2Y_TREASURY_RATE_M,美国2年期国债收益率,U.S. 2-Year Treasury Rate,2025-06,M,%,NSA,level,3.89,FRED,Federal Reserve Economic Data,GS2,U.S. 2-Year Treasury Rate,https://fred.stlouisfed.org/series/GS2,2026-06-22,final,2026-06-22 16:46:29,2026-06-22
US.US_2Y_TREASURY_RATE_M.FRED,US,US,USA,美国,United States,US_2Y_TREASURY_RATE_M,美国2年期国债收益率,U.S. 2-Year Treasury Rate,2025-07,M,%,NSA,level,3.88,FRED,Federal Reserve Economic Data,GS2,U.S. 2-Year Treasury Rate,https://fred.stlouisfed.org/series/GS2,2026-06-22,final,2026-06-22 16:46:29,2026-06-22
US.US_2Y_TREASURY_RATE_M.FRED,US,US,USA,美国,United States,US_2Y_TREASURY_RATE_M,美国2年期国债收益率,U.S. 2-Year Treasury Rate,2025-08,M,%,NSA,level,3.7,FRED,Federal Reserve Economic Data,GS2,U.S. 2-Year Treasury Rate,https://fred.stlouisfed.org/series/GS2,2026-06-22,final,2026-06-22 16:46:29,2026-06-22
US.US_2Y_TREASURY_RATE_M.FRED,US,US,USA,美国,United States,US_2Y_TREASURY_RATE_M,美国2年期国债收益率,U.S. 2-Year Treasury Rate,2025-09,M,%,NSA,level,3.57,FRED,Federal Reserve Economic Data,GS2,U.S. 2-Year Treasury Rate,https://fred.stlouisfed.org/series/GS2,2026-06-22,final,2026-06-22 16:46:29,2026-06-22
US.US_2Y_TREASURY_RATE_M.FRED,US,US,USA,美国,United States,US_2Y_TREASURY_RATE_M,美国2年期国债收益率,U.S. 2-Year Treasury Rate,2025-10,M,%,NSA,level,3.52,FRED,Federal Reserve Economic Data,GS2,U.S. 2-Year Treasury Rate,https://fred.stlouisfed.org/series/GS2,2026-06-22,final,2026-06-22 16:46:29,2026-06-22
US.US_2Y_TREASURY_RATE_M.FRED,US,US,USA,美国,United States,US_2Y_TREASURY_RATE_M,美国2年期国债收益率,U.S. 2-Year Treasury Rate,2025-11,M,%,NSA,level,3.55,FRED,Federal Reserve Economic Data,GS2,U.S. 2-Year Treasury Rate,https://fred.stlouisfed.org/series/GS2,2026-06-22,final,2026-06-22 16:46:29,2026-06-22
US.US_2Y_TREASURY_RATE_M.FRED,US,US,USA,美国,United States,US_2Y_TREASURY_RATE_M,美国2年期国债收益率,U.S. 2-Year Treasury Rate,2025-12,M,%,NSA,level,3.5,FRED,Federal Reserve Economic Data,GS2,U.S. 2-Year Treasury Rate,https://fred.stlouisfed.org/series/GS2,2026-06-22,final,2026-06-22 16:46:29,2026-06-22
US.US_2Y_TREASURY_RATE_M.FRED,US,US,USA,美国,United States,US_2Y_TREASURY_RATE_M,美国2年期国债收益率,U.S. 2-Year Treasury Rate,2026-01,M,%,NSA,level,3.54,FRED,Federal Reserve Economic Data,GS2,U.S. 2-Year Treasury Rate,https://fred.stlouisfed.org/series/GS2,2026-06-22,final,2026-06-22 16:46:29,2026-06-22
US.US_2Y_TREASURY_RATE_M.FRED,US,US,USA,美国,United States,US_2Y_TREASURY_RATE_M,美国2年期国债收益率,U.S. 2-Year Treasury Rate,2026-02,M,%,NSA,level,3.47,FRED,Federal Reserve Economic Data,GS2,U.S. 2-Year Treasury Rate,https://fred.stlouisfed.org/series/GS2,2026-06-22,final,2026-06-22 16:46:29,2026-06-22
US.US_2Y_TREASURY_RATE_M.FRED,US,US,USA,美国,United States,US_2Y_TREASURY_RATE_M,美国2年期国债收益率,U.S. 2-Year Treasury Rate,2026-03,M,%,NSA,level,3.71,FRED,Federal Reserve Economic Data,GS2,U.S. 2-Year Treasury Rate,https://fred.stlouisfed.org/series/GS2,2026-06-22,final,2026-06-22 16:46:29,2026-06-22
US.US_2Y_TREASURY_RATE_M.FRED,US,US,USA,美国,United States,US_2Y_TREASURY_RATE_M,美国2年期国债收益率,U.S. 2-Year Treasury Rate,2026-04,M,%,NSA,level,3.8,FRED,Federal Reserve Economic Data,GS2,U.S. 2-Year Treasury Rate,https://fred.stlouisfed.org/series/GS2,2026-06-22,final,2026-06-22 16:46:29,2026-06-22
US.US_2Y_TREASURY_RATE_M.FRED,US,US,USA,美国,United States,US_2Y_TREASURY_RATE_M,美国2年期国债收益率,U.S. 2-Year Treasury Rate,2026-05,M,%,NSA,level,4.0,FRED,Federal Reserve Economic Data,GS2,U.S. 2-Year Treasury Rate,https://fred.stlouisfed.org/series/GS2,2026-06-22,final,2026-06-22 16:46:29,2026-06-22
